{"type": "FeatureCollection", "features": [{"type": "Feature", "properties": {"id": "border"}, "geometry": {"type": "MultiLineString", "coordinates": [[[141.72627860639693, -34.0961479868946], [141.729871, -34.10557699999999], [141.719012, -34.11489400000001], [141.708284, -34.09635200000001], [141.67745, -34.10122500000002], [141.632653, -34.121484], [141.627982, -34.14541700000001], [141.611817, -34.13902300000002], [141.61853800000003, -34.15628700000001], [141.60458, -34.149115], [141.583902, -34.15196499999995], [141.602959, -34.16225400000002], [141.589383, -34.177352999999975], [141.604947, -34.183933], [141.603285, -34.191227999999995], [141.589743, -34.186893000000005], [141.583921, -34.198816000000015], [141.560468, -34.19089999999999], [141.547738, -34.20084099999998], [141.533546, -34.19143400000001], [141.533863, -34.210696999999996], [141.510071, -34.216479], [141.506149, -34.210498], [141.518577, -34.203159], [141.506669, -34.19061899999998], [141.518744, -34.180909999999976], [141.496794, -34.155522999999995], [141.465933, -34.16575399999999], [141.450241, -34.161076999999985], [141.444539, -34.168015], [141.432802, -34.15994000000001], [141.433901, -34.145904], [141.407404, -34.14640000000001], [141.40824800000001, -34.127855999999994], [141.388118, -34.13472999999998], [141.381587, -34.12214300000002], [141.369693, -34.12020400000001], [141.368758, -34.12711500000001], [141.358972, -34.11072300000002], [141.348504, -34.11231099999999], [141.346407, -34.12434799999999], [141.324937, -34.13878199999999], [141.325922, -34.12686599999999], [141.31353, -34.12485999999999], [141.317451, -34.11241300000001], [141.30079, -34.113718000000006], [141.283701, -34.103874], [141.259566, -34.07813399999999], [141.242543, -34.087341000000016], [141.247217, -34.07320899999999], [141.241808, -34.06131499999999], [141.228468, -34.073651000000005], [141.222119, -34.061677], [141.205907, -34.06172299999999], [141.187449, -34.07929400000001], [141.193531, -34.08957600000001], [141.184951, -34.091950999999995], [141.174668, -34.073334], [141.165854, -34.083212], [141.15367, -34.08211800000001], [141.15318, -34.068915000000004], [141.143847, -34.06779900000001], [141.15344300000004, -34.06418899999999], [141.15311100000002, -34.05452100000001], [141.142973, -34.063533999999976], [141.137307, -34.05756099999997], [141.120338, -34.064866000000016], [141.094238, -34.05065599999997], [141.087257, -34.05717299999999], [141.097587, -34.070035000000004], [141.089218, -34.076696000000005], [141.08491, -34.06228800000002], [141.071951, -34.06290999999998], [141.065601, -34.05006199999998], [141.042463, -34.061100999999994], [141.04358, -34.04320000000001], [141.036145, -34.036049999999975], [141.024324, -34.059905999999984], [141.001935, -34.039284], [141.00377600000002, -34.02760399999996], [141.012366, -34.02473600000001], [141.002957, -34.02253700000001], [141.0029534385288, -34.01767404387789]], [[142.17460550683117, -34.17998533082811], [142.167293, -34.183487000000014], [142.166529, -34.171395000000004], [142.159255, -34.171482], [142.16662900000003, -34.153134], [142.14829, -34.148718], [142.138001, -34.16013100000001], [142.120113, -34.15689100000002], [142.119613, -34.174909], [142.08277, -34.173545], [142.077538, -34.157346], [142.065345, -34.150611], [142.075638, -34.131418000000004], [142.027564, -34.122980999999974], [142.023852, -34.11505399999999], [142.0294, -34.11821099999999], [142.042265, -34.105298], [142.037535, -34.09942600000002], [142.012927, -34.10524599999999], [142.022207, -34.124950000000005], [141.977651, -34.112702000000006], [141.969742, -34.11989800000002], [141.970437, -34.136107], [141.945003, -34.11947700000001], [141.934053, -34.138257], [141.925629, -34.13460499999999], [141.929784, -34.12579000000001], [141.922592, -34.11456999999997], [141.903505, -34.11114999999999], [141.884744, -34.11498400000001], [141.888789, -34.12441499999999], [141.876627, -34.13741799999998], [141.867763, -34.12865200000002], [141.853257, -34.13123300000001], [141.850694, -34.12430700000001], [141.841383, -34.13245199999999], [141.786445, -34.111684999999994], [141.776886, -34.11687799999999], [141.777897, -34.10177399999999], [141.756947, -34.112096999999984], [141.752623, -34.106242], [141.761836, -34.09753699999999], [141.746343, -34.10340300000001], [141.731459, -34.09095700000002], [141.72623637240855, -34.093630218062685]], [[142.396894339918, -34.34232835834953], [142.396566, -34.33774900000001], [142.367747, -34.32690800000001], [142.330924, -34.339377999999996], [142.294386, -34.323449999999994], [142.283873, -34.32656700000002], [142.284023, -34.31075999999998], [142.298886, -34.305702999999994], [142.286132, -34.296536], [142.273673, -34.30402099999998], [142.267332, -34.295284], [142.253057, -34.30613900000001], [142.235894, -34.306972999999985], [142.232465, -34.296749000000005], [142.248845, -34.284983], [142.248993, -34.265054], [142.23229, -34.255035999999976], [142.243579, -34.245768000000005], [142.24403, -34.23245699999997], [142.235334, -34.22374800000001], [142.244111, -34.21093], [142.23651800000002, -34.203765], [142.23313, -34.21440699999999], [142.220713, -34.182045999999985], [142.198195, -34.183432], [142.183613, -34.17567200000001], [142.17750169994144, -34.1785984589435]], [[142.4664420324103, -34.63482174908801], [142.452327, -34.633498], [142.463988, -34.626677], [142.45916, -34.616289], [142.468257, -34.61293400000002], [142.461307, -34.60656499999999], [142.471264, -34.59267700000001], [142.458363, -34.587575000000015], [142.472705, -34.576695], [142.467968, -34.56429499999996], [142.44884700000003, -34.559482999999986], [142.458747, -34.58149800000002], [142.451622, -34.584264999999995], [142.444922, -34.575489999999995], [142.430178, -34.574792999999985], [142.426062, -34.56234799999999], [142.40769300000002, -34.56797199999998], [142.405558, -34.541508], [142.390211, -34.549119000000005], [142.376705, -34.54098499999999], [142.378183, -34.532145000000014], [142.367695, -34.53044599999998], [142.400571, -34.522747], [142.374942, -34.51528399999997], [142.394681, -34.49348399999998], [142.377726, -34.49139699999998], [142.369722, -34.50381900000001], [142.359576, -34.498779], [142.364268, -34.484714999999994], [142.384163, -34.478091], [142.379267, -34.466704], [142.353334, -34.469581999999996], [142.367936, -34.43541500000001], [142.359897, -34.431933000000015], [142.364539, -34.42270399999999], [142.351836, -34.422288], [142.360695, -34.411768000000016], [142.350969, -34.39662899999998], [142.363897, -34.385679999999994], [142.373927, -34.38815100000001], [142.368057, -34.370650000000005], [142.378269, -34.36474999999998], [142.36353, -34.362158], [142.389752, -34.362798999999995], [142.384459, -34.346914999999996], [142.39367974360803, -34.344626173363224]], [[149.97659812631866, -37.501261040076216], [149.976679, -37.50506], [148.194946, -36.79625300000001], [148.182473, -36.80489500000001], [148.17959500000003, -36.79632599999999], [148.156663, -36.790013], [148.126771, -36.796451000000005], [148.120152, -36.80607899999999], [148.108888, -36.800865], [148.097983, -36.787160999999976], [148.126081, -36.75941699999999], [148.120472, -36.75630299999999], [148.132654, -36.75084700000002], [148.136703, -36.73843599999998], [148.130703, -36.734683], [148.17024300000003, -36.71279899999998], [148.211171, -36.65051899999999], [148.219547, -36.61955799999999], [148.214196, -36.61048999999998], [148.202781, -36.61191500000001], [148.217563, -36.598239], [148.20599, -36.586932000000004], [148.19033, -36.584891000000006], [148.190134, -36.57661999999999], [148.169411, -36.57369600000002], [148.160713, -36.57977600000001], [148.150489, -36.55833599999999], [148.13341, -36.566921000000015], [148.124337, -36.550642], [148.139815, -36.525445000000005], [148.11763, -36.495476000000004], [148.126424, -36.485274000000004], [148.119093, -36.48188399999999], [148.12466300000003, -36.464713], [148.087601, -36.45189500000001], [148.08028, -36.422101], [148.059945, -36.415537999999984], [148.058163, -36.400803999999994], [148.037583, -36.39022500000001], [148.045966, -36.36703799999997], [148.037836, -36.366246], [148.048959, -36.355632000000014], [148.05561300000002, -36.334385999999995], [148.051243, -36.324556999999984], [148.058941, -36.32004599999999], [148.035011, -36.310576999999995], [148.043928, -36.29947900000001], [148.035234, -36.29232900000001], [148.040119, -36.284157], [148.033753, -36.28222999999997], [148.032828, -36.26586000000002], [148.038676, -36.259221], [148.02884, -36.247044], [148.0349, -36.23411600000003], [148.026096, -36.22304200000001], [148.04062, -36.20695100000002], [148.021819, -36.176462], [148.034795, -36.16298299999998], [148.022899, -36.153456999999996], [148.035191, -36.152536000000005], [148.037726, -36.14079699999999], [148.002388, -36.140056999999985], [148.000537, -36.12435499999998], [147.990652, -36.12127199999999], [147.998229, -36.11591899999999], [147.991074, -36.11125099999998], [147.999218, -36.09865500000001], [147.980247, -36.086482], [147.982389, -36.07789099999998], [147.992889, -36.08107100000001], [147.989467, -36.06847799999999], [147.999692, -36.046204000000024], [147.99126000000004, -36.052559000000024], [147.981774, -36.040254000000004], [147.973234, -36.046313999999974], [147.97426, -36.038504999999994], [147.964964, -36.046853000000006], [147.958994, -36.04097400000001], [147.934261, -36.04763700000001], [147.923974, -36.042491], [147.923752, -36.035709], [147.931559, -36.035267000000005], [147.91149, -36.026596999999995], [147.917083, -36.011204], [147.908543, -36.00147299999998], [147.912342, -35.99519800000001], [147.895698, -35.99301799999998], [147.897506, -35.999861], [147.88288, -36.00179799999999], [147.873121, -35.991006000000006], [147.817498, -35.97974100000001], [147.806153, -35.965057], [147.776849, -35.968614], [147.766797, -35.96415800000001], [147.773261, -35.95886300000001], [147.741292, -35.95649000000001], [147.71867200000003, -35.945513], [147.708415, -35.928545], [147.68001, -35.944439], [147.646777, -35.946008000000006], [147.637771, -35.96210999999999], [147.60143800000003, -35.979118], [147.591893, -35.96985899999999], [147.549115, -35.96455000000001], [147.547654, -35.978624999999994], [147.558887, -35.972488999999975], [147.584027, -35.984648], [147.551873, -36.004094999999985], [147.521359, -35.98693600000001], [147.514925, -35.976369], [147.525267, -35.96333800000001], [147.511421, -35.96241199999999], [147.494112, -35.94354899999998], [147.481553, -35.949223], [147.478835, -35.942688999999994], [147.464072, -35.944137], [147.450685, -35.960803999999996], [147.404631, -35.943494999999984], [147.390342, -35.949266000000016], [147.392344, -35.97353300000002], [147.383679, -35.97235200000003], [147.358193, -35.99127599999999], [147.355287, -36.00983200000001], [147.345681, -36.01877199999999], [147.352825, -36.03174899999999], [147.319949, -36.06098700000002], [147.285177, -36.039438999999994], [147.242378, -36.038482], [147.206299, -36.05013599999999], [147.164456, -36.030798], [147.144361, -36.037764999999986], [147.127391, -36.01804700000002], [147.123357, -35.99449800000001], [147.111931, -36.000922], [147.11628, -36.007635], [147.10682, -36.004825000000004], [147.109228, -36.012549], [147.098074, -36.010246], [147.106364, -36.016454999999986], [147.097671, -36.015823000000005], [147.099095, -36.02619399999999], [147.09214, -36.02764999999999], [147.103712, -36.032854], [147.097003, -36.046784], [147.091582, -36.043860999999985], [147.095444, -36.05270999999999], [147.0904, -36.049225999999976], [147.061812, -36.066154999999966], [147.052963, -36.10788100000002], [147.042344, -36.10430500000001], [147.034141, -36.11523899999999], [147.022777, -36.09989499999998], [147.013473, -36.10472099999998], [147.016319, -36.08979799999999], [147.006396, -36.08911499999999], [147.007444, -36.08373200000001], [146.981298, -36.09487600000001], [146.972589, -36.082113000000014], [146.956824, -36.078061], [146.952498, -36.11078799999999], [146.943705, -36.115989], [146.926804, -36.09717800000003], [146.924058, -36.10831500000002], [146.907763, -36.11128399999999], [146.90691, -36.084945999999995], [146.880556, -36.087524], [146.872952, -36.073680999999986], [146.86453, -36.073083999999994], [146.857158, -36.084918000000016], [146.8367, -36.08207299999998], [146.825026, -36.088724000000006], [146.825542, -36.07084699999999], [146.816301, -36.074376999999984], [146.81838, -36.067834], [146.803936, -36.05519399999999], [146.79457000000002, -36.05854499999998], [146.796181, -36.065138], [146.762818, -36.059518999999995], [146.762315, -36.051665], [146.749851, -36.061277], [146.752929, -36.042112999999986], [146.730065, -36.044723999999995], [146.731645, -36.023725], [146.708878, -36.02943500000001], [146.707141, -36.036122000000006], [146.689603, -36.030446], [146.695002, -36.034315], [146.685812, -36.04057600000001], [146.675365, -36.028599], [146.680199, -36.022376], [146.655996, -36.026252000000014], [146.650336, -36.01841100000001], [146.658574, -36.014488], [146.650178, -36.013796000000006], [146.650868, -36.007735], [146.614299, -35.99647999999999], [146.60782, -35.986372], [146.618716, -35.975937], [146.61252, -35.972857999999995], [146.584147, -35.974987000000006], [146.583967, -35.983864000000004], [146.560301, -35.97639099999998], [146.552029, -35.979591999999975], [146.555958, -35.989182], [146.549581, -35.992457], [146.532293, -35.98429899999999], [146.51968100000002, -35.960604000000004], [146.502585, -35.95823500000001], [146.500674, -35.979244000000016], [146.49248, -35.985012000000026], [146.502134, -35.983187999999984], [146.499726, -35.99087], [146.467407, -35.984240000000014], [146.469966, -35.97620099999999], [146.45459500000004, -35.96224699999999], [146.444738, -35.977991], [146.437159, -35.96701500000002], [146.421673, -35.965830999999994], [146.425169, -35.973026999999995], [146.402962, -35.988780000000006], [146.399134, -36.00719900000001], [146.380606, -36.012895], [146.379594, -36.02812699999998], [146.387557, -36.035639], [146.368684, -36.050862], [146.33889, -36.02639499999999], [146.325022, -36.033542999999995], [146.329072, -36.04314399999998], [146.315875, -36.038453], [146.312986, -36.045567999999996], [146.300963, -36.03659], [146.299009, -36.04785899999999], [146.291396, -36.03895200000001], [146.283023, -36.041487999999994], [146.293104, -36.029503], [146.282181, -36.026188], [146.291125, -36.020163000000004], [146.278803, -36.01585], [146.282895, -36.01104799999999], [146.27503000000002, -36.01244100000001], [146.272859, -36.02663099999999], [146.257183, -36.01205300000001], [146.244593, -36.01834000000001], [146.25088900000003, -36.02312999999998], [146.241433, -36.023523999999995], [146.24298, -36.028784], [146.222171, -36.029921], [146.211155, -36.03886000000001], [146.211581, -36.028559000000016], [146.204747, -36.03915800000001], [146.199244, -36.027452999999994], [146.185976, -36.042071], [146.173104, -36.019293], [146.15468, -36.02515900000002], [146.145863, -36.01377600000001], [146.131357, -36.01941300000001], [146.132045, -36.010095], [146.14065, -36.008953999999996], [146.134761, -36.002546999999986], [146.118718, -36.018014], [146.107678, -36.014369000000016], [146.112378, -36.006811], [146.09147, -36.00947699999998], [146.092199, -36.021266], [146.075639, -36.01817700000001], [146.07355, -36.00963700000002], [146.059295, -36.01454800000001], [146.052346, -35.99546499999998], [146.048421, -36.003158], [146.031488, -35.994714], [146.016143, -36.00696200000001], [146.005866, -36.003569], [145.97207, -36.015746999999976], [145.971314, -36.005651], [145.958336, -36.00697300000001], [145.96481800000004, -35.99676999999998], [145.945744, -35.983808999999994], [145.951071, -35.97662600000002], [145.944304, -35.966495000000016], [145.953701, -35.96150000000001], [145.92800000000003, -35.973946999999995], [145.925821, -35.964562999999984], [145.902934, -35.96885600000002], [145.900756, -35.96152900000001], [145.910314, -35.955962], [145.902693, -35.952496000000004], [145.854042, -35.95992699999999], [145.847975, -35.968688999999976], [145.858624, -35.974814000000016], [145.845548, -35.97346000000002], [145.848589, -35.98089900000001], [145.840021, -35.98324400000002], [145.827548, -35.975438000000004], [145.828252, -35.982982], [145.811353, -35.98410199999999], [145.81668, -35.9882], [145.811662, -35.991768999999984], [145.80798, -35.98376199999999], [145.793445, -35.982817], [145.792732, -35.972800999999976], [145.777006, -35.972559000000004], [145.778211, -35.96024299999998], [145.746109, -35.964239], [145.731027, -35.958734], [145.734238, -35.951348], [145.716766, -35.95059400000003], [145.7263, -35.942312], [145.720274, -35.934449], [145.697327, -35.93650099999998], [145.695763, -35.925792], [145.70326900000003, -35.92570200000002], [145.698181, -35.920977], [145.685852, -35.93061500000002], [145.673992, -35.92592400000002], [145.679053, -35.916828999999986], [145.669121, -35.919585999999995], [145.657449, -35.900686], [145.63973000000001, -35.894239000000006], [145.62957, -35.880104999999986], [145.620321, -35.883883999999995], [145.628134, -35.875409], [145.614857, -35.872569999999996], [145.62832, -35.86777499999999], [145.626347, -35.862758], [145.601748, -35.867857], [145.606474, -35.87499800000001], [145.601134, -35.87500799999999], [145.598028, -35.861458000000006], [145.586792, -35.86124499999998], [145.59323, -35.849077000000015], [145.564011, -35.834190000000014], [145.56684, -35.826497], [145.557997, -35.82823], [145.562836, -35.813449000000006], [145.546741, -35.812894], [145.538763, -35.821813000000006], [145.541889, -35.80890500000001], [145.535398, -35.80198300000001], [145.52251, -35.81848599999999], [145.50255600000003, -35.809449000000015], [145.491977, -35.815076000000005], [145.472128, -35.80922999999999], [145.46344, -35.82627399999999], [145.450658, -35.821417999999994], [145.442293, -35.83564200000001], [145.412575, -35.83060099999997], [145.410625, -35.848613], [145.38715, -35.850142000000005], [145.3554, -35.86706699999999], [145.324453, -35.850686], [145.296542, -35.86056600000001], [145.272698, -35.845203], [145.258317, -35.850588000000016], [145.260717, -35.835426000000005], [145.246178, -35.83032100000001], [145.225029, -35.83218399999999], [145.22276, -35.842439999999996], [145.189806, -35.83426700000001], [145.181014, -35.842025999999976], [145.153456, -35.84304499999999], [145.15917000000002, -35.83107700000001], [145.139579, -35.82853799999999], [145.136636, -35.83426999999997], [145.127683, -35.82071599999998], [145.126435, -35.829671], [145.114092, -35.820548], [145.091922, -35.83595699999999], [145.089998, -35.825457], [145.061056, -35.83730899999999], [145.049713, -35.833670999999995], [145.018998, -35.85664699999999], [144.992263, -35.852337999999996], [144.991436, -35.85898400000001], [144.968187, -35.865528000000005], [144.97495400000003, -35.883845], [144.94891700000002, -35.93160200000002], [144.957378, -35.96100499999999], [144.931005, -35.96847], [144.923606, -35.98876799999999], [144.945759, -36.00431199999999], [144.945499, -36.01218600000001], [144.96183100000002, -36.018216], [144.967808, -36.042078000000004], [144.985932, -36.056509], [144.981909, -36.072316], [144.94829, -36.082904000000006], [144.932614, -36.067049], [144.86346, -36.059112], [144.861373, -36.071838], [144.857534, -36.065171], [144.856474, -36.07355299999998], [144.847176, -36.072881], [144.850851, -36.080645000000004], [144.841901, -36.083098], [144.841922, -36.100576], [144.819903, -36.10794699999999], [144.809893, -36.10242800000001], [144.81634, -36.109864999999985], [144.806398, -36.10745699999998], [144.813362, -36.11391199999999], [144.80787, -36.123628000000004], [144.794782, -36.117285], [144.777064, -36.129836999999995], [144.771896, -36.11613200000001], [144.748239, -36.12174599999999], [144.740569, -36.107576], [144.726379, -36.11778100000001], [144.717445, -36.112113], [144.725675, -36.08943800000001], [144.715385, -36.086214000000005], [144.706461, -36.092948], [144.698886, -36.087259], [144.697522, -36.094046999999996], [144.683907, -36.095138000000006], [144.689004, -36.061417000000006], [144.667856, -36.068596], [144.664631, -36.077042000000006], [144.658022, -36.07038000000001], [144.654966, -36.07534900000002], [144.653191, -36.053239999999995], [144.643921, -36.056664], [144.632744, -36.048097], [144.624999, -36.05208100000002], [144.626288, -36.061799999999984], [144.6183, -36.05970800000001], [144.628221, -36.065259], [144.61767, -36.077192000000004], [144.608432, -36.063641000000004], [144.617551, -36.04690399999999], [144.615473, -36.031593000000015], [144.605957, -36.036542000000004], [144.608761, -36.04180799999999], [144.598917, -36.037411], [144.590991, -36.043317999999985], [144.582515, -36.03813499999999], [144.586445, -36.027182000000025], [144.571127, -36.024079000000015], [144.563385, -36.007806], [144.557655, -36.01410700000001], [144.553661, -36.00298399999999], [144.51614000000004, -35.995437999999986], [144.512009, -35.988895], [144.521099, -35.97026599999999], [144.50995, -35.97394500000002], [144.513047, -35.96520199999999], [144.501128, -35.970606], [144.5019, -35.958039], [144.493963, -35.968592], [144.488638, -35.95712299999998], [144.48123, -35.958608999999996], [144.487583, -35.949511], [144.479758, -35.95329499999998], [144.479415, -35.945275], [144.466691, -35.945927], [144.472233, -35.94072499999999], [144.464123, -35.940942], [144.466553, -35.933602], [144.460553, -35.939596], [144.446974, -35.935531000000005], [144.426505, -35.91874399999999], [144.423428, -35.906005000000015], [144.41697900000003, -35.910472], [144.424381, -35.90019399999999], [144.407927, -35.904013000000006], [144.418183, -35.89322], [144.403628, -35.880666], [144.410936, -35.871189], [144.401926, -35.86802000000001], [144.411388, -35.85900300000001], [144.398635, -35.86266700000001], [144.388885, -35.85848], [144.390318, -35.850553000000005], [144.381433, -35.852422999999995], [144.384314, -35.84192199999999], [144.372936, -35.838150000000006], [144.382044, -35.833175000000004], [144.37218900000002, -35.83195000000001], [144.384118, -35.819565000000004], [144.364806, -35.820937], [144.377484, -35.814346000000015], [144.366709, -35.811253000000015], [144.37685, -35.79297899999999], [144.362329, -35.79583400000001], [144.355338, -35.788479], [144.360283, -35.784811], [144.351546, -35.78506900000001], [144.349111, -35.76714200000001], [144.318651, -35.766574000000006], [144.327832, -35.752645999999984], [144.295276, -35.75437900000001], [144.301278, -35.74298599999999], [144.29606, -35.73709100000001], [144.264496, -35.75140300000001], [144.24815, -35.72103400000001], [144.215952, -35.706477000000014], [144.221647, -35.693951999999996], [144.213483, -35.686671], [144.195139, -35.68585800000001], [144.186788, -35.67043099999997], [144.162351, -35.67152599999999], [144.152629, -35.64267799999998], [144.142927, -35.64725299999997], [144.131488, -35.640761], [144.117546, -35.625926000000014], [144.105015, -35.59078000000001], [144.062285, -35.57676800000001], [144.063958, -35.57054500000002], [144.0468, -35.563141000000016], [144.039215, -35.54925700000001], [144.034082, -35.555971], [144.012702, -35.55407300000001], [144.009646, -35.56330700000001], [143.989865, -35.554663], [143.999221, -35.54536699999999], [143.996841, -35.536249999999995], [143.974476, -35.532309], [143.962441, -35.51398000000002], [143.972536, -35.509248999999976], [143.970101, -35.500077999999995], [143.933355, -35.50661000000001], [143.935045, -35.49928799999998], [143.906183, -35.49995799999999], [143.907733, -35.49416200000001], [143.876584, -35.48616599999998], [143.87138, -35.47782799999998], [143.858784, -35.47997800000001], [143.855435, -35.46183799999999], [143.813021, -35.44626499999999], [143.818018, -35.43754499999999], [143.790117, -35.42247699999999], [143.762852, -35.42306599999999], [143.765962, -35.41585799999998], [143.758802, -35.41542700000001], [143.768823, -35.401809], [143.751004, -35.38783500000001], [143.709175, -35.392538], [143.711685, -35.38469000000001], [143.703349, -35.389408], [143.702284, -35.37788200000001], [143.693148, -35.38391699999998], [143.684521, -35.36844600000001], [143.682627, -35.37409099999998], [143.667922, -35.37155399999998], [143.668081, -35.38573499999999], [143.65714, -35.384999], [143.642338, -35.401036999999995], [143.629381, -35.39236799999998], [143.633019, -35.38346700000001], [143.620416, -35.387682000000005], [143.616037, -35.36888399999999], [143.603015, -35.365407000000005], [143.598448, -35.352110999999994], [143.562074, -35.337244], [143.569019, -35.302446999999994], [143.577937, -35.30319700000001], [143.59086, -35.28165899999999], [143.583507, -35.265004999999995], [143.57169, -35.267959], [143.574076, -35.256505000000004], [143.563717, -35.243545], [143.580984, -35.22003600000001], [143.570828, -35.206904999999985], [143.547023, -35.206173], [143.548335, -35.21379], [143.529155, -35.21992100000002], [143.518322, -35.21162], [143.471482, -35.219293], [143.449486, -35.18911200000001], [143.394677, -35.19237699999999], [143.386969, -35.183461999999984], [143.39182, -35.17256699999998], [143.381936, -35.17312000000001], [143.390647, -35.14510700000001], [143.361967, -35.1169], [143.360762, -35.103032000000006], [143.348103, -35.10544000000001], [143.340858, -35.09571400000001], [143.345023, -35.08702000000002], [143.337446, -35.080418], [143.34552, -35.074056], [143.339058, -35.068191], [143.350838, -35.06470199999999], [143.337663, -35.06129399999999], [143.337264, -35.048644999999986], [143.330492, -35.05388], [143.336543, -35.04321900000001], [143.32867900000002, -35.04589999999999], [143.322081, -35.03672699999998], [143.335987, -35.037375], [143.331864, -35.02380399999999], [143.338117, -35.01089099999999], [143.329708, -34.995743999999995], [143.318825, -34.99294300000001], [143.323717, -34.97908499999999], [143.317704, -34.95259800000001], [143.322014, -34.94233899999998], [143.339492, -34.94363200000001], [143.34278900000004, -34.93253300000001], [143.340526, -34.91374000000001], [143.321389, -34.888459999999995], [143.341732, -34.88112000000001], [143.338404, -34.870311999999984], [143.352563, -34.85823499999999], [143.34521, -34.853463000000005], [143.354957, -34.846039], [143.341191, -34.84630899999998], [143.359559, -34.81689899999999], [143.347559, -34.80730200000001], [143.347876, -34.791635], [143.318269, -34.790842], [143.308844, -34.779939000000006], [143.294285, -34.79082199999999], [143.284327, -34.78524500000001], [143.286873, -34.794985], [143.276736, -34.792260000000006], [143.273005, -34.77641200000001], [143.25213, -34.772803], [143.274016, -34.75268500000002], [143.265285, -34.74855800000001], [143.248933, -34.75785300000002], [143.24066, -34.74546000000001], [143.228775, -34.747788999999976], [143.224384, -34.758732999999985], [143.213847, -34.73849600000001], [143.218847, -34.729471000000025], [143.200006, -34.733418], [143.199179, -34.717034000000005], [143.179282, -34.717328999999985], [143.180987, -34.709482000000015], [143.173197, -34.71970900000002], [143.16536, -34.71813600000002], [143.161689, -34.697916000000006], [143.1474, -34.714757000000006], [143.133463, -34.70057699999997], [143.117841, -34.70307600000002], [143.127791, -34.69266100000001], [143.107243, -34.701466], [143.111605, -34.687127], [143.121272, -34.68740100000001], [143.112525, -34.68081900000001], [143.092828, -34.70127299999997], [143.076222, -34.695958], [143.070763, -34.67837999999999], [143.05482200000003, -34.698854999999995], [143.040422, -34.68588799999997], [143.039468, -34.702611], [143.029424, -34.691851000000014], [143.032502, -34.68292799999998], [143.010179, -34.69365800000001], [143.017281, -34.673660000000005], [142.994573, -34.673872], [142.989313, -34.66257900000002], [142.97528200000002, -34.67086100000002], [142.982428, -34.68274000000001], [142.972708, -34.69520700000002], [142.959264, -34.664981999999995], [142.948867, -34.669673999999986], [142.932606, -34.655514999999994], [142.922267, -34.656482], [142.923844, -34.64785600000002], [142.901526, -34.654958000000015], [142.893269, -34.66567899999999], [142.900176, -34.67146399999999], [142.886815, -34.679807999999994], [142.886457, -34.67208499999999], [142.875881, -34.674859], [142.872151, -34.66411900000001], [142.860551, -34.665162], [142.871867, -34.650292], [142.855209, -34.639521999999985], [142.868177, -34.62730599999998], [142.852466, -34.61919499999999], [142.840679, -34.625752], [142.83824, -34.613044], [142.825038, -34.60878], [142.823118, -34.60025099999999], [142.818507, -34.61235699999998], [142.804997, -34.60840100000001], [142.810259, -34.589092999999984], [142.797919, -34.59762799999998], [142.787687, -34.590178], [142.810104, -34.56085500000001], [142.791428, -34.54638900000001], [142.782512, -34.56493300000001], [142.769991, -34.568882], [142.784068, -34.580393], [142.748291, -34.57675900000002], [142.746897, -34.58777900000001], [142.763405, -34.590436000000004], [142.759173, -34.60013599999999], [142.743192, -34.602811], [142.723616, -34.592285000000025], [142.714821, -34.60044199999998], [142.69998, -34.599379999999975], [142.703966, -34.613507], [142.689504, -34.618297999999974], [142.708789, -34.62266400000001], [142.700788, -34.624516000000014], [142.689206, -34.652547], [142.708607, -34.662167000000004], [142.710754, -34.67576900000001], [142.684144, -34.67088400000001], [142.678899, -34.680848], [142.691089, -34.70139700000001], [142.684489, -34.71405700000002], [142.699406, -34.724474], [142.678646, -34.722345000000004], [142.676553, -34.72904600000001], [142.686657, -34.733929], [142.678954, -34.739202], [142.667412, -34.73590800000001], [142.661412, -34.721707000000016], [142.637334, -34.735043], [142.618316, -34.72875099999999], [142.620498, -34.757128], [142.646364, -34.763315000000006], [142.639323, -34.780272], [142.616821, -34.78549900000001], [142.567176, -34.76692800000003], [142.556744, -34.775373], [142.53356, -34.753067], [142.524215, -34.759380000000014], [142.507428, -34.74883899999998], [142.511671, -34.740887999999956], [142.499559, -34.73911699999999], [142.518864, -34.703671000000014], [142.49906, -34.70002599999998], [142.51417, -34.690930999999985], [142.498646, -34.68102500000001], [142.497078, -34.66937600000003], [142.479002, -34.67355100000001], [142.471582, -34.666869000000005], [142.472261, -34.65000299999998], [142.483644, -34.636435], [142.47365408726566, -34.635498116719354]]]}}, {"type": "Feature", "properties": {"id": "open_exact", "area_km2": 53596}, "geometry": {"type": "Polygon", "coordinates": [[[141.00262312089984, -33.56443645321597], [141.02034630220402, -33.564669190042764], [141.03805109872553, -33.56538517142167], [141.05571879520235, -33.566583638252865], [141.07333071405972, -33.56826331986715], [141.09086823439097, -33.57042243533175], [141.1083128108908, -33.57305869528093], [141.1256459927241, -33.5761693042696], [141.14284944231488, -33.57975096364795], [141.15990495403884, -33.58379987495434], [141.17679447280327, -33.588311743823695], [141.19350011249898, -33.59328178440759], [141.2100041743074, -33.59870472430245], [141.22628916484697, -33.60457480998119], [141.22965346692703, -33.605898006894144], [141.24222513693923, -33.607467929715575], [141.24672584189136, -33.608156582988535], [141.26307416745587, -33.60846993409698], [141.2806546566149, -33.609283664539674], [141.29819466183287, -33.610572808271854], [141.3156759016798, -33.612336017730726], [141.3330801535884, -33.6145714497418], [141.35038927212244, -33.61727676738669], [141.3675852071812, -33.620449142372244], [141.38465002212348, -33.624085257898024], [141.40156591179712, -33.628181312020196], [141.4183152204577, -33.632733021508805], [141.43488045956173, -33.63773562619487], [141.4512443254185, -33.643183893803396], [141.46738971668603, -33.64907212526856], [141.48329975169509, -33.65539416052541], [141.49895778558638, -33.6621433847741], [141.51399107808223, -33.669146758136655], [141.52181702120924, -33.66707141524143], [141.53983387900124, -33.6628578963123], [141.55801253720404, -33.659164416351466], [141.57633160769743, -33.655995330597186], [141.58525404260988, -33.654584708407896], [141.5933938956125, -33.652680821353336], [141.61059742300526, -33.649157747584795], [141.62792833905164, -33.64610454279664], [141.6453683673855, -33.643524434550756], [141.6628991210621, -33.641420150123324], [141.68050212121983, -33.63979391370912], [141.6981588158197, -33.63864744414184], [141.71585059844696, -33.637981953132865], [141.7335588271583, -33.63779814402986], [141.75126484335908, -33.63809621109609], [141.7689499906948, -33.6388758393114], [141.78659563394044, -33.64013620469517], [141.80418317787203, -33.64187597515017], [141.82169408610477, -33.64409331182756], [141.83910989988087, -33.64678587101129], [141.85641225679237, -33.64995080652014], [141.87358290942225, -33.65358477262559], [141.88246787290356, -33.65572483767476], [141.88448158216218, -33.65608526029294], [141.89415302806256, -33.65809510354523], [141.89571360211184, -33.65805529948225], [141.91326520921808, -33.65808183838456], [141.91448768078112, -33.65811672089386], [141.9240355328481, -33.65627651281289], [141.9416409765379, -33.6533909957162], [141.95935009832317, -33.65099211185315], [141.977143745784, -33.64908246256205], [141.99500267865733, -33.64766411855752], [142.0129075888474, -33.64673861775329], [142.03083912049536, -33.64630696364575], [142.04877789008958, -33.64636962425895], [142.0667045066007, -33.646926531653], [142.08459959162252, -33.64797708199525], [142.10244379950234, -33.649520136195044], [142.12021783744282, -33.65155402110096], [142.1379024855581, -33.65407653125965], [142.15547861686662, -33.657084931234735], [142.17292721720375, -33.660575958483356], [142.19022940503584, -33.66454582678821], [142.2073664511592, -33.66899023024156], [142.22431979826635, -33.67390434777758], [142.2410710803616, -33.67928284824933], [142.25760214200938, -33.68511989604519], [142.27389505739737, -33.69140915723967], [142.28993214919754, -33.698143806273464], [142.30569600720702, -33.7053165331557], [142.3211695067523, -33.712919551182424], [142.33633582683913, -33.72094460516381], [142.3426106723683, -33.72451235946406], [142.35143996943577, -33.7270372311924], [142.3681202990475, -33.732323401526465], [142.3845853700885, -33.73806306323158], [142.40081755432217, -33.74425006645147], [142.41679946342083, -33.750877781135024], [142.43251396706535, -33.757939103944345], [142.44794421081872, -33.765426465660234], [142.46307363375686, -33.77333183907869], [142.47788598584089, -33.78164674739107], [142.4863230945848, -33.78672564206568], [142.48694537272306, -33.78700560037027], [142.50223825780546, -33.79443111048126], [142.51723544968806, -33.80226710319387], [142.53192112669842, -33.8105053253995], [142.5462797836659, -33.81913709879678], [142.5602962479953, -33.828153328803765], [142.5739556954481, -33.83754451390529], [142.58724366561674, -33.84730075542645], [142.60014607707635, -33.85741176772368], [142.61264924219864, -33.86786688878339], [142.62473988161312, -33.87865509121902], [142.63640513830057, -33.88976499365565], [142.64763259130427, -33.90118487249171], [142.65841026904354, -33.912902674026654], [142.66872666221596, -33.92490602694328], [142.67857073627334, -33.93718225513239], [142.68285445387144, -33.942919319484076], [142.6852659457464, -33.94559672383513], [142.69544098409003, -33.957693789352426], [142.69747860811475, -33.96029213946463], [142.69912703482808, -33.96117502198432], [142.71385047003218, -33.96964208863784], [142.728234068182, -33.97850657763428], [142.7422623331188, -33.98775896866107], [142.75592013749622, -33.997389322814406], [142.76919273889808, -34.007387293024344], [142.7820657956075, -34.01774213491771], [142.7945253820115, -34.02844271810841], [142.80655800362493, -34.039477537904666], [142.81815061171804, -34.05083472742123], [142.8292906175311, -34.062502070086204], [142.83996590606165, -34.07446701252914], [142.8501648494076, -34.08671667783883], [142.8582528774104, -34.097145019156436], [142.85998140568367, -34.09730272290765], [142.87774545533665, -34.09941719097609], [142.89541692871035, -34.10201544943054], [142.91297686467493, -34.105094702581425], [142.9304064171201, -34.108651636987425], [142.94768687443826, -34.11268242491556], [142.96479967889155, -34.11718272833946], [142.98172644584616, -34.12214770347242], [142.9984489828566, -34.12757200583104], [143.01494930858266, -34.1334497958246], [143.03120967152313, -34.13977474486547], [143.0472125685479, -34.146540041994626], [143.062940763213, -34.15373840101611], [143.07837730384034, -34.16136206813434], [143.09350554134673, -34.16940283008661], [143.10830914680372, -34.1778520227636], [143.12277212871285, -34.18670054030984], [143.13687884997893, -34.19593884469536], [143.15061404456472, -34.20555697574991], [143.16396283381056, -34.21554456164989], [143.18263120102364, -34.2299764163234], [143.18570838868501, -34.232434323209276], [143.19358826698277, -34.23330504172023], [143.2112020188828, -34.23573976394904], [143.22871125453693, -34.238650235616454], [143.24609741831114, -34.242033363872885], [143.2633420799251, -34.24588555334468], [143.28042695328168, -34.2502027098434], [143.2973339151735, -34.254980244590854], [143.31404502385024, -34.26021307895644], [143.33054253743057, -34.26589564970251], [143.3468089321422, -34.272021914732804], [143.348502940738, -34.272716166698814], [143.36295210231813, -34.27723272921087], [143.37939085049365, -34.282883751850804], [143.39560065216142, -34.288975053003526], [143.41156441719275, -34.295500206673395], [143.42726530503606, -34.30245232821947], [143.44268674200507, -34.30982408142459], [143.457812438336, -34.317607686032936], [143.466357535016, -34.32233066102247], [143.48045419316975, -34.32907267290134], [143.49571274142372, -34.336933802366445], [143.50410235261123, -34.34157900912112], [143.50463769780754, -34.34178569791676], [143.5207231925966, -34.34853957456327], [143.53653309651017, -34.35572869925719], [143.5452419021873, -34.35984419419185], [143.56074454705404, -34.367451771357096], [143.57593834666793, -34.37547773306119], [143.59080686016526, -34.38391340856735], [143.60395901342497, -34.391913473893034], [143.61837833914558, -34.398443763416786], [143.6336205052759, -34.40588538557164], [143.6485660813663, -34.41373071938931], [143.66319948409583, -34.42197159742431], [143.67750544355317, -34.430599438938664], [143.69146901888584, -34.4396052586173], [143.7050756136646, -34.448979675701636], [143.71831099094746, -34.458712923532836], [143.73116128802883, -34.46879485949616], [143.7436130308593, -34.479214975356975], [143.75565314812195, -34.489962407979384], [143.76726898494937, -34.50102595041715], [143.77844831626925, -34.51239406336671], [143.78917935976224, -34.524054886971484], [143.79945078841953, -34.53599625296664], [143.8092517426856, -34.54820569715263], [143.81857184217264, -34.56067047218559], [143.82740119693318, -34.57337756067278], [143.83573041827762, -34.58631368855997], [143.84355062912346, -34.5994653387985], [143.8508534738638, -34.61281876527817], [143.857631127742, -34.626360007013055], [143.86387630572108, -34.640074902565544], [143.864954827816, -34.64269769504535], [143.86877222110846, -34.6502478087061], [143.87513441719778, -34.66408405525208], [143.88094692174516, -34.67808418232441], [143.8862033128271, -34.69223324274825], [143.89089775434795, -34.706516125791175], [143.89502500316382, -34.720917573167945], [143.8985804156107, -34.73542219522202], [143.90155995342533, -34.750014487266256], [143.90396018904914, -34.764678846066765], [143.905778310305, -34.77939958645225], [143.907012124438, -34.794160958031306], [143.9076600615109, -34.808947162000806], [143.9077211771472, -34.82374236802684], [143.907195154613, -34.83853073118081], [143.90639052591666, -34.84920731702634], [143.91678408701904, -34.855908977161285], [143.93036309236624, -34.86525923623768], [143.94357157655782, -34.874964281910756], [143.95639581958713, -34.885014084145894], [143.96882248598973, -34.89539825440136], [143.98083863866194, -34.906106056141546], [143.9924317523278, -34.91712641571164], [144.0035897266411, -34.92844793356516], [144.01430089890786, -34.940058895832486], [144.02455405641655, -34.951947286220935], [144.03433844836186, -34.96410079823423], [144.0445294091952, -34.9772095311928], [144.05392763422017, -34.98973960231019], [144.06282707925098, -35.00251406303729], [144.07121817043637, -35.015519413639545], [144.07585960359688, -35.023314408694446], [144.07694478729337, -35.02394709592856], [144.0910225670165, -35.03272593231607], [144.10475231380886, -35.04187111452362], [144.11811987825516, -35.0513732537091], [144.1311114704681, -35.06122259261585], [144.14476833085553, -35.07191180337747], [144.15455253729297, -35.07461741142867], [144.17140687698807, -35.07978686994902], [144.18804816430057, -35.08540511495062], [144.20445874929112, -35.091466179522726], [144.22062121732299, -35.09796362564715], [144.23651840700657, -35.104890550854925], [144.25213342792495, -35.11223959536738], [144.26744967812456, -35.12000294971477], [144.28245086135425, -35.12817236282602], [144.29712100403745, -35.13673915058161], [144.3114444719605, -35.145694204821744], [144.32540598666176, -35.15502800280189], [144.33899064150506, -35.16473061708624], [144.35218391742208, -35.174791725870406], [144.36479533741897, -35.18505709441832], [144.37623832186642, -35.19205504416246], [144.39034104663654, -35.20128176236655], [144.40407037813372, -35.21088140593227], [144.40745338481815, -35.21340792473919], [144.41941201022544, -35.21997060469156], [144.4338871938694, -35.22848036988853], [144.44802174394812, -35.2373683989819], [144.46180092860456, -35.246625457279826], [144.4752103726753, -35.25624192481043], [144.4882360725277, -35.26620780609633], [144.50086441057195, -35.27651274031954], [144.51308216943323, -35.287146011867115], [144.5248765457698, -35.29809656124774], [144.53623516372275, -35.309352996369384], [144.5471460879828, -35.32090360416699], [144.55759783646099, -35.33273636256983], [144.55974977783652, -35.33534591130691], [144.56871741025213, -35.34130870467432], [144.58217782523667, -35.350863603377974], [144.58347779675933, -35.35184823621784], [144.58376989625916, -35.35198861729114], [144.5957579134062, -35.35819390474254], [144.60370236955902, -35.36179774574871], [144.6192004882142, -35.36937964073182], [144.6343894995799, -35.37737153572953], [144.64925321421805, -35.38576492393014], [144.6637757764337, -35.394550869607244], [144.67794168089262, -35.40372001740823], [144.69173578892872, -35.41326260208592], [144.6922952631696, -35.413676023500486], [144.69423572522885, -35.41490184529257], [144.70813391725434, -35.42428848168925], [144.72165259943347, -35.43404033616179], [144.73477736972575, -35.4441470689756], [144.74211362761386, -35.45017653298007], [144.74861316381643, -35.44746221178571], [144.76491278457846, -35.4411935450315], [144.78145191633766, -35.43536183859801], [144.79821309755204, -35.42997325738048], [144.81517864140258, -35.42503349715291], [144.8172533427152, -35.42449103191545], [144.82776815497405, -35.420555381580954], [144.8445019098241, -35.4148268337681], [144.86145500441359, -35.40954997547477], [144.87860928750382, -35.40473046671372], [144.89594640089578, -35.400373476385205], [144.9134477984235, -35.39648367688472], [144.93109476510935, -35.393065239230786], [144.93617044137685, -35.39222491100629], [144.94260168197837, -35.390677676682], [144.95997934465024, -35.386994176430285], [144.96824365972626, -35.38547490025081], [144.9791825101236, -35.38306736800946], [144.99679111301103, -35.379693084322355], [145.01452435725366, -35.376791608257584], [145.0323633909546, -35.37436603430386], [145.05028925421504, -35.372418949242864], [145.0682828985165, -35.370952429469526], [145.08632520617783, -35.36996803884125], [145.1043970098718, -35.36946682705841], [145.1224791121826, -35.36944932857749], [145.12923788022943, -35.36962393403767], [145.14077642842932, -35.369692351374255], [145.1589067078103, -35.37028733524], [145.17700358869558, -35.37136868770563], [145.19504771206238, -35.37293524767105], [145.21301977308627, -35.37498533299786], [145.23090054098697, -35.377516742263886], [145.24092693217506, -35.37921533245473], [145.2577031730755, -35.37928117559764], [145.27543201926588, -35.37981635497676], [145.29313095723782, -35.38081648058863], [145.29777814635085, -35.381202140252945], [145.30838423577296, -35.378357369310294], [145.325543088096, -35.37425268121772], [145.34285416991963, -35.370603884108704], [145.3602994892944, -35.36741478112645], [145.37786092027034, -35.3646886960327], [145.39552022103518, -35.36242846984151], [145.4132590521488, -35.36063645794271], [145.42721122776834, -35.3596004641804], [145.43156358148954, -35.358859135279204], [145.44925582895326, -35.35633389315092], [145.46703837321874, -35.35428018251236], [145.48489256980642, -35.35270016419743], [145.50279970209695, -35.35159550057511], [145.52074100018524, -35.35096735385085], [145.5386976597791, -35.35081638487934], [145.55665086112643, -35.35114275248923], [145.57458178795537, -35.35194611332102], [145.5924716464118, -35.35322562217769], [145.6103016839778, -35.354979932888284], [145.62805320835562, -35.35720719968322], [145.64570760630144, -35.3599050790803], [145.6632463623929, -35.36307073227994], [145.68065107771446, -35.36670082806704], [145.69790348844535, -35.3707915462173], [145.71498548433337, -35.37533858140468], [145.73187912703983, -35.380337147606674], [145.74856666833873, -35.38578198300329], [145.76503056815523, -35.391667355365534], [145.78125351242724, -35.39798706792827], [145.79721843077417, -35.404734465742266], [145.80094734020048, -35.406438257833614], [145.81014175682316, -35.41004593621548], [145.8260555070417, -35.416817631345765], [145.84169397272404, -35.42400769940075], [145.8570407374827, -35.431608594675765], [145.87207967956968, -35.43961233906735], [145.88679498844294, -35.448010530241625], [145.9011711810631, -35.456794350243], [145.9151931179054, -35.46595457453529], [145.92884601867175, -35.47548158146732], [145.9421154776867, -35.485365362153466], [145.95498747896346, -35.49559553076087], [145.9654175787537, -35.504439601865464], [145.98270885533148, -35.506264562068964], [146.00075961903664, -35.50866709340255], [146.0187040860769, -35.51155521884562], [146.03652279543684, -35.514925795818144], [146.04511771129503, -35.51679808591981], [146.05277137288368, -35.51782974252035], [146.0704362775082, -35.520696117285894], [146.0879784969954, -35.524030090835886], [146.1053795812916, -35.52782814580715], [146.12262122295252, -35.53208627492479], [146.1396852757154, -35.53679998511258], [146.15655377293479, -35.54196430210332], [146.17320894586604, -35.54757377554514], [146.18963324178077, -35.55362248459886], [146.19053299800626, -35.553983074899804], [146.1954758798823, -35.5543653746034], [146.20672254968815, -35.55032038744832], [146.22358591849883, -35.54478709318675], [146.24066124498938, -35.53970838474959], [146.25793022946695, -35.535089716009885], [146.27537437285446, -35.53093604630866], [146.2929749958364, -35.52725183527524], [146.3107132581599, -35.52404103817145], [146.3285701780743, -35.521307101763774], [146.34652665189185, -35.51905296072746], [146.36456347365302, -35.517281034585444], [146.36582555271096, -35.517191297854154], [146.37419068031102, -35.51607376268926], [146.39219257116204, -35.514161751811464], [146.4102610868612, -35.51273267356944], [146.4221981533279, -35.512110481728], [146.43372617113, -35.5107742126218], [146.4516472712007, -35.50918129275828], [146.46962200439197, -35.50806567100868], [146.48763144370045, -35.50742852656108], [146.50565662703409, -35.50727053285086], [146.52367857638447, -35.50759185686943], [146.54167831701255, -35.50839215899282], [146.5596368966315, -35.509670593330384], [146.57753540457077, -35.51142580859295], [146.59535499090538, -35.51365594948018], [146.61237910716375, -35.51601774594891], [146.63035103222856, -35.51875993195213], [146.6482030960614, -35.52198513594064], [146.65413265821257, -35.52322558927502], [146.66768555124256, -35.524155137182646], [146.68525517083566, -35.52582327677556], [146.70275107682934, -35.52794874546788], [146.72015553229255, -35.53052938083309], [146.7374508893375, -35.53356255723251], [146.75461960633598, -35.53704518841097], [146.77164426504925, -35.54097373054864], [146.7885075876579, -35.54534418576636], [146.8051924536773, -35.55015210608144], [146.82168191674455, -35.555392597810375], [146.83795922126325, -35.56106032641492], [146.85400781889138, -35.56714952178695], [146.86981138485893, -35.57365398396791], [146.88535383410087, -35.58056708929727], [146.8934106820025, -35.58442799334197], [146.90418008405487, -35.58047030370478], [146.92096822992764, -35.57483294113113], [146.93797232246996, -35.56964738288667], [146.9551741885521, -35.56491918180222], [146.97255545198007, -35.56065340042774], [146.9900975524679, -35.55685460575938], [147.00778176476788, -35.55352686448468], [147.02558921794258, -35.55067373875001], [147.04350091476107, -35.5482982824545], [147.06149775120346, -35.54640303807363], [147.0795605360561, -35.544990034015285], [147.09767001058128, -35.5440607825108], [147.11580686824408, -35.54361627804316], [147.1339517744801, -35.543656996313146], [147.1475727151431, -35.544052221081586], [147.15902597922073, -35.539425382721625], [147.17554669650312, -35.533025126189386], [147.19231566535575, -35.527073611133865], [147.2093146738133, -35.52157730954711], [147.22652526984095, -35.51654219767379], [147.24392878073587, -35.51197374968666], [147.26150633272283, -35.5078769318962], [147.27923887072512, -35.504256197499814], [147.29710717829383, -35.5011154818752], [147.3150918976775, -35.49845819842273], [147.33317355001418, -35.49628723496012], [147.3513325556289, -35.49460495067329], [147.36954925441765, -35.4934131736257], [147.38780392630173, -35.49271319882892], [147.40607681173296, -35.49250578687594], [147.42434813223372, -35.49279116313852], [147.4341693778671, -35.49321003734235], [147.44844081904773, -35.49237928874927], [147.46635675710485, -35.49181208430716], [147.48428569607955, -35.49171910940284], [147.5022089560609, -35.49210046128119], [147.52010786281917, -35.49295574107502], [147.52442283170498, -35.493276928341366], [147.53859514044623, -35.49402056610913], [147.55493771598344, -35.495315814188146], [147.55982777412478, -35.4941313935114], [147.57745488819248, -35.49037326210489], [147.59522290138491, -35.48709093696253], [147.61311268555636, -35.48428796270739], [147.6311049866676, -35.48196736611019], [147.6491804447274, -35.48013165291348], [147.66731961382516, -35.47878280520307], [147.6855029822373, -35.47792227932927], [147.70371099259003, -35.47755100437976], [147.7219240620614, -35.47766938120524], [147.74012260260506, -35.47827728199935], [147.75828704117848, -35.47937405043254], [147.77639783995832, -35.48095850234026], [147.7944355165258, -35.483028926964636], [147.81238066400422, -35.48558308874866], [147.83021397113194, -35.48861822968089], [147.84791624225304, -35.492131072188954], [147.8654684172086, -35.496117822579045], [147.88285159111092, -35.500574175017924], [147.90004703398378, -35.505495316054414], [147.91703621025138, -35.510875929675585], [147.93380079805803, -35.516710202893385], [147.95032270840224, -35.522991831856324], [147.966584104067, -35.52971402848059], [147.98256741832984, -35.53686952759459], [147.98670307476414, -35.53886832721754], [147.99448091825428, -35.541046553377356], [148.01156110744347, -35.5463505298533], [148.0284190540739, -35.55211159235362], [148.04030264041992, -35.55655416151727], [148.0532589773983, -35.55915185770386], [148.07068492089587, -35.56314268487523], [148.08794291652117, -35.56759599132915], [148.10501463520805, -35.57250703568383], [148.12188193802157, -35.57787058869142], [148.13852689479535, -35.58368093865538], [148.15493180258918, -35.58993189735005], [148.1710792039516, -35.59661680643795], [148.18695190496993, -35.60372854437762], [148.20253299309223, -35.611259533817005], [148.21780585470395, -35.619201749464395], [148.23275419244396, -35.627546726430516], [148.2473620422424, -35.63628556903354], [148.26161379006538, -35.64540896005888], [148.27549418834897, -35.65490717046535], [148.27697517522745, -35.65598978794112], [148.29191802945, -35.66327477370977], [148.3070925208662, -35.67122923145852], [148.32194332046203, -35.67958179801337], [148.3364547075213, -35.688323648282704], [148.35061130719555, -35.697445544209494], [148.36439810654898, -35.70693784431078], [148.3778004702847, -35.71679051364191], [148.39080415613552, -35.7269931341757], [148.40339532990433, -35.73753491558722], [148.4155605801387, -35.74840470643381], [148.42728693242427, -35.759591005719926], [148.43856186328162, -35.771081974835425], [148.44937331365188, -35.782865449856715], [148.45970970195606, -35.79492895419779], [148.46955993671338, -35.80725971160027], [148.4789134287041, -35.81984465944873], [148.48776010266232, -35.8326704623991], [148.4960904084853, -35.845723526306614], [148.5038953319446, -35.85899001243943], [148.51116640488632, -35.872455851964176], [148.5178957149063, -35.886106760688925], [148.5240759144881, -35.89992825404891], [148.52970022959073, -35.91390566231987], [148.53476246767383, -35.928024146044066], [148.5392570251487, -35.9422687116526], [148.54240544500706, -35.953793488036354], [148.5460574132282, -35.96025893221398], [148.5530259191299, -35.97372799168693], [148.5594553755752, -35.98737278938698], [148.56533883813213, -36.00117902729578], [148.57066992584666, -36.01513223414268], [148.57544282876103, -36.029217780439886], [148.57965231487384, -36.04342089369883], [148.58329373653046, -36.057726673814], [148.58636303623382, -36.072120108597666], [148.58885675186508, -36.086586089450044], [148.59077202130595, -36.10110942714891], [148.59210658645202, -36.11567486774247], [148.59285879661059, -36.130267108528564], [148.59302761127353, -36.14487081410473], [148.59267981481082, -36.15710645515637], [148.5933513220484, -36.16163889118466], [148.59494174462992, -36.176527831128936], [148.59592239706512, -36.19145066963821], [148.59624565194176, -36.20452014782818], [148.59961660866784, -36.215049524113354], [148.60360337603512, -36.2294157406999], [148.60577808964953, -36.23865124285479], [148.61123573386743, -36.24628177491091], [148.61992518963876, -36.25941039928447], [148.6280758861724, -36.272763655340164], [148.6356787414465, -36.28632698647972], [148.64272525931537, -36.30008560303489], [148.64907735531472, -36.31374460825864], [148.6579468957133, -36.32267238957071], [148.66888227242302, -36.33444507660181], [148.6793383702408, -36.346499735928504], [148.68930391095893, -36.35882353213405], [148.69876812571894, -36.37140333996319], [148.7077207669619, -36.38422575809276], [148.71615211988572, -36.397277123206514], [148.7240530133954, -36.41054352436087], [148.73141483053243, -36.424010817626616], [148.73822951836948, -36.43766464099265], [148.74448959735741, -36.45149042951645], [148.750188170111, -36.46547343070561], [148.75531892962164, -36.47959872011581], [148.75987616688408, -36.49385121714849], [148.7638547779257, -36.50821570103243], [148.76725027022704, -36.522676826972706], [148.76769552407222, -36.52498266374888], [149.92782765306956, -36.986499224366], [149.926665, -36.992059999999995], [149.930788, -37.007831], [149.947732, -37.01755599999998], [149.939898, -37.03121600000001], [149.944652, -37.05399600000002], [149.923414, -37.04630599999998], [149.909916, -37.06208299999999], [149.914847, -37.07611899999999], [149.90187600000002, -37.069157999999995], [149.872514, -37.08320799999999], [149.878305, -37.101044], [149.893487, -37.097086999999995], [149.911385, -37.1118], [149.929726, -37.11011299999999], [149.926203, -37.100314999999995], [149.953789, -37.100888], [149.95232, -37.108727], [149.971312, -37.117833999999995], [149.968962, -37.12568199999999], [149.987616, -37.14112399999998], [150.004869, -37.141268999999994], [150.00955, -37.16126800000001], [150.002958, -37.168505], [150.02086, -37.185414], [150.015523, -37.201106000000024], [150.023399, -37.21196599999998], [150.010766, -37.21181299999999], [150.027744, -37.222497000000004], [150.030825, -37.23785999999999], [150.051842, -37.26225499999997], [150.013021, -37.255478000000025], [149.98678, -37.239931999999996], [149.96602500000003, -37.24984300000001], [149.944008, -37.277729], [149.950848, -37.295648], [149.969726, -37.30969699999999], [149.972162, -37.328523], [149.94983100000002, -37.37466899999998], [149.956554, -37.423509000000024], [149.97541, -37.445449999999994], [149.976679, -37.50506], [148.194946, -36.79625300000001], [148.182473, -36.80489500000001], [148.17959500000003, -36.79632599999999], [148.156663, -36.790013], [148.126771, -36.796451000000005], [148.120152, -36.80607899999999], [148.108888, -36.800865], [148.097983, -36.787160999999976], [148.126081, -36.75941699999999], [148.120472, -36.75630299999999], [148.132654, -36.75084700000002], [148.136703, -36.73843599999998], [148.130703, -36.734683], [148.17024300000003, -36.71279899999998], [148.211171, -36.65051899999999], [148.219547, -36.61955799999999], [148.214196, -36.61048999999998], [148.202781, -36.61191500000001], [148.217563, -36.598239], [148.20599, -36.586932000000004], [148.19033, -36.584891000000006], [148.190134, -36.57661999999999], [148.169411, -36.57369600000002], [148.160713, -36.57977600000001], [148.150489, -36.55833599999999], [148.13341, -36.566921000000015], [148.124337, -36.550642], [148.139815, -36.525445000000005], [148.11763, -36.495476000000004], [148.126424, -36.485274000000004], [148.119093, -36.48188399999999], [148.12466300000003, -36.464713], [148.087601, -36.45189500000001], [148.08028, -36.422101], [148.059945, -36.415537999999984], [148.058163, -36.400803999999994], [148.037583, -36.39022500000001], [148.045966, -36.36703799999997], [148.037836, -36.366246], [148.048959, -36.355632000000014], [148.05561300000002, -36.334385999999995], [148.051243, -36.324556999999984], [148.058941, -36.32004599999999], [148.035011, -36.310576999999995], [148.043928, -36.29947900000001], [148.035234, -36.29232900000001], [148.040119, -36.284157], [148.033753, -36.28222999999997], [148.032828, -36.26586000000002], [148.038676, -36.259221], [148.02884, -36.247044], [148.0349, -36.23411600000003], [148.026096, -36.22304200000001], [148.04062, -36.20695100000002], [148.021819, -36.176462], [148.034795, -36.16298299999998], [148.022899, -36.153456999999996], [148.035191, -36.152536000000005], [148.037726, -36.14079699999999], [148.002388, -36.140056999999985], [148.000537, -36.12435499999998], [147.990652, -36.12127199999999], [147.998229, -36.11591899999999], [147.991074, -36.11125099999998], [147.999218, -36.09865500000001], [147.980247, -36.086482], [147.982389, -36.07789099999998], [147.992889, -36.08107100000001], [147.989467, -36.06847799999999], [147.999692, -36.046204000000024], [147.99126000000004, -36.052559000000024], [147.981774, -36.040254000000004], [147.973234, -36.046313999999974], [147.97426, -36.038504999999994], [147.964964, -36.046853000000006], [147.958994, -36.04097400000001], [147.934261, -36.04763700000001], [147.923974, -36.042491], [147.923752, -36.035709], [147.931559, -36.035267000000005], [147.91149, -36.026596999999995], [147.917083, -36.011204], [147.908543, -36.00147299999998], [147.912342, -35.99519800000001], [147.895698, -35.99301799999998], [147.897506, -35.999861], [147.88288, -36.00179799999999], [147.873121, -35.991006000000006], [147.817498, -35.97974100000001], [147.806153, -35.965057], [147.776849, -35.968614], [147.766797, -35.96415800000001], [147.773261, -35.95886300000001], [147.741292, -35.95649000000001], [147.71867200000003, -35.945513], [147.708415, -35.928545], [147.68001, -35.944439], [147.646777, -35.946008000000006], [147.637771, -35.96210999999999], [147.60143800000003, -35.979118], [147.591893, -35.96985899999999], [147.549115, -35.96455000000001], [147.547654, -35.978624999999994], [147.558887, -35.972488999999975], [147.584027, -35.984648], [147.551873, -36.004094999999985], [147.521359, -35.98693600000001], [147.514925, -35.976369], [147.525267, -35.96333800000001], [147.511421, -35.96241199999999], [147.494112, -35.94354899999998], [147.481553, -35.949223], [147.478835, -35.942688999999994], [147.464072, -35.944137], [147.450685, -35.960803999999996], [147.404631, -35.943494999999984], [147.390342, -35.949266000000016], [147.392344, -35.97353300000002], [147.383679, -35.97235200000003], [147.358193, -35.99127599999999], [147.355287, -36.00983200000001], [147.345681, -36.01877199999999], [147.352825, -36.03174899999999], [147.319949, -36.06098700000002], [147.285177, -36.039438999999994], [147.242378, -36.038482], [147.206299, -36.05013599999999], [147.164456, -36.030798], [147.144361, -36.037764999999986], [147.127391, -36.01804700000002], [147.123357, -35.99449800000001], [147.111931, -36.000922], [147.11628, -36.007635], [147.10682, -36.004825000000004], [147.109228, -36.012549], [147.098074, -36.010246], [147.106364, -36.016454999999986], [147.097671, -36.015823000000005], [147.099095, -36.02619399999999], [147.09214, -36.02764999999999], [147.103712, -36.032854], [147.097003, -36.046784], [147.091582, -36.043860999999985], [147.095444, -36.05270999999999], [147.0904, -36.049225999999976], [147.061812, -36.066154999999966], [147.052963, -36.10788100000002], [147.042344, -36.10430500000001], [147.034141, -36.11523899999999], [147.022777, -36.09989499999998], [147.013473, -36.10472099999998], [147.016319, -36.08979799999999], [147.006396, -36.08911499999999], [147.007444, -36.08373200000001], [146.981298, -36.09487600000001], [146.972589, -36.082113000000014], [146.956824, -36.078061], [146.952498, -36.11078799999999], [146.943705, -36.115989], [146.926804, -36.09717800000003], [146.924058, -36.10831500000002], [146.907763, -36.11128399999999], [146.90691, -36.084945999999995], [146.880556, -36.087524], [146.872952, -36.073680999999986], [146.86453, -36.073083999999994], [146.857158, -36.084918000000016], [146.8367, -36.08207299999998], [146.825026, -36.088724000000006], [146.825542, -36.07084699999999], [146.816301, -36.074376999999984], [146.81838, -36.067834], [146.803936, -36.05519399999999], [146.79457000000002, -36.05854499999998], [146.796181, -36.065138], [146.762818, -36.059518999999995], [146.762315, -36.051665], [146.749851, -36.061277], [146.752929, -36.042112999999986], [146.730065, -36.044723999999995], [146.731645, -36.023725], [146.708878, -36.02943500000001], [146.707141, -36.036122000000006], [146.689603, -36.030446], [146.695002, -36.034315], [146.685812, -36.04057600000001], [146.675365, -36.028599], [146.680199, -36.022376], [146.655996, -36.026252000000014], [146.650336, -36.01841100000001], [146.658574, -36.014488], [146.650178, -36.013796000000006], [146.650868, -36.007735], [146.614299, -35.99647999999999], [146.60782, -35.986372], [146.618716, -35.975937], [146.61252, -35.972857999999995], [146.584147, -35.974987000000006], [146.583967, -35.983864000000004], [146.560301, -35.97639099999998], [146.552029, -35.979591999999975], [146.555958, -35.989182], [146.549581, -35.992457], [146.532293, -35.98429899999999], [146.51968100000002, -35.960604000000004], [146.502585, -35.95823500000001], [146.500674, -35.979244000000016], [146.49248, -35.985012000000026], [146.502134, -35.983187999999984], [146.499726, -35.99087], [146.467407, -35.984240000000014], [146.469966, -35.97620099999999], [146.45459500000004, -35.96224699999999], [146.444738, -35.977991], [146.437159, -35.96701500000002], [146.421673, -35.965830999999994], [146.425169, -35.973026999999995], [146.402962, -35.988780000000006], [146.399134, -36.00719900000001], [146.380606, -36.012895], [146.379594, -36.02812699999998], [146.387557, -36.035639], [146.368684, -36.050862], [146.33889, -36.02639499999999], [146.325022, -36.033542999999995], [146.329072, -36.04314399999998], [146.315875, -36.038453], [146.312986, -36.045567999999996], [146.300963, -36.03659], [146.299009, -36.04785899999999], [146.291396, -36.03895200000001], [146.283023, -36.041487999999994], [146.293104, -36.029503], [146.282181, -36.026188], [146.291125, -36.020163000000004], [146.278803, -36.01585], [146.282895, -36.01104799999999], [146.27503000000002, -36.01244100000001], [146.272859, -36.02663099999999], [146.257183, -36.01205300000001], [146.244593, -36.01834000000001], [146.25088900000003, -36.02312999999998], [146.241433, -36.023523999999995], [146.24298, -36.028784], [146.222171, -36.029921], [146.211155, -36.03886000000001], [146.211581, -36.028559000000016], [146.204747, -36.03915800000001], [146.199244, -36.027452999999994], [146.185976, -36.042071], [146.173104, -36.019293], [146.15468, -36.02515900000002], [146.145863, -36.01377600000001], [146.131357, -36.01941300000001], [146.132045, -36.010095], [146.14065, -36.008953999999996], [146.134761, -36.002546999999986], [146.118718, -36.018014], [146.107678, -36.014369000000016], [146.112378, -36.006811], [146.09147, -36.00947699999998], [146.092199, -36.021266], [146.075639, -36.01817700000001], [146.07355, -36.00963700000002], [146.059295, -36.01454800000001], [146.052346, -35.99546499999998], [146.048421, -36.003158], [146.031488, -35.994714], [146.016143, -36.00696200000001], [146.005866, -36.003569], [145.97207, -36.015746999999976], [145.971314, -36.005651], [145.958336, -36.00697300000001], [145.96481800000004, -35.99676999999998], [145.945744, -35.983808999999994], [145.951071, -35.97662600000002], [145.944304, -35.966495000000016], [145.953701, -35.96150000000001], [145.92800000000003, -35.973946999999995], [145.925821, -35.964562999999984], [145.902934, -35.96885600000002], [145.900756, -35.96152900000001], [145.910314, -35.955962], [145.902693, -35.952496000000004], [145.854042, -35.95992699999999], [145.847975, -35.968688999999976], [145.858624, -35.974814000000016], [145.845548, -35.97346000000002], [145.848589, -35.98089900000001], [145.840021, -35.98324400000002], [145.827548, -35.975438000000004], [145.828252, -35.982982], [145.811353, -35.98410199999999], [145.81668, -35.9882], [145.811662, -35.991768999999984], [145.80798, -35.98376199999999], [145.793445, -35.982817], [145.792732, -35.972800999999976], [145.777006, -35.972559000000004], [145.778211, -35.96024299999998], [145.746109, -35.964239], [145.731027, -35.958734], [145.734238, -35.951348], [145.716766, -35.95059400000003], [145.7263, -35.942312], [145.720274, -35.934449], [145.697327, -35.93650099999998], [145.695763, -35.925792], [145.70326900000003, -35.92570200000002], [145.698181, -35.920977], [145.685852, -35.93061500000002], [145.673992, -35.92592400000002], [145.679053, -35.916828999999986], [145.669121, -35.919585999999995], [145.657449, -35.900686], [145.63973000000001, -35.894239000000006], [145.62957, -35.880104999999986], [145.620321, -35.883883999999995], [145.628134, -35.875409], [145.614857, -35.872569999999996], [145.62832, -35.86777499999999], [145.626347, -35.862758], [145.601748, -35.867857], [145.606474, -35.87499800000001], [145.601134, -35.87500799999999], [145.598028, -35.861458000000006], [145.586792, -35.86124499999998], [145.59323, -35.849077000000015], [145.564011, -35.834190000000014], [145.56684, -35.826497], [145.557997, -35.82823], [145.562836, -35.813449000000006], [145.546741, -35.812894], [145.538763, -35.821813000000006], [145.541889, -35.80890500000001], [145.535398, -35.80198300000001], [145.52251, -35.81848599999999], [145.50255600000003, -35.809449000000015], [145.491977, -35.815076000000005], [145.472128, -35.80922999999999], [145.46344, -35.82627399999999], [145.450658, -35.821417999999994], [145.442293, -35.83564200000001], [145.412575, -35.83060099999997], [145.410625, -35.848613], [145.38715, -35.850142000000005], [145.3554, -35.86706699999999], [145.324453, -35.850686], [145.296542, -35.86056600000001], [145.272698, -35.845203], [145.258317, -35.850588000000016], [145.260717, -35.835426000000005], [145.246178, -35.83032100000001], [145.225029, -35.83218399999999], [145.22276, -35.842439999999996], [145.189806, -35.83426700000001], [145.181014, -35.842025999999976], [145.153456, -35.84304499999999], [145.15917000000002, -35.83107700000001], [145.139579, -35.82853799999999], [145.136636, -35.83426999999997], [145.127683, -35.82071599999998], [145.126435, -35.829671], [145.114092, -35.820548], [145.091922, -35.83595699999999], [145.089998, -35.825457], [145.061056, -35.83730899999999], [145.049713, -35.833670999999995], [145.018998, -35.85664699999999], [144.992263, -35.852337999999996], [144.991436, -35.85898400000001], [144.968187, -35.865528000000005], [144.97495400000003, -35.883845], [144.94891700000002, -35.93160200000002], [144.957378, -35.96100499999999], [144.931005, -35.96847], [144.923606, -35.98876799999999], [144.945759, -36.00431199999999], [144.945499, -36.01218600000001], [144.96183100000002, -36.018216], [144.967808, -36.042078000000004], [144.985932, -36.056509], [144.981909, -36.072316], [144.94829, -36.082904000000006], [144.932614, -36.067049], [144.86346, -36.059112], [144.861373, -36.071838], [144.857534, -36.065171], [144.856474, -36.07355299999998], [144.847176, -36.072881], [144.850851, -36.080645000000004], [144.841901, -36.083098], [144.841922, -36.100576], [144.819903, -36.10794699999999], [144.809893, -36.10242800000001], [144.81634, -36.109864999999985], [144.806398, -36.10745699999998], [144.813362, -36.11391199999999], [144.80787, -36.123628000000004], [144.794782, -36.117285], [144.777064, -36.129836999999995], [144.771896, -36.11613200000001], [144.748239, -36.12174599999999], [144.740569, -36.107576], [144.726379, -36.11778100000001], [144.717445, -36.112113], [144.725675, -36.08943800000001], [144.715385, -36.086214000000005], [144.706461, -36.092948], [144.698886, -36.087259], [144.697522, -36.094046999999996], [144.683907, -36.095138000000006], [144.689004, -36.061417000000006], [144.667856, -36.068596], [144.664631, -36.077042000000006], [144.658022, -36.07038000000001], [144.654966, -36.07534900000002], [144.653191, -36.053239999999995], [144.643921, -36.056664], [144.632744, -36.048097], [144.624999, -36.05208100000002], [144.626288, -36.061799999999984], [144.6183, -36.05970800000001], [144.628221, -36.065259], [144.61767, -36.077192000000004], [144.608432, -36.063641000000004], [144.617551, -36.04690399999999], [144.615473, -36.031593000000015], [144.605957, -36.036542000000004], [144.608761, -36.04180799999999], [144.598917, -36.037411], [144.590991, -36.043317999999985], [144.582515, -36.03813499999999], [144.586445, -36.027182000000025], [144.571127, -36.024079000000015], [144.563385, -36.007806], [144.557655, -36.01410700000001], [144.553661, -36.00298399999999], [144.51614000000004, -35.995437999999986], [144.512009, -35.988895], [144.521099, -35.97026599999999], [144.50995, -35.97394500000002], [144.513047, -35.96520199999999], [144.501128, -35.970606], [144.5019, -35.958039], [144.493963, -35.968592], [144.488638, -35.95712299999998], [144.48123, -35.958608999999996], [144.487583, -35.949511], [144.479758, -35.95329499999998], [144.479415, -35.945275], [144.466691, -35.945927], [144.472233, -35.94072499999999], [144.464123, -35.940942], [144.466553, -35.933602], [144.460553, -35.939596], [144.446974, -35.935531000000005], [144.426505, -35.91874399999999], [144.423428, -35.906005000000015], [144.41697900000003, -35.910472], [144.424381, -35.90019399999999], [144.407927, -35.904013000000006], [144.418183, -35.89322], [144.403628, -35.880666], [144.410936, -35.871189], [144.401926, -35.86802000000001], [144.411388, -35.85900300000001], [144.398635, -35.86266700000001], [144.388885, -35.85848], [144.390318, -35.850553000000005], [144.381433, -35.852422999999995], [144.384314, -35.84192199999999], [144.372936, -35.838150000000006], [144.382044, -35.833175000000004], [144.37218900000002, -35.83195000000001], [144.384118, -35.819565000000004], [144.364806, -35.820937], [144.377484, -35.814346000000015], [144.366709, -35.811253000000015], [144.37685, -35.79297899999999], [144.362329, -35.79583400000001], [144.355338, -35.788479], [144.360283, -35.784811], [144.351546, -35.78506900000001], [144.349111, -35.76714200000001], [144.318651, -35.766574000000006], [144.327832, -35.752645999999984], [144.295276, -35.75437900000001], [144.301278, -35.74298599999999], [144.29606, -35.73709100000001], [144.264496, -35.75140300000001], [144.24815, -35.72103400000001], [144.215952, -35.706477000000014], [144.221647, -35.693951999999996], [144.213483, -35.686671], [144.195139, -35.68585800000001], [144.186788, -35.67043099999997], [144.162351, -35.67152599999999], [144.152629, -35.64267799999998], [144.142927, -35.64725299999997], [144.131488, -35.640761], [144.117546, -35.625926000000014], [144.105015, -35.59078000000001], [144.062285, -35.57676800000001], [144.063958, -35.57054500000002], [144.0468, -35.563141000000016], [144.039215, -35.54925700000001], [144.034082, -35.555971], [144.012702, -35.55407300000001], [144.009646, -35.56330700000001], [143.989865, -35.554663], [143.999221, -35.54536699999999], [143.996841, -35.536249999999995], [143.974476, -35.532309], [143.962441, -35.51398000000002], [143.972536, -35.509248999999976], [143.970101, -35.500077999999995], [143.933355, -35.50661000000001], [143.935045, -35.49928799999998], [143.906183, -35.49995799999999], [143.907733, -35.49416200000001], [143.876584, -35.48616599999998], [143.87138, -35.47782799999998], [143.858784, -35.47997800000001], [143.855435, -35.46183799999999], [143.813021, -35.44626499999999], [143.818018, -35.43754499999999], [143.790117, -35.42247699999999], [143.762852, -35.42306599999999], [143.765962, -35.41585799999998], [143.758802, -35.41542700000001], [143.768823, -35.401809], [143.751004, -35.38783500000001], [143.709175, -35.392538], [143.711685, -35.38469000000001], [143.703349, -35.389408], [143.702284, -35.37788200000001], [143.693148, -35.38391699999998], [143.684521, -35.36844600000001], [143.682627, -35.37409099999998], [143.667922, -35.37155399999998], [143.668081, -35.38573499999999], [143.65714, -35.384999], [143.642338, -35.401036999999995], [143.629381, -35.39236799999998], [143.633019, -35.38346700000001], [143.620416, -35.387682000000005], [143.616037, -35.36888399999999], [143.603015, -35.365407000000005], [143.598448, -35.352110999999994], [143.562074, -35.337244], [143.569019, -35.302446999999994], [143.577937, -35.30319700000001], [143.59086, -35.28165899999999], [143.583507, -35.265004999999995], [143.57169, -35.267959], [143.574076, -35.256505000000004], [143.563717, -35.243545], [143.580984, -35.22003600000001], [143.570828, -35.206904999999985], [143.547023, -35.206173], [143.548335, -35.21379], [143.529155, -35.21992100000002], [143.518322, -35.21162], [143.471482, -35.219293], [143.449486, -35.18911200000001], [143.394677, -35.19237699999999], [143.386969, -35.183461999999984], [143.39182, -35.17256699999998], [143.381936, -35.17312000000001], [143.390647, -35.14510700000001], [143.361967, -35.1169], [143.360762, -35.103032000000006], [143.348103, -35.10544000000001], [143.340858, -35.09571400000001], [143.345023, -35.08702000000002], [143.337446, -35.080418], [143.34552, -35.074056], [143.339058, -35.068191], [143.350838, -35.06470199999999], [143.337663, -35.06129399999999], [143.337264, -35.048644999999986], [143.330492, -35.05388], [143.336543, -35.04321900000001], [143.32867900000002, -35.04589999999999], [143.322081, -35.03672699999998], [143.335987, -35.037375], [143.331864, -35.02380399999999], [143.338117, -35.01089099999999], [143.329708, -34.995743999999995], [143.318825, -34.99294300000001], [143.323717, -34.97908499999999], [143.317704, -34.95259800000001], [143.322014, -34.94233899999998], [143.339492, -34.94363200000001], [143.34278900000004, -34.93253300000001], [143.340526, -34.91374000000001], [143.321389, -34.888459999999995], [143.341732, -34.88112000000001], [143.338404, -34.870311999999984], [143.352563, -34.85823499999999], [143.34521, -34.853463000000005], [143.354957, -34.846039], [143.341191, -34.84630899999998], [143.359559, -34.81689899999999], [143.347559, -34.80730200000001], [143.347876, -34.791635], [143.318269, -34.790842], [143.308844, -34.779939000000006], [143.294285, -34.79082199999999], [143.284327, -34.78524500000001], [143.286873, -34.794985], [143.276736, -34.792260000000006], [143.273005, -34.77641200000001], [143.25213, -34.772803], [143.274016, -34.75268500000002], [143.265285, -34.74855800000001], [143.248933, -34.75785300000002], [143.24066, -34.74546000000001], [143.228775, -34.747788999999976], [143.224384, -34.758732999999985], [143.213847, -34.73849600000001], [143.218847, -34.729471000000025], [143.200006, -34.733418], [143.199179, -34.717034000000005], [143.179282, -34.717328999999985], [143.180987, -34.709482000000015], [143.173197, -34.71970900000002], [143.16536, -34.71813600000002], [143.161689, -34.697916000000006], [143.1474, -34.714757000000006], [143.133463, -34.70057699999997], [143.117841, -34.70307600000002], [143.127791, -34.69266100000001], [143.107243, -34.701466], [143.111605, -34.687127], [143.121272, -34.68740100000001], [143.112525, -34.68081900000001], [143.092828, -34.70127299999997], [143.076222, -34.695958], [143.070763, -34.67837999999999], [143.05482200000003, -34.698854999999995], [143.040422, -34.68588799999997], [143.039468, -34.702611], [143.029424, -34.691851000000014], [143.032502, -34.68292799999998], [143.010179, -34.69365800000001], [143.017281, -34.673660000000005], [142.994573, -34.673872], [142.989313, -34.66257900000002], [142.97528200000002, -34.67086100000002], [142.982428, -34.68274000000001], [142.972708, -34.69520700000002], [142.959264, -34.664981999999995], [142.948867, -34.669673999999986], [142.932606, -34.655514999999994], [142.922267, -34.656482], [142.923844, -34.64785600000002], [142.901526, -34.654958000000015], [142.893269, -34.66567899999999], [142.900176, -34.67146399999999], [142.886815, -34.679807999999994], [142.886457, -34.67208499999999], [142.875881, -34.674859], [142.872151, -34.66411900000001], [142.860551, -34.665162], [142.871867, -34.650292], [142.855209, -34.639521999999985], [142.868177, -34.62730599999998], [142.852466, -34.61919499999999], [142.840679, -34.625752], [142.83824, -34.613044], [142.825038, -34.60878], [142.823118, -34.60025099999999], [142.818507, -34.61235699999998], [142.804997, -34.60840100000001], [142.810259, -34.589092999999984], [142.797919, -34.59762799999998], [142.787687, -34.590178], [142.810104, -34.56085500000001], [142.791428, -34.54638900000001], [142.782512, -34.56493300000001], [142.769991, -34.568882], [142.784068, -34.580393], [142.748291, -34.57675900000002], [142.746897, -34.58777900000001], [142.763405, -34.590436000000004], [142.759173, -34.60013599999999], [142.743192, -34.602811], [142.723616, -34.592285000000025], [142.714821, -34.60044199999998], [142.69998, -34.599379999999975], [142.703966, -34.613507], [142.689504, -34.618297999999974], [142.708789, -34.62266400000001], [142.700788, -34.624516000000014], [142.689206, -34.652547], [142.708607, -34.662167000000004], [142.710754, -34.67576900000001], [142.684144, -34.67088400000001], [142.678899, -34.680848], [142.691089, -34.70139700000001], [142.684489, -34.71405700000002], [142.699406, -34.724474], [142.678646, -34.722345000000004], [142.676553, -34.72904600000001], [142.686657, -34.733929], [142.678954, -34.739202], [142.667412, -34.73590800000001], [142.661412, -34.721707000000016], [142.637334, -34.735043], [142.618316, -34.72875099999999], [142.620498, -34.757128], [142.646364, -34.763315000000006], [142.639323, -34.780272], [142.616821, -34.78549900000001], [142.567176, -34.76692800000003], [142.556744, -34.775373], [142.53356, -34.753067], [142.524215, -34.759380000000014], [142.507428, -34.74883899999998], [142.511671, -34.740887999999956], [142.499559, -34.73911699999999], [142.518864, -34.703671000000014], [142.49906, -34.70002599999998], [142.51417, -34.690930999999985], [142.498646, -34.68102500000001], [142.497078, -34.66937600000003], [142.479002, -34.67355100000001], [142.471582, -34.666869000000005], [142.472261, -34.65000299999998], [142.483644, -34.636435], [142.452327, -34.633498], [142.463988, -34.626677], [142.45916, -34.616289], [142.468257, -34.61293400000002], [142.461307, -34.60656499999999], [142.471264, -34.59267700000001], [142.458363, -34.587575000000015], [142.472705, -34.576695], [142.467968, -34.56429499999996], [142.44884700000003, -34.559482999999986], [142.458747, -34.58149800000002], [142.451622, -34.584264999999995], [142.444922, -34.575489999999995], [142.430178, -34.574792999999985], [142.426062, -34.56234799999999], [142.40769300000002, -34.56797199999998], [142.405558, -34.541508], [142.390211, -34.549119000000005], [142.376705, -34.54098499999999], [142.378183, -34.532145000000014], [142.367695, -34.53044599999998], [142.400571, -34.522747], [142.374942, -34.51528399999997], [142.394681, -34.49348399999998], [142.377726, -34.49139699999998], [142.369722, -34.50381900000001], [142.359576, -34.498779], [142.364268, -34.484714999999994], [142.384163, -34.478091], [142.379267, -34.466704], [142.353334, -34.469581999999996], [142.367936, -34.43541500000001], [142.359897, -34.431933000000015], [142.364539, -34.42270399999999], [142.351836, -34.422288], [142.360695, -34.411768000000016], [142.350969, -34.39662899999998], [142.363897, -34.385679999999994], [142.373927, -34.38815100000001], [142.368057, -34.370650000000005], [142.378269, -34.36474999999998], [142.36353, -34.362158], [142.389752, -34.362798999999995], [142.384459, -34.346914999999996], [142.397, -34.343802], [142.396566, -34.33774900000001], [142.367747, -34.32690800000001], [142.330924, -34.339377999999996], [142.294386, -34.323449999999994], [142.283873, -34.32656700000002], [142.284023, -34.31075999999998], [142.298886, -34.305702999999994], [142.286132, -34.296536], [142.273673, -34.30402099999998], [142.267332, -34.295284], [142.253057, -34.30613900000001], [142.235894, -34.306972999999985], [142.232465, -34.296749000000005], [142.248845, -34.284983], [142.248993, -34.265054], [142.23229, -34.255035999999976], [142.243579, -34.245768000000005], [142.24403, -34.23245699999997], [142.235334, -34.22374800000001], [142.244111, -34.21093], [142.23651800000002, -34.203765], [142.23313, -34.21440699999999], [142.220713, -34.182045999999985], [142.198195, -34.183432], [142.183613, -34.17567200000001], [142.167293, -34.183487000000014], [142.166529, -34.171395000000004], [142.159255, -34.171482], [142.16662900000003, -34.153134], [142.14829, -34.148718], [142.138001, -34.16013100000001], [142.120113, -34.15689100000002], [142.119613, -34.174909], [142.08277, -34.173545], [142.077538, -34.157346], [142.065345, -34.150611], [142.075638, -34.131418000000004], [142.027564, -34.122980999999974], [142.023852, -34.11505399999999], [142.0294, -34.11821099999999], [142.042265, -34.105298], [142.037535, -34.09942600000002], [142.012927, -34.10524599999999], [142.022207, -34.124950000000005], [141.977651, -34.112702000000006], [141.969742, -34.11989800000002], [141.970437, -34.136107], [141.945003, -34.11947700000001], [141.934053, -34.138257], [141.925629, -34.13460499999999], [141.929784, -34.12579000000001], [141.922592, -34.11456999999997], [141.903505, -34.11114999999999], [141.884744, -34.11498400000001], [141.888789, -34.12441499999999], [141.876627, -34.13741799999998], [141.867763, -34.12865200000002], [141.853257, -34.13123300000001], [141.850694, -34.12430700000001], [141.841383, -34.13245199999999], [141.786445, -34.111684999999994], [141.776886, -34.11687799999999], [141.777897, -34.10177399999999], [141.756947, -34.112096999999984], [141.752623, -34.106242], [141.761836, -34.09753699999999], [141.746343, -34.10340300000001], [141.731459, -34.09095700000002], [141.725469, -34.094023], [141.729871, -34.10557699999999], [141.719012, -34.11489400000001], [141.708284, -34.09635200000001], [141.67745, -34.10122500000002], [141.632653, -34.121484], [141.627982, -34.14541700000001], [141.611817, -34.13902300000002], [141.61853800000003, -34.15628700000001], [141.60458, -34.149115], [141.583902, -34.15196499999995], [141.602959, -34.16225400000002], [141.589383, -34.177352999999975], [141.604947, -34.183933], [141.603285, -34.191227999999995], [141.589743, -34.186893000000005], [141.583921, -34.198816000000015], [141.560468, -34.19089999999999], [141.547738, -34.20084099999998], [141.533546, -34.19143400000001], [141.533863, -34.210696999999996], [141.510071, -34.216479], [141.506149, -34.210498], [141.518577, -34.203159], [141.506669, -34.19061899999998], [141.518744, -34.180909999999976], [141.496794, -34.155522999999995], [141.465933, -34.16575399999999], [141.450241, -34.161076999999985], [141.444539, -34.168015], [141.432802, -34.15994000000001], [141.433901, -34.145904], [141.407404, -34.14640000000001], [141.40824800000001, -34.127855999999994], [141.388118, -34.13472999999998], [141.381587, -34.12214300000002], [141.369693, -34.12020400000001], [141.368758, -34.12711500000001], [141.358972, -34.11072300000002], [141.348504, -34.11231099999999], [141.346407, -34.12434799999999], [141.324937, -34.13878199999999], [141.325922, -34.12686599999999], [141.31353, -34.12485999999999], [141.317451, -34.11241300000001], [141.30079, -34.113718000000006], [141.283701, -34.103874], [141.259566, -34.07813399999999], [141.242543, -34.087341000000016], [141.247217, -34.07320899999999], [141.241808, -34.06131499999999], [141.228468, -34.073651000000005], [141.222119, -34.061677], [141.205907, -34.06172299999999], [141.187449, -34.07929400000001], [141.193531, -34.08957600000001], [141.184951, -34.091950999999995], [141.174668, -34.073334], [141.165854, -34.083212], [141.15367, -34.08211800000001], [141.15318, -34.068915000000004], [141.143847, -34.06779900000001], [141.15344300000004, -34.06418899999999], [141.15311100000002, -34.05452100000001], [141.142973, -34.063533999999976], [141.137307, -34.05756099999997], [141.120338, -34.064866000000016], [141.094238, -34.05065599999997], [141.087257, -34.05717299999999], [141.097587, -34.070035000000004], [141.089218, -34.076696000000005], [141.08491, -34.06228800000002], [141.071951, -34.06290999999998], [141.065601, -34.05006199999998], [141.042463, -34.061100999999994], [141.04358, -34.04320000000001], [141.036145, -34.036049999999975], [141.024324, -34.059905999999984], [141.001935, -34.039284], [141.00377600000002, -34.02760399999996], [141.012366, -34.02473600000001], [141.002957, -34.02253700000001], [141.00260560839348, -33.56443670202803], [141.00262312089984, -33.56443645321597]]]}}, {"type": "Feature", "properties": {"id": "open_road", "area_km2": 54623}, "geometry": {"type": "Polygon", "coordinates": [[[149.93069046586086, -37.048941191017995], [149.923414, -37.04630599999998], [149.909916, -37.06208299999999], [149.914847, -37.07611899999999], [149.90187600000002, -37.069157999999995], [149.872514, -37.08320799999999], [149.878305, -37.101044], [149.893487, -37.097086999999995], [149.911385, -37.1118], [149.929726, -37.11011299999999], [149.926203, -37.100314999999995], [149.953789, -37.100888], [149.95232, -37.108727], [149.96493752376293, -37.11477779717232], [149.96956557133475, -37.12366646866], [149.968962, -37.12568199999999], [149.97186830407435, -37.128088383288485], [150.01554666175994, -37.211871018771916], [150.010766, -37.21181299999999], [150.01783993907918, -37.21626506985748], [150.04085592054935, -37.260338236230005], [150.013021, -37.255478000000025], [149.98678, -37.239931999999996], [149.96602500000003, -37.24984300000001], [149.944008, -37.277729], [149.950848, -37.295648], [149.969726, -37.30969699999999], [149.972162, -37.328523], [149.94983100000002, -37.37466899999998], [149.956554, -37.423509000000024], [149.97541, -37.445449999999994], [149.976679, -37.50506], [148.194946, -36.79625300000001], [148.182473, -36.80489500000001], [148.17959500000003, -36.79632599999999], [148.156663, -36.790013], [148.126771, -36.796451000000005], [148.120152, -36.80607899999999], [148.108888, -36.800865], [148.097983, -36.787160999999976], [148.126081, -36.75941699999999], [148.120472, -36.75630299999999], [148.132654, -36.75084700000002], [148.136703, -36.73843599999998], [148.130703, -36.734683], [148.17024300000003, -36.71279899999998], [148.211171, -36.65051899999999], [148.219547, -36.61955799999999], [148.214196, -36.61048999999998], [148.202781, -36.61191500000001], [148.217563, -36.598239], [148.20599, -36.586932000000004], [148.19033, -36.584891000000006], [148.190134, -36.57661999999999], [148.169411, -36.57369600000002], [148.160713, -36.57977600000001], [148.150489, -36.55833599999999], [148.13341, -36.566921000000015], [148.124337, -36.550642], [148.139815, -36.525445000000005], [148.11763, -36.495476000000004], [148.126424, -36.485274000000004], [148.119093, -36.48188399999999], [148.12466300000003, -36.464713], [148.087601, -36.45189500000001], [148.08028, -36.422101], [148.059945, -36.415537999999984], [148.058163, -36.400803999999994], [148.037583, -36.39022500000001], [148.045966, -36.36703799999997], [148.037836, -36.366246], [148.048959, -36.355632000000014], [148.05561300000002, -36.334385999999995], [148.051243, -36.324556999999984], [148.058941, -36.32004599999999], [148.035011, -36.310576999999995], [148.043928, -36.29947900000001], [148.035234, -36.29232900000001], [148.040119, -36.284157], [148.033753, -36.28222999999997], [148.032828, -36.26586000000002], [148.038676, -36.259221], [148.02884, -36.247044], [148.0349, -36.23411600000003], [148.026096, -36.22304200000001], [148.04062, -36.20695100000002], [148.021819, -36.176462], [148.034795, -36.16298299999998], [148.022899, -36.153456999999996], [148.035191, -36.152536000000005], [148.037726, -36.14079699999999], [148.002388, -36.140056999999985], [148.000537, -36.12435499999998], [147.990652, -36.12127199999999], [147.998229, -36.11591899999999], [147.991074, -36.11125099999998], [147.999218, -36.09865500000001], [147.980247, -36.086482], [147.982389, -36.07789099999998], [147.992889, -36.08107100000001], [147.989467, -36.06847799999999], [147.999692, -36.046204000000024], [147.99126000000004, -36.052559000000024], [147.981774, -36.040254000000004], [147.973234, -36.046313999999974], [147.97426, -36.038504999999994], [147.964964, -36.046853000000006], [147.958994, -36.04097400000001], [147.934261, -36.04763700000001], [147.923974, -36.042491], [147.923752, -36.035709], [147.931559, -36.035267000000005], [147.91149, -36.026596999999995], [147.917083, -36.011204], [147.908543, -36.00147299999998], [147.912342, -35.99519800000001], [147.895698, -35.99301799999998], [147.897506, -35.999861], [147.88288, -36.00179799999999], [147.873121, -35.991006000000006], [147.817498, -35.97974100000001], [147.806153, -35.965057], [147.776849, -35.968614], [147.766797, -35.96415800000001], [147.773261, -35.95886300000001], [147.741292, -35.95649000000001], [147.71867200000003, -35.945513], [147.708415, -35.928545], [147.68001, -35.944439], [147.646777, -35.946008000000006], [147.637771, -35.96210999999999], [147.60143800000003, -35.979118], [147.591893, -35.96985899999999], [147.549115, -35.96455000000001], [147.547654, -35.978624999999994], [147.558887, -35.972488999999975], [147.584027, -35.984648], [147.551873, -36.004094999999985], [147.521359, -35.98693600000001], [147.514925, -35.976369], [147.525267, -35.96333800000001], [147.511421, -35.96241199999999], [147.494112, -35.94354899999998], [147.481553, -35.949223], [147.478835, -35.942688999999994], [147.464072, -35.944137], [147.450685, -35.960803999999996], [147.404631, -35.943494999999984], [147.390342, -35.949266000000016], [147.392344, -35.97353300000002], [147.383679, -35.97235200000003], [147.358193, -35.99127599999999], [147.355287, -36.00983200000001], [147.345681, -36.01877199999999], [147.352825, -36.03174899999999], [147.319949, -36.06098700000002], [147.285177, -36.039438999999994], [147.242378, -36.038482], [147.206299, -36.05013599999999], [147.164456, -36.030798], [147.144361, -36.037764999999986], [147.127391, -36.01804700000002], [147.123357, -35.99449800000001], [147.111931, -36.000922], [147.11628, -36.007635], [147.10682, -36.004825000000004], [147.109228, -36.012549], [147.098074, -36.010246], [147.106364, -36.016454999999986], [147.097671, -36.015823000000005], [147.099095, -36.02619399999999], [147.09214, -36.02764999999999], [147.103712, -36.032854], [147.097003, -36.046784], [147.091582, -36.043860999999985], [147.095444, -36.05270999999999], [147.0904, -36.049225999999976], [147.061812, -36.066154999999966], [147.052963, -36.10788100000002], [147.042344, -36.10430500000001], [147.034141, -36.11523899999999], [147.022777, -36.09989499999998], [147.013473, -36.10472099999998], [147.016319, -36.08979799999999], [147.006396, -36.08911499999999], [147.007444, -36.08373200000001], [146.981298, -36.09487600000001], [146.972589, -36.082113000000014], [146.956824, -36.078061], [146.952498, -36.11078799999999], [146.943705, -36.115989], [146.926804, -36.09717800000003], [146.924058, -36.10831500000002], [146.907763, -36.11128399999999], [146.90691, -36.084945999999995], [146.880556, -36.087524], [146.872952, -36.073680999999986], [146.86453, -36.073083999999994], [146.857158, -36.084918000000016], [146.8367, -36.08207299999998], [146.825026, -36.088724000000006], [146.825542, -36.07084699999999], [146.816301, -36.074376999999984], [146.81838, -36.067834], [146.803936, -36.05519399999999], [146.79457000000002, -36.05854499999998], [146.796181, -36.065138], [146.762818, -36.059518999999995], [146.762315, -36.051665], [146.749851, -36.061277], [146.752929, -36.042112999999986], [146.730065, -36.044723999999995], [146.731645, -36.023725], [146.708878, -36.02943500000001], [146.707141, -36.036122000000006], [146.689603, -36.030446], [146.695002, -36.034315], [146.685812, -36.04057600000001], [146.675365, -36.028599], [146.680199, -36.022376], [146.655996, -36.026252000000014], [146.650336, -36.01841100000001], [146.658574, -36.014488], [146.650178, -36.013796000000006], [146.650868, -36.007735], [146.614299, -35.99647999999999], [146.60782, -35.986372], [146.618716, -35.975937], [146.61252, -35.972857999999995], [146.584147, -35.974987000000006], [146.583967, -35.983864000000004], [146.560301, -35.97639099999998], [146.552029, -35.979591999999975], [146.555958, -35.989182], [146.549581, -35.992457], [146.532293, -35.98429899999999], [146.51968100000002, -35.960604000000004], [146.502585, -35.95823500000001], [146.500674, -35.979244000000016], [146.49248, -35.985012000000026], [146.502134, -35.983187999999984], [146.499726, -35.99087], [146.467407, -35.984240000000014], [146.469966, -35.97620099999999], [146.45459500000004, -35.96224699999999], [146.444738, -35.977991], [146.437159, -35.96701500000002], [146.421673, -35.965830999999994], [146.425169, -35.973026999999995], [146.402962, -35.988780000000006], [146.399134, -36.00719900000001], [146.380606, -36.012895], [146.379594, -36.02812699999998], [146.387557, -36.035639], [146.368684, -36.050862], [146.33889, -36.02639499999999], [146.325022, -36.033542999999995], [146.329072, -36.04314399999998], [146.315875, -36.038453], [146.312986, -36.045567999999996], [146.300963, -36.03659], [146.299009, -36.04785899999999], [146.291396, -36.03895200000001], [146.283023, -36.041487999999994], [146.293104, -36.029503], [146.282181, -36.026188], [146.291125, -36.020163000000004], [146.278803, -36.01585], [146.282895, -36.01104799999999], [146.27503000000002, -36.01244100000001], [146.272859, -36.02663099999999], [146.257183, -36.01205300000001], [146.244593, -36.01834000000001], [146.25088900000003, -36.02312999999998], [146.241433, -36.023523999999995], [146.24298, -36.028784], [146.222171, -36.029921], [146.211155, -36.03886000000001], [146.211581, -36.028559000000016], [146.204747, -36.03915800000001], [146.199244, -36.027452999999994], [146.185976, -36.042071], [146.173104, -36.019293], [146.15468, -36.02515900000002], [146.145863, -36.01377600000001], [146.131357, -36.01941300000001], [146.132045, -36.010095], [146.14065, -36.008953999999996], [146.134761, -36.002546999999986], [146.118718, -36.018014], [146.107678, -36.014369000000016], [146.112378, -36.006811], [146.09147, -36.00947699999998], [146.092199, -36.021266], [146.075639, -36.01817700000001], [146.07355, -36.00963700000002], [146.059295, -36.01454800000001], [146.052346, -35.99546499999998], [146.048421, -36.003158], [146.031488, -35.994714], [146.016143, -36.00696200000001], [146.005866, -36.003569], [145.97207, -36.015746999999976], [145.971314, -36.005651], [145.958336, -36.00697300000001], [145.96481800000004, -35.99676999999998], [145.945744, -35.983808999999994], [145.951071, -35.97662600000002], [145.944304, -35.966495000000016], [145.953701, -35.96150000000001], [145.92800000000003, -35.973946999999995], [145.925821, -35.964562999999984], [145.902934, -35.96885600000002], [145.900756, -35.96152900000001], [145.910314, -35.955962], [145.902693, -35.952496000000004], [145.854042, -35.95992699999999], [145.847975, -35.968688999999976], [145.858624, -35.974814000000016], [145.845548, -35.97346000000002], [145.848589, -35.98089900000001], [145.840021, -35.98324400000002], [145.827548, -35.975438000000004], [145.828252, -35.982982], [145.811353, -35.98410199999999], [145.81668, -35.9882], [145.811662, -35.991768999999984], [145.80798, -35.98376199999999], [145.793445, -35.982817], [145.792732, -35.972800999999976], [145.777006, -35.972559000000004], [145.778211, -35.96024299999998], [145.746109, -35.964239], [145.731027, -35.958734], [145.734238, -35.951348], [145.716766, -35.95059400000003], [145.7263, -35.942312], [145.720274, -35.934449], [145.697327, -35.93650099999998], [145.695763, -35.925792], [145.70326900000003, -35.92570200000002], [145.698181, -35.920977], [145.685852, -35.93061500000002], [145.673992, -35.92592400000002], [145.679053, -35.916828999999986], [145.669121, -35.919585999999995], [145.657449, -35.900686], [145.63973000000001, -35.894239000000006], [145.62957, -35.880104999999986], [145.620321, -35.883883999999995], [145.628134, -35.875409], [145.614857, -35.872569999999996], [145.62832, -35.86777499999999], [145.626347, -35.862758], [145.601748, -35.867857], [145.606474, -35.87499800000001], [145.601134, -35.87500799999999], [145.598028, -35.861458000000006], [145.586792, -35.86124499999998], [145.59323, -35.849077000000015], [145.564011, -35.834190000000014], [145.56684, -35.826497], [145.557997, -35.82823], [145.562836, -35.813449000000006], [145.546741, -35.812894], [145.538763, -35.821813000000006], [145.541889, -35.80890500000001], [145.535398, -35.80198300000001], [145.52251, -35.81848599999999], [145.50255600000003, -35.809449000000015], [145.491977, -35.815076000000005], [145.472128, -35.80922999999999], [145.46344, -35.82627399999999], [145.450658, -35.821417999999994], [145.442293, -35.83564200000001], [145.412575, -35.83060099999997], [145.410625, -35.848613], [145.38715, -35.850142000000005], [145.3554, -35.86706699999999], [145.324453, -35.850686], [145.296542, -35.86056600000001], [145.272698, -35.845203], [145.258317, -35.850588000000016], [145.260717, -35.835426000000005], [145.246178, -35.83032100000001], [145.225029, -35.83218399999999], [145.22276, -35.842439999999996], [145.189806, -35.83426700000001], [145.181014, -35.842025999999976], [145.153456, -35.84304499999999], [145.15917000000002, -35.83107700000001], [145.139579, -35.82853799999999], [145.136636, -35.83426999999997], [145.127683, -35.82071599999998], [145.126435, -35.829671], [145.114092, -35.820548], [145.091922, -35.83595699999999], [145.089998, -35.825457], [145.061056, -35.83730899999999], [145.049713, -35.833670999999995], [145.018998, -35.85664699999999], [144.992263, -35.852337999999996], [144.991436, -35.85898400000001], [144.968187, -35.865528000000005], [144.97495400000003, -35.883845], [144.94891700000002, -35.93160200000002], [144.957378, -35.96100499999999], [144.931005, -35.96847], [144.923606, -35.98876799999999], [144.945759, -36.00431199999999], [144.945499, -36.01218600000001], [144.96183100000002, -36.018216], [144.967808, -36.042078000000004], [144.985932, -36.056509], [144.981909, -36.072316], [144.94829, -36.082904000000006], [144.932614, -36.067049], [144.86346, -36.059112], [144.861373, -36.071838], [144.857534, -36.065171], [144.856474, -36.07355299999998], [144.847176, -36.072881], [144.850851, -36.080645000000004], [144.841901, -36.083098], [144.841922, -36.100576], [144.819903, -36.10794699999999], [144.809893, -36.10242800000001], [144.81634, -36.109864999999985], [144.806398, -36.10745699999998], [144.813362, -36.11391199999999], [144.80787, -36.123628000000004], [144.794782, -36.117285], [144.777064, -36.129836999999995], [144.771896, -36.11613200000001], [144.748239, -36.12174599999999], [144.740569, -36.107576], [144.726379, -36.11778100000001], [144.717445, -36.112113], [144.725675, -36.08943800000001], [144.715385, -36.086214000000005], [144.706461, -36.092948], [144.698886, -36.087259], [144.697522, -36.094046999999996], [144.683907, -36.095138000000006], [144.689004, -36.061417000000006], [144.667856, -36.068596], [144.664631, -36.077042000000006], [144.658022, -36.07038000000001], [144.654966, -36.07534900000002], [144.653191, -36.053239999999995], [144.643921, -36.056664], [144.632744, -36.048097], [144.624999, -36.05208100000002], [144.626288, -36.061799999999984], [144.6183, -36.05970800000001], [144.628221, -36.065259], [144.61767, -36.077192000000004], [144.608432, -36.063641000000004], [144.617551, -36.04690399999999], [144.615473, -36.031593000000015], [144.605957, -36.036542000000004], [144.608761, -36.04180799999999], [144.598917, -36.037411], [144.590991, -36.043317999999985], [144.582515, -36.03813499999999], [144.586445, -36.027182000000025], [144.571127, -36.024079000000015], [144.563385, -36.007806], [144.557655, -36.01410700000001], [144.553661, -36.00298399999999], [144.51614000000004, -35.995437999999986], [144.512009, -35.988895], [144.521099, -35.97026599999999], [144.50995, -35.97394500000002], [144.513047, -35.96520199999999], [144.501128, -35.970606], [144.5019, -35.958039], [144.493963, -35.968592], [144.488638, -35.95712299999998], [144.48123, -35.958608999999996], [144.487583, -35.949511], [144.479758, -35.95329499999998], [144.479415, -35.945275], [144.466691, -35.945927], [144.472233, -35.94072499999999], [144.464123, -35.940942], [144.466553, -35.933602], [144.460553, -35.939596], [144.446974, -35.935531000000005], [144.426505, -35.91874399999999], [144.423428, -35.906005000000015], [144.41697900000003, -35.910472], [144.424381, -35.90019399999999], [144.407927, -35.904013000000006], [144.418183, -35.89322], [144.403628, -35.880666], [144.410936, -35.871189], [144.401926, -35.86802000000001], [144.411388, -35.85900300000001], [144.398635, -35.86266700000001], [144.388885, -35.85848], [144.390318, -35.850553000000005], [144.381433, -35.852422999999995], [144.384314, -35.84192199999999], [144.372936, -35.838150000000006], [144.382044, -35.833175000000004], [144.37218900000002, -35.83195000000001], [144.384118, -35.819565000000004], [144.364806, -35.820937], [144.377484, -35.814346000000015], [144.366709, -35.811253000000015], [144.37685, -35.79297899999999], [144.362329, -35.79583400000001], [144.355338, -35.788479], [144.360283, -35.784811], [144.351546, -35.78506900000001], [144.349111, -35.76714200000001], [144.318651, -35.766574000000006], [144.327832, -35.752645999999984], [144.295276, -35.75437900000001], [144.301278, -35.74298599999999], [144.29606, -35.73709100000001], [144.264496, -35.75140300000001], [144.24815, -35.72103400000001], [144.215952, -35.706477000000014], [144.221647, -35.693951999999996], [144.213483, -35.686671], [144.195139, -35.68585800000001], [144.186788, -35.67043099999997], [144.162351, -35.67152599999999], [144.152629, -35.64267799999998], [144.142927, -35.64725299999997], [144.131488, -35.640761], [144.117546, -35.625926000000014], [144.105015, -35.59078000000001], [144.062285, -35.57676800000001], [144.063958, -35.57054500000002], [144.0468, -35.563141000000016], [144.039215, -35.54925700000001], [144.034082, -35.555971], [144.012702, -35.55407300000001], [144.009646, -35.56330700000001], [143.989865, -35.554663], [143.999221, -35.54536699999999], [143.996841, -35.536249999999995], [143.974476, -35.532309], [143.962441, -35.51398000000002], [143.972536, -35.509248999999976], [143.970101, -35.500077999999995], [143.933355, -35.50661000000001], [143.935045, -35.49928799999998], [143.906183, -35.49995799999999], [143.907733, -35.49416200000001], [143.876584, -35.48616599999998], [143.87138, -35.47782799999998], [143.858784, -35.47997800000001], [143.855435, -35.46183799999999], [143.813021, -35.44626499999999], [143.818018, -35.43754499999999], [143.790117, -35.42247699999999], [143.762852, -35.42306599999999], [143.765962, -35.41585799999998], [143.758802, -35.41542700000001], [143.768823, -35.401809], [143.751004, -35.38783500000001], [143.709175, -35.392538], [143.711685, -35.38469000000001], [143.703349, -35.389408], [143.702284, -35.37788200000001], [143.693148, -35.38391699999998], [143.684521, -35.36844600000001], [143.682627, -35.37409099999998], [143.667922, -35.37155399999998], [143.668081, -35.38573499999999], [143.65714, -35.384999], [143.642338, -35.401036999999995], [143.629381, -35.39236799999998], [143.633019, -35.38346700000001], [143.620416, -35.387682000000005], [143.616037, -35.36888399999999], [143.603015, -35.365407000000005], [143.598448, -35.352110999999994], [143.562074, -35.337244], [143.569019, -35.302446999999994], [143.577937, -35.30319700000001], [143.59086, -35.28165899999999], [143.583507, -35.265004999999995], [143.57169, -35.267959], [143.574076, -35.256505000000004], [143.563717, -35.243545], [143.580984, -35.22003600000001], [143.570828, -35.206904999999985], [143.547023, -35.206173], [143.548335, -35.21379], [143.529155, -35.21992100000002], [143.518322, -35.21162], [143.471482, -35.219293], [143.449486, -35.18911200000001], [143.394677, -35.19237699999999], [143.386969, -35.183461999999984], [143.39182, -35.17256699999998], [143.381936, -35.17312000000001], [143.390647, -35.14510700000001], [143.361967, -35.1169], [143.360762, -35.103032000000006], [143.348103, -35.10544000000001], [143.340858, -35.09571400000001], [143.345023, -35.08702000000002], [143.337446, -35.080418], [143.34552, -35.074056], [143.339058, -35.068191], [143.350838, -35.06470199999999], [143.337663, -35.06129399999999], [143.337264, -35.048644999999986], [143.330492, -35.05388], [143.336543, -35.04321900000001], [143.32867900000002, -35.04589999999999], [143.322081, -35.03672699999998], [143.335987, -35.037375], [143.331864, -35.02380399999999], [143.338117, -35.01089099999999], [143.329708, -34.995743999999995], [143.318825, -34.99294300000001], [143.323717, -34.97908499999999], [143.317704, -34.95259800000001], [143.322014, -34.94233899999998], [143.339492, -34.94363200000001], [143.34278900000004, -34.93253300000001], [143.340526, -34.91374000000001], [143.321389, -34.888459999999995], [143.341732, -34.88112000000001], [143.338404, -34.870311999999984], [143.352563, -34.85823499999999], [143.34521, -34.853463000000005], [143.354957, -34.846039], [143.341191, -34.84630899999998], [143.359559, -34.81689899999999], [143.347559, -34.80730200000001], [143.347876, -34.791635], [143.318269, -34.790842], [143.308844, -34.779939000000006], [143.294285, -34.79082199999999], [143.284327, -34.78524500000001], [143.286873, -34.794985], [143.276736, -34.792260000000006], [143.273005, -34.77641200000001], [143.25213, -34.772803], [143.274016, -34.75268500000002], [143.265285, -34.74855800000001], [143.248933, -34.75785300000002], [143.24066, -34.74546000000001], [143.228775, -34.747788999999976], [143.224384, -34.758732999999985], [143.213847, -34.73849600000001], [143.218847, -34.729471000000025], [143.200006, -34.733418], [143.199179, -34.717034000000005], [143.179282, -34.717328999999985], [143.180987, -34.709482000000015], [143.173197, -34.71970900000002], [143.16536, -34.71813600000002], [143.161689, -34.697916000000006], [143.1474, -34.714757000000006], [143.133463, -34.70057699999997], [143.117841, -34.70307600000002], [143.127791, -34.69266100000001], [143.107243, -34.701466], [143.111605, -34.687127], [143.121272, -34.68740100000001], [143.112525, -34.68081900000001], [143.092828, -34.70127299999997], [143.076222, -34.695958], [143.070763, -34.67837999999999], [143.05482200000003, -34.698854999999995], [143.040422, -34.68588799999997], [143.039468, -34.702611], [143.029424, -34.691851000000014], [143.032502, -34.68292799999998], [143.010179, -34.69365800000001], [143.017281, -34.673660000000005], [142.994573, -34.673872], [142.989313, -34.66257900000002], [142.97528200000002, -34.67086100000002], [142.982428, -34.68274000000001], [142.972708, -34.69520700000002], [142.959264, -34.664981999999995], [142.948867, -34.669673999999986], [142.932606, -34.655514999999994], [142.922267, -34.656482], [142.923844, -34.64785600000002], [142.901526, -34.654958000000015], [142.893269, -34.66567899999999], [142.900176, -34.67146399999999], [142.886815, -34.679807999999994], [142.886457, -34.67208499999999], [142.875881, -34.674859], [142.872151, -34.66411900000001], [142.860551, -34.665162], [142.871867, -34.650292], [142.855209, -34.639521999999985], [142.868177, -34.62730599999998], [142.852466, -34.61919499999999], [142.840679, -34.625752], [142.83824, -34.613044], [142.825038, -34.60878], [142.823118, -34.60025099999999], [142.818507, -34.61235699999998], [142.804997, -34.60840100000001], [142.810259, -34.589092999999984], [142.797919, -34.59762799999998], [142.787687, -34.590178], [142.810104, -34.56085500000001], [142.791428, -34.54638900000001], [142.782512, -34.56493300000001], [142.769991, -34.568882], [142.784068, -34.580393], [142.748291, -34.57675900000002], [142.746897, -34.58777900000001], [142.763405, -34.590436000000004], [142.759173, -34.60013599999999], [142.743192, -34.602811], [142.723616, -34.592285000000025], [142.714821, -34.60044199999998], [142.69998, -34.599379999999975], [142.703966, -34.613507], [142.689504, -34.618297999999974], [142.708789, -34.62266400000001], [142.700788, -34.624516000000014], [142.689206, -34.652547], [142.708607, -34.662167000000004], [142.710754, -34.67576900000001], [142.684144, -34.67088400000001], [142.678899, -34.680848], [142.691089, -34.70139700000001], [142.684489, -34.71405700000002], [142.699406, -34.724474], [142.678646, -34.722345000000004], [142.676553, -34.72904600000001], [142.686657, -34.733929], [142.678954, -34.739202], [142.667412, -34.73590800000001], [142.661412, -34.721707000000016], [142.637334, -34.735043], [142.618316, -34.72875099999999], [142.620498, -34.757128], [142.646364, -34.763315000000006], [142.639323, -34.780272], [142.616821, -34.78549900000001], [142.567176, -34.76692800000003], [142.556744, -34.775373], [142.53356, -34.753067], [142.524215, -34.759380000000014], [142.507428, -34.74883899999998], [142.511671, -34.740887999999956], [142.499559, -34.73911699999999], [142.518864, -34.703671000000014], [142.49906, -34.70002599999998], [142.51417, -34.690930999999985], [142.498646, -34.68102500000001], [142.497078, -34.66937600000003], [142.479002, -34.67355100000001], [142.471582, -34.666869000000005], [142.472261, -34.65000299999998], [142.483644, -34.636435], [142.452327, -34.633498], [142.463988, -34.626677], [142.45916, -34.616289], [142.468257, -34.61293400000002], [142.461307, -34.60656499999999], [142.471264, -34.59267700000001], [142.458363, -34.587575000000015], [142.472705, -34.576695], [142.467968, -34.56429499999996], [142.44884700000003, -34.559482999999986], [142.458747, -34.58149800000002], [142.451622, -34.584264999999995], [142.444922, -34.575489999999995], [142.430178, -34.574792999999985], [142.426062, -34.56234799999999], [142.40769300000002, -34.56797199999998], [142.405558, -34.541508], [142.390211, -34.549119000000005], [142.376705, -34.54098499999999], [142.378183, -34.532145000000014], [142.367695, -34.53044599999998], [142.400571, -34.522747], [142.374942, -34.51528399999997], [142.394681, -34.49348399999998], [142.377726, -34.49139699999998], [142.369722, -34.50381900000001], [142.359576, -34.498779], [142.364268, -34.484714999999994], [142.384163, -34.478091], [142.379267, -34.466704], [142.353334, -34.469581999999996], [142.367936, -34.43541500000001], [142.359897, -34.431933000000015], [142.364539, -34.42270399999999], [142.351836, -34.422288], [142.360695, -34.411768000000016], [142.350969, -34.39662899999998], [142.363897, -34.385679999999994], [142.373927, -34.38815100000001], [142.368057, -34.370650000000005], [142.378269, -34.36474999999998], [142.36353, -34.362158], [142.389752, -34.362798999999995], [142.384459, -34.346914999999996], [142.397, -34.343802], [142.396566, -34.33774900000001], [142.367747, -34.32690800000001], [142.330924, -34.339377999999996], [142.294386, -34.323449999999994], [142.283873, -34.32656700000002], [142.284023, -34.31075999999998], [142.298886, -34.305702999999994], [142.286132, -34.296536], [142.273673, -34.30402099999998], [142.267332, -34.295284], [142.253057, -34.30613900000001], [142.235894, -34.306972999999985], [142.232465, -34.296749000000005], [142.248845, -34.284983], [142.248993, -34.265054], [142.23229, -34.255035999999976], [142.243579, -34.245768000000005], [142.24403, -34.23245699999997], [142.235334, -34.22374800000001], [142.244111, -34.21093], [142.23651800000002, -34.203765], [142.23313, -34.21440699999999], [142.220713, -34.182045999999985], [142.198195, -34.183432], [142.183613, -34.17567200000001], [142.167293, -34.183487000000014], [142.166529, -34.171395000000004], [142.159255, -34.171482], [142.16662900000003, -34.153134], [142.14829, -34.148718], [142.138001, -34.16013100000001], [142.120113, -34.15689100000002], [142.119613, -34.174909], [142.08277, -34.173545], [142.077538, -34.157346], [142.065345, -34.150611], [142.075638, -34.131418000000004], [142.027564, -34.122980999999974], [142.023852, -34.11505399999999], [142.0294, -34.11821099999999], [142.042265, -34.105298], [142.037535, -34.09942600000002], [142.012927, -34.10524599999999], [142.022207, -34.124950000000005], [141.977651, -34.112702000000006], [141.969742, -34.11989800000002], [141.970437, -34.136107], [141.945003, -34.11947700000001], [141.934053, -34.138257], [141.925629, -34.13460499999999], [141.929784, -34.12579000000001], [141.922592, -34.11456999999997], [141.903505, -34.11114999999999], [141.884744, -34.11498400000001], [141.888789, -34.12441499999999], [141.876627, -34.13741799999998], [141.867763, -34.12865200000002], [141.853257, -34.13123300000001], [141.850694, -34.12430700000001], [141.841383, -34.13245199999999], [141.786445, -34.111684999999994], [141.776886, -34.11687799999999], [141.777897, -34.10177399999999], [141.756947, -34.112096999999984], [141.752623, -34.106242], [141.761836, -34.09753699999999], [141.746343, -34.10340300000001], [141.731459, -34.09095700000002], [141.725469, -34.094023], [141.729871, -34.10557699999999], [141.719012, -34.11489400000001], [141.708284, -34.09635200000001], [141.67745, -34.10122500000002], [141.632653, -34.121484], [141.627982, -34.14541700000001], [141.611817, -34.13902300000002], [141.61853800000003, -34.15628700000001], [141.60458, -34.149115], [141.583902, -34.15196499999995], [141.602959, -34.16225400000002], [141.589383, -34.177352999999975], [141.604947, -34.183933], [141.603285, -34.191227999999995], [141.589743, -34.186893000000005], [141.583921, -34.198816000000015], [141.560468, -34.19089999999999], [141.547738, -34.20084099999998], [141.533546, -34.19143400000001], [141.533863, -34.210696999999996], [141.510071, -34.216479], [141.506149, -34.210498], [141.518577, -34.203159], [141.506669, -34.19061899999998], [141.518744, -34.180909999999976], [141.496794, -34.155522999999995], [141.465933, -34.16575399999999], [141.450241, -34.161076999999985], [141.444539, -34.168015], [141.432802, -34.15994000000001], [141.433901, -34.145904], [141.407404, -34.14640000000001], [141.40824800000001, -34.127855999999994], [141.388118, -34.13472999999998], [141.381587, -34.12214300000002], [141.369693, -34.12020400000001], [141.368758, -34.12711500000001], [141.358972, -34.11072300000002], [141.348504, -34.11231099999999], [141.346407, -34.12434799999999], [141.324937, -34.13878199999999], [141.325922, -34.12686599999999], [141.31353, -34.12485999999999], [141.317451, -34.11241300000001], [141.30079, -34.113718000000006], [141.283701, -34.103874], [141.259566, -34.07813399999999], [141.242543, -34.087341000000016], [141.247217, -34.07320899999999], [141.241808, -34.06131499999999], [141.228468, -34.073651000000005], [141.222119, -34.061677], [141.205907, -34.06172299999999], [141.187449, -34.07929400000001], [141.193531, -34.08957600000001], [141.184951, -34.091950999999995], [141.174668, -34.073334], [141.165854, -34.083212], [141.15367, -34.08211800000001], [141.15318, -34.068915000000004], [141.143847, -34.06779900000001], [141.15344300000004, -34.06418899999999], [141.15311100000002, -34.05452100000001], [141.142973, -34.063533999999976], [141.137307, -34.05756099999997], [141.120338, -34.064866000000016], [141.094238, -34.05065599999997], [141.087257, -34.05717299999999], [141.097587, -34.070035000000004], [141.089218, -34.076696000000005], [141.08491, -34.06228800000002], [141.071951, -34.06290999999998], [141.065601, -34.05006199999998], [141.042463, -34.061100999999994], [141.04358, -34.04320000000001], [141.036145, -34.036049999999975], [141.024324, -34.059905999999984], [141.001935, -34.039284], [141.00377600000002, -34.02760399999996], [141.012366, -34.02473600000001], [141.002957, -34.02253700000001], [141.00260677246365, -33.56596166632939], [141.41686991596313, -33.63234034364266], [141.763736, -33.607387], [142.15771475574408, -33.657532454178934], [142.45334470429927, -33.76824864012517], [142.62459645171788, -33.87852713224656], [142.84287658013344, -34.07796334057231], [143.61051295632865, -34.394881937734844], [143.834196, -34.72098100000001], [143.94968, -34.72098100000001], [144.0492652885805, -34.98352408961645], [144.1183460965521, -35.051544784723234], [144.3061853970812, -35.14240658461778], [144.54973829298478, -35.32383867843986], [144.852929, -35.32727100000001], [144.956039, -35.475749999999984], [145.224127, -35.57061200000001], [145.327237, -35.587109], [145.69401517887252, -35.43098508454636], [145.71978538210962, -35.37944352564714], [145.80567, -35.65722399999999], [146.061384, -35.735588], [146.28260738859788, -35.52942229200559], [146.50129883158027, -35.50730892346095], [147.533803, -35.562363000000005], [147.6351855506031, -35.44383429511399], [148.028734, -35.32314600000001], [148.276199, -35.512870000000014], [148.50242983304992, -35.798985909294316], [148.54650992970582, -35.9277450525077], [148.717512, -36.003676000000006], [148.870116, -36.172777], [148.98521798838385, -36.612548503903774], [149.26213738365166, -36.729272072358704], [149.637258, -36.688329999999986], [149.822857, -36.840934], [149.8901385289871, -36.97084405458145], [149.93069046586086, -37.048941191017995]]]}}, {"type": "Feature", "properties": {"id": "line_exact"}, "geometry": {"type": "LineString", "coordinates": [[140.99393895891419, -33.56455958415351], [141.00262312089984, -33.56443645321597], [141.02034630220402, -33.564669190042764], [141.03805109872553, -33.56538517142167], [141.05571879520235, -33.566583638252865], [141.07333071405972, -33.56826331986715], [141.09086823439097, -33.57042243533175], [141.1083128108908, -33.57305869528093], [141.1256459927241, -33.5761693042696], [141.14284944231488, -33.57975096364795], [141.15990495403884, -33.58379987495434], [141.17679447280327, -33.588311743823695], [141.19350011249898, -33.59328178440759], [141.2100041743074, -33.59870472430245], [141.22628916484697, -33.60457480998119], [141.22965346692703, -33.605898006894144], [141.24222513693923, -33.607467929715575], [141.24672584189136, -33.608156582988535], [141.26307416745587, -33.60846993409698], [141.2806546566149, -33.609283664539674], [141.29819466183287, -33.610572808271854], [141.3156759016798, -33.612336017730726], [141.3330801535884, -33.6145714497418], [141.35038927212244, -33.61727676738669], [141.3675852071812, -33.620449142372244], [141.38465002212348, -33.624085257898024], [141.40156591179712, -33.628181312020196], [141.4183152204577, -33.632733021508805], [141.43488045956173, -33.63773562619487], [141.4512443254185, -33.643183893803396], [141.46738971668603, -33.64907212526856], [141.48329975169509, -33.65539416052541], [141.49895778558638, -33.6621433847741], [141.51399107808223, -33.669146758136655], [141.52181702120924, -33.66707141524143], [141.53983387900124, -33.6628578963123], [141.55801253720404, -33.659164416351466], [141.57633160769743, -33.655995330597186], [141.58525404260988, -33.654584708407896], [141.5933938956125, -33.652680821353336], [141.61059742300526, -33.649157747584795], [141.62792833905164, -33.64610454279664], [141.6453683673855, -33.643524434550756], [141.6628991210621, -33.641420150123324], [141.68050212121983, -33.63979391370912], [141.6981588158197, -33.63864744414184], [141.71585059844696, -33.637981953132865], [141.7335588271583, -33.63779814402986], [141.75126484335908, -33.63809621109609], [141.7689499906948, -33.6388758393114], [141.78659563394044, -33.64013620469517], [141.80418317787203, -33.64187597515017], [141.82169408610477, -33.64409331182756], [141.83910989988087, -33.64678587101129], [141.85641225679237, -33.64995080652014], [141.87358290942225, -33.65358477262559], [141.88246787290356, -33.65572483767476], [141.88448158216218, -33.65608526029294], [141.89415302806256, -33.65809510354523], [141.89571360211184, -33.65805529948225], [141.91326520921808, -33.65808183838456], [141.91448768078112, -33.65811672089386], [141.9240355328481, -33.65627651281289], [141.9416409765379, -33.6533909957162], [141.95935009832317, -33.65099211185315], [141.977143745784, -33.64908246256205], [141.99500267865733, -33.64766411855752], [142.0129075888474, -33.64673861775329], [142.03083912049536, -33.64630696364575], [142.04877789008958, -33.64636962425895], [142.0667045066007, -33.646926531653], [142.08459959162252, -33.64797708199525], [142.10244379950234, -33.649520136195044], [142.12021783744282, -33.65155402110096], [142.1379024855581, -33.65407653125965], [142.15547861686662, -33.657084931234735], [142.17292721720375, -33.660575958483356], [142.19022940503584, -33.66454582678821], [142.2073664511592, -33.66899023024156], [142.22431979826635, -33.67390434777758], [142.2410710803616, -33.67928284824933], [142.25760214200938, -33.68511989604519], [142.27389505739737, -33.69140915723967], [142.28993214919754, -33.698143806273464], [142.30569600720702, -33.7053165331557], [142.3211695067523, -33.712919551182424], [142.33633582683913, -33.72094460516381], [142.3426106723683, -33.72451235946406], [142.35143996943577, -33.7270372311924], [142.3681202990475, -33.732323401526465], [142.3845853700885, -33.73806306323158], [142.40081755432217, -33.74425006645147], [142.41679946342083, -33.750877781135024], [142.43251396706535, -33.757939103944345], [142.44794421081872, -33.765426465660234], [142.46307363375686, -33.77333183907869], [142.47788598584089, -33.78164674739107], [142.4863230945848, -33.78672564206568], [142.48694537272306, -33.78700560037027], [142.50223825780546, -33.79443111048126], [142.51723544968806, -33.80226710319387], [142.53192112669842, -33.8105053253995], [142.5462797836659, -33.81913709879678], [142.5602962479953, -33.828153328803765], [142.5739556954481, -33.83754451390529], [142.58724366561674, -33.84730075542645], [142.60014607707635, -33.85741176772368], [142.61264924219864, -33.86786688878339], [142.62473988161312, -33.87865509121902], [142.63640513830057, -33.88976499365565], [142.64763259130427, -33.90118487249171], [142.65841026904354, -33.912902674026654], [142.66872666221596, -33.92490602694328], [142.67857073627334, -33.93718225513239], [142.68285445387144, -33.942919319484076], [142.6852659457464, -33.94559672383513], [142.69544098409003, -33.957693789352426], [142.69747860811475, -33.96029213946463], [142.69912703482808, -33.96117502198432], [142.71385047003218, -33.96964208863784], [142.728234068182, -33.97850657763428], [142.7422623331188, -33.98775896866107], [142.75592013749622, -33.997389322814406], [142.76919273889808, -34.007387293024344], [142.7820657956075, -34.01774213491771], [142.7945253820115, -34.02844271810841], [142.80655800362493, -34.039477537904666], [142.81815061171804, -34.05083472742123], [142.8292906175311, -34.062502070086204], [142.83996590606165, -34.07446701252914], [142.8501648494076, -34.08671667783883], [142.8582528774104, -34.097145019156436], [142.85998140568367, -34.09730272290765], [142.87774545533665, -34.09941719097609], [142.89541692871035, -34.10201544943054], [142.91297686467493, -34.105094702581425], [142.9304064171201, -34.108651636987425], [142.94768687443826, -34.11268242491556], [142.96479967889155, -34.11718272833946], [142.98172644584616, -34.12214770347242], [142.9984489828566, -34.12757200583104], [143.01494930858266, -34.1334497958246], [143.03120967152313, -34.13977474486547], [143.0472125685479, -34.146540041994626], [143.062940763213, -34.15373840101611], [143.07837730384034, -34.16136206813434], [143.09350554134673, -34.16940283008661], [143.10830914680372, -34.1778520227636], [143.12277212871285, -34.18670054030984], [143.13687884997893, -34.19593884469536], [143.15061404456472, -34.20555697574991], [143.16396283381056, -34.21554456164989], [143.18263120102364, -34.2299764163234], [143.18570838868501, -34.232434323209276], [143.19358826698277, -34.23330504172023], [143.2112020188828, -34.23573976394904], [143.22871125453693, -34.238650235616454], [143.24609741831114, -34.242033363872885], [143.2633420799251, -34.24588555334468], [143.28042695328168, -34.2502027098434], [143.2973339151735, -34.254980244590854], [143.31404502385024, -34.26021307895644], [143.33054253743057, -34.26589564970251], [143.3468089321422, -34.272021914732804], [143.348502940738, -34.272716166698814], [143.36295210231813, -34.27723272921087], [143.37939085049365, -34.282883751850804], [143.39560065216142, -34.288975053003526], [143.41156441719275, -34.295500206673395], [143.42726530503606, -34.30245232821947], [143.44268674200507, -34.30982408142459], [143.457812438336, -34.317607686032936], [143.466357535016, -34.32233066102247], [143.48045419316975, -34.32907267290134], [143.49571274142372, -34.336933802366445], [143.50410235261123, -34.34157900912112], [143.50463769780754, -34.34178569791676], [143.5207231925966, -34.34853957456327], [143.53653309651017, -34.35572869925719], [143.5452419021873, -34.35984419419185], [143.56074454705404, -34.367451771357096], [143.57593834666793, -34.37547773306119], [143.59080686016526, -34.38391340856735], [143.60395901342497, -34.391913473893034], [143.61837833914558, -34.398443763416786], [143.6336205052759, -34.40588538557164], [143.6485660813663, -34.41373071938931], [143.66319948409583, -34.42197159742431], [143.67750544355317, -34.430599438938664], [143.69146901888584, -34.4396052586173], [143.7050756136646, -34.448979675701636], [143.71831099094746, -34.458712923532836], [143.73116128802883, -34.46879485949616], [143.7436130308593, -34.479214975356975], [143.75565314812195, -34.489962407979384], [143.76726898494937, -34.50102595041715], [143.77844831626925, -34.51239406336671], [143.78917935976224, -34.524054886971484], [143.79945078841953, -34.53599625296664], [143.8092517426856, -34.54820569715263], [143.81857184217264, -34.56067047218559], [143.82740119693318, -34.57337756067278], [143.83573041827762, -34.58631368855997], [143.84355062912346, -34.5994653387985], [143.8508534738638, -34.61281876527817], [143.857631127742, -34.626360007013055], [143.86387630572108, -34.640074902565544], [143.864954827816, -34.64269769504535], [143.86877222110846, -34.6502478087061], [143.87513441719778, -34.66408405525208], [143.88094692174516, -34.67808418232441], [143.8862033128271, -34.69223324274825], [143.89089775434795, -34.706516125791175], [143.89502500316382, -34.720917573167945], [143.8985804156107, -34.73542219522202], [143.90155995342533, -34.750014487266256], [143.90396018904914, -34.764678846066765], [143.905778310305, -34.77939958645225], [143.907012124438, -34.794160958031306], [143.9076600615109, -34.808947162000806], [143.9077211771472, -34.82374236802684], [143.907195154613, -34.83853073118081], [143.90639052591666, -34.84920731702634], [143.91678408701904, -34.855908977161285], [143.93036309236624, -34.86525923623768], [143.94357157655782, -34.874964281910756], [143.95639581958713, -34.885014084145894], [143.96882248598973, -34.89539825440136], [143.98083863866194, -34.906106056141546], [143.9924317523278, -34.91712641571164], [144.0035897266411, -34.92844793356516], [144.01430089890786, -34.940058895832486], [144.02455405641655, -34.951947286220935], [144.03433844836186, -34.96410079823423], [144.0445294091952, -34.9772095311928], [144.05392763422017, -34.98973960231019], [144.06282707925098, -35.00251406303729], [144.07121817043637, -35.015519413639545], [144.07585960359688, -35.023314408694446], [144.07694478729337, -35.02394709592856], [144.0910225670165, -35.03272593231607], [144.10475231380886, -35.04187111452362], [144.11811987825516, -35.0513732537091], [144.1311114704681, -35.06122259261585], [144.14476833085553, -35.07191180337747], [144.15455253729297, -35.07461741142867], [144.17140687698807, -35.07978686994902], [144.18804816430057, -35.08540511495062], [144.20445874929112, -35.091466179522726], [144.22062121732299, -35.09796362564715], [144.23651840700657, -35.104890550854925], [144.25213342792495, -35.11223959536738], [144.26744967812456, -35.12000294971477], [144.28245086135425, -35.12817236282602], [144.29712100403745, -35.13673915058161], [144.3114444719605, -35.145694204821744], [144.32540598666176, -35.15502800280189], [144.33899064150506, -35.16473061708624], [144.35218391742208, -35.174791725870406], [144.36479533741897, -35.18505709441832], [144.37623832186642, -35.19205504416246], [144.39034104663654, -35.20128176236655], [144.40407037813372, -35.21088140593227], [144.40745338481815, -35.21340792473919], [144.41941201022544, -35.21997060469156], [144.4338871938694, -35.22848036988853], [144.44802174394812, -35.2373683989819], [144.46180092860456, -35.246625457279826], [144.4752103726753, -35.25624192481043], [144.4882360725277, -35.26620780609633], [144.50086441057195, -35.27651274031954], [144.51308216943323, -35.287146011867115], [144.5248765457698, -35.29809656124774], [144.53623516372275, -35.309352996369384], [144.5471460879828, -35.32090360416699], [144.55759783646099, -35.33273636256983], [144.55974977783652, -35.33534591130691], [144.56871741025213, -35.34130870467432], [144.58217782523667, -35.350863603377974], [144.58347779675933, -35.35184823621784], [144.58376989625916, -35.35198861729114], [144.5957579134062, -35.35819390474254], [144.60370236955902, -35.36179774574871], [144.6192004882142, -35.36937964073182], [144.6343894995799, -35.37737153572953], [144.64925321421805, -35.38576492393014], [144.6637757764337, -35.394550869607244], [144.67794168089262, -35.40372001740823], [144.69173578892872, -35.41326260208592], [144.6922952631696, -35.413676023500486], [144.69423572522885, -35.41490184529257], [144.70813391725434, -35.42428848168925], [144.72165259943347, -35.43404033616179], [144.73477736972575, -35.4441470689756], [144.74211362761386, -35.45017653298007], [144.74861316381643, -35.44746221178571], [144.76491278457846, -35.4411935450315], [144.78145191633766, -35.43536183859801], [144.79821309755204, -35.42997325738048], [144.81517864140258, -35.42503349715291], [144.8172533427152, -35.42449103191545], [144.82776815497405, -35.420555381580954], [144.8445019098241, -35.4148268337681], [144.86145500441359, -35.40954997547477], [144.87860928750382, -35.40473046671372], [144.89594640089578, -35.400373476385205], [144.9134477984235, -35.39648367688472], [144.93109476510935, -35.393065239230786], [144.93617044137685, -35.39222491100629], [144.94260168197837, -35.390677676682], [144.95997934465024, -35.386994176430285], [144.96824365972626, -35.38547490025081], [144.9791825101236, -35.38306736800946], [144.99679111301103, -35.379693084322355], [145.01452435725366, -35.376791608257584], [145.0323633909546, -35.37436603430386], [145.05028925421504, -35.372418949242864], [145.0682828985165, -35.370952429469526], [145.08632520617783, -35.36996803884125], [145.1043970098718, -35.36946682705841], [145.1224791121826, -35.36944932857749], [145.12923788022943, -35.36962393403767], [145.14077642842932, -35.369692351374255], [145.1589067078103, -35.37028733524], [145.17700358869558, -35.37136868770563], [145.19504771206238, -35.37293524767105], [145.21301977308627, -35.37498533299786], [145.23090054098697, -35.377516742263886], [145.24092693217506, -35.37921533245473], [145.2577031730755, -35.37928117559764], [145.27543201926588, -35.37981635497676], [145.29313095723782, -35.38081648058863], [145.29777814635085, -35.381202140252945], [145.30838423577296, -35.378357369310294], [145.325543088096, -35.37425268121772], [145.34285416991963, -35.370603884108704], [145.3602994892944, -35.36741478112645], [145.37786092027034, -35.3646886960327], [145.39552022103518, -35.36242846984151], [145.4132590521488, -35.36063645794271], [145.42721122776834, -35.3596004641804], [145.43156358148954, -35.358859135279204], [145.44925582895326, -35.35633389315092], [145.46703837321874, -35.35428018251236], [145.48489256980642, -35.35270016419743], [145.50279970209695, -35.35159550057511], [145.52074100018524, -35.35096735385085], [145.5386976597791, -35.35081638487934], [145.55665086112643, -35.35114275248923], [145.57458178795537, -35.35194611332102], [145.5924716464118, -35.35322562217769], [145.6103016839778, -35.354979932888284], [145.62805320835562, -35.35720719968322], [145.64570760630144, -35.3599050790803], [145.6632463623929, -35.36307073227994], [145.68065107771446, -35.36670082806704], [145.69790348844535, -35.3707915462173], [145.71498548433337, -35.37533858140468], [145.73187912703983, -35.380337147606674], [145.74856666833873, -35.38578198300329], [145.76503056815523, -35.391667355365534], [145.78125351242724, -35.39798706792827], [145.79721843077417, -35.404734465742266], [145.80094734020048, -35.406438257833614], [145.81014175682316, -35.41004593621548], [145.8260555070417, -35.416817631345765], [145.84169397272404, -35.42400769940075], [145.8570407374827, -35.431608594675765], [145.87207967956968, -35.43961233906735], [145.88679498844294, -35.448010530241625], [145.9011711810631, -35.456794350243], [145.9151931179054, -35.46595457453529], [145.92884601867175, -35.47548158146732], [145.9421154776867, -35.485365362153466], [145.95498747896346, -35.49559553076087], [145.9654175787537, -35.504439601865464], [145.98270885533148, -35.506264562068964], [146.00075961903664, -35.50866709340255], [146.0187040860769, -35.51155521884562], [146.03652279543684, -35.514925795818144], [146.04511771129503, -35.51679808591981], [146.05277137288368, -35.51782974252035], [146.0704362775082, -35.520696117285894], [146.0879784969954, -35.524030090835886], [146.1053795812916, -35.52782814580715], [146.12262122295252, -35.53208627492479], [146.1396852757154, -35.53679998511258], [146.15655377293479, -35.54196430210332], [146.17320894586604, -35.54757377554514], [146.18963324178077, -35.55362248459886], [146.19053299800626, -35.553983074899804], [146.1954758798823, -35.5543653746034], [146.20672254968815, -35.55032038744832], [146.22358591849883, -35.54478709318675], [146.24066124498938, -35.53970838474959], [146.25793022946695, -35.535089716009885], [146.27537437285446, -35.53093604630866], [146.2929749958364, -35.52725183527524], [146.3107132581599, -35.52404103817145], [146.3285701780743, -35.521307101763774], [146.34652665189185, -35.51905296072746], [146.36456347365302, -35.517281034585444], [146.36582555271096, -35.517191297854154], [146.37419068031102, -35.51607376268926], [146.39219257116204, -35.514161751811464], [146.4102610868612, -35.51273267356944], [146.4221981533279, -35.512110481728], [146.43372617113, -35.5107742126218], [146.4516472712007, -35.50918129275828], [146.46962200439197, -35.50806567100868], [146.48763144370045, -35.50742852656108], [146.50565662703409, -35.50727053285086], [146.52367857638447, -35.50759185686943], [146.54167831701255, -35.50839215899282], [146.5596368966315, -35.509670593330384], [146.57753540457077, -35.51142580859295], [146.59535499090538, -35.51365594948018], [146.61237910716375, -35.51601774594891], [146.63035103222856, -35.51875993195213], [146.6482030960614, -35.52198513594064], [146.65413265821257, -35.52322558927502], [146.66768555124256, -35.524155137182646], [146.68525517083566, -35.52582327677556], [146.70275107682934, -35.52794874546788], [146.72015553229255, -35.53052938083309], [146.7374508893375, -35.53356255723251], [146.75461960633598, -35.53704518841097], [146.77164426504925, -35.54097373054864], [146.7885075876579, -35.54534418576636], [146.8051924536773, -35.55015210608144], [146.82168191674455, -35.555392597810375], [146.83795922126325, -35.56106032641492], [146.85400781889138, -35.56714952178695], [146.86981138485893, -35.57365398396791], [146.88535383410087, -35.58056708929727], [146.8934106820025, -35.58442799334197], [146.90418008405487, -35.58047030370478], [146.92096822992764, -35.57483294113113], [146.93797232246996, -35.56964738288667], [146.9551741885521, -35.56491918180222], [146.97255545198007, -35.56065340042774], [146.9900975524679, -35.55685460575938], [147.00778176476788, -35.55352686448468], [147.02558921794258, -35.55067373875001], [147.04350091476107, -35.5482982824545], [147.06149775120346, -35.54640303807363], [147.0795605360561, -35.544990034015285], [147.09767001058128, -35.5440607825108], [147.11580686824408, -35.54361627804316], [147.1339517744801, -35.543656996313146], [147.1475727151431, -35.544052221081586], [147.15902597922073, -35.539425382721625], [147.17554669650312, -35.533025126189386], [147.19231566535575, -35.527073611133865], [147.2093146738133, -35.52157730954711], [147.22652526984095, -35.51654219767379], [147.24392878073587, -35.51197374968666], [147.26150633272283, -35.5078769318962], [147.27923887072512, -35.504256197499814], [147.29710717829383, -35.5011154818752], [147.3150918976775, -35.49845819842273], [147.33317355001418, -35.49628723496012], [147.3513325556289, -35.49460495067329], [147.36954925441765, -35.4934131736257], [147.38780392630173, -35.49271319882892], [147.40607681173296, -35.49250578687594], [147.42434813223372, -35.49279116313852], [147.4341693778671, -35.49321003734235], [147.44844081904773, -35.49237928874927], [147.46635675710485, -35.49181208430716], [147.48428569607955, -35.49171910940284], [147.5022089560609, -35.49210046128119], [147.52010786281917, -35.49295574107502], [147.52442283170498, -35.493276928341366], [147.53859514044623, -35.49402056610913], [147.55493771598344, -35.495315814188146], [147.55982777412478, -35.4941313935114], [147.57745488819248, -35.49037326210489], [147.59522290138491, -35.48709093696253], [147.61311268555636, -35.48428796270739], [147.6311049866676, -35.48196736611019], [147.6491804447274, -35.48013165291348], [147.66731961382516, -35.47878280520307], [147.6855029822373, -35.47792227932927], [147.70371099259003, -35.47755100437976], [147.7219240620614, -35.47766938120524], [147.74012260260506, -35.47827728199935], [147.75828704117848, -35.47937405043254], [147.77639783995832, -35.48095850234026], [147.7944355165258, -35.483028926964636], [147.81238066400422, -35.48558308874866], [147.83021397113194, -35.48861822968089], [147.84791624225304, -35.492131072188954], [147.8654684172086, -35.496117822579045], [147.88285159111092, -35.500574175017924], [147.90004703398378, -35.505495316054414], [147.91703621025138, -35.510875929675585], [147.93380079805803, -35.516710202893385], [147.95032270840224, -35.522991831856324], [147.966584104067, -35.52971402848059], [147.98256741832984, -35.53686952759459], [147.98670307476414, -35.53886832721754], [147.99448091825428, -35.541046553377356], [148.01156110744347, -35.5463505298533], [148.0284190540739, -35.55211159235362], [148.04030264041992, -35.55655416151727], [148.0532589773983, -35.55915185770386], [148.07068492089587, -35.56314268487523], [148.08794291652117, -35.56759599132915], [148.10501463520805, -35.57250703568383], [148.12188193802157, -35.57787058869142], [148.13852689479535, -35.58368093865538], [148.15493180258918, -35.58993189735005], [148.1710792039516, -35.59661680643795], [148.18695190496993, -35.60372854437762], [148.20253299309223, -35.611259533817005], [148.21780585470395, -35.619201749464395], [148.23275419244396, -35.627546726430516], [148.2473620422424, -35.63628556903354], [148.26161379006538, -35.64540896005888], [148.27549418834897, -35.65490717046535], [148.27697517522745, -35.65598978794112], [148.29191802945, -35.66327477370977], [148.3070925208662, -35.67122923145852], [148.32194332046203, -35.67958179801337], [148.3364547075213, -35.688323648282704], [148.35061130719555, -35.697445544209494], [148.36439810654898, -35.70693784431078], [148.3778004702847, -35.71679051364191], [148.39080415613552, -35.7269931341757], [148.40339532990433, -35.73753491558722], [148.4155605801387, -35.74840470643381], [148.42728693242427, -35.759591005719926], [148.43856186328162, -35.771081974835425], [148.44937331365188, -35.782865449856715], [148.45970970195606, -35.79492895419779], [148.46955993671338, -35.80725971160027], [148.4789134287041, -35.81984465944873], [148.48776010266232, -35.8326704623991], [148.4960904084853, -35.845723526306614], [148.5038953319446, -35.85899001243943], [148.51116640488632, -35.872455851964176], [148.5178957149063, -35.886106760688925], [148.5240759144881, -35.89992825404891], [148.52970022959073, -35.91390566231987], [148.53476246767383, -35.928024146044066], [148.5392570251487, -35.9422687116526], [148.54240544500706, -35.953793488036354], [148.5460574132282, -35.96025893221398], [148.5530259191299, -35.97372799168693], [148.5594553755752, -35.98737278938698], [148.56533883813213, -36.00117902729578], [148.57066992584666, -36.01513223414268], [148.57544282876103, -36.029217780439886], [148.57965231487384, -36.04342089369883], [148.58329373653046, -36.057726673814], [148.58636303623382, -36.072120108597666], [148.58885675186508, -36.086586089450044], [148.59077202130595, -36.10110942714891], [148.59210658645202, -36.11567486774247], [148.59285879661059, -36.130267108528564], [148.59302761127353, -36.14487081410473], [148.59267981481082, -36.15710645515637], [148.5933513220484, -36.16163889118466], [148.59494174462992, -36.176527831128936], [148.59592239706512, -36.19145066963821], [148.59624565194176, -36.20452014782818], [148.59961660866784, -36.215049524113354], [148.60360337603512, -36.2294157406999], [148.60577808964953, -36.23865124285479], [148.61123573386743, -36.24628177491091], [148.61992518963876, -36.25941039928447], [148.6280758861724, -36.272763655340164], [148.6356787414465, -36.28632698647972], [148.64272525931537, -36.30008560303489], [148.64907735531472, -36.31374460825864], [148.6579468957133, -36.32267238957071], [148.66888227242302, -36.33444507660181], [148.6793383702408, -36.346499735928504], [148.68930391095893, -36.35882353213405], [148.69876812571894, -36.37140333996319], [148.7077207669619, -36.38422575809276], [148.71615211988572, -36.397277123206514], [148.7240530133954, -36.41054352436087], [148.73141483053243, -36.424010817626616], [148.73822951836948, -36.43766464099265], [148.74448959735741, -36.45149042951645], [148.750188170111, -36.46547343070561], [148.75531892962164, -36.47959872011581], [148.75987616688408, -36.49385121714849], [148.7638547779257, -36.50821570103243], [148.76725027022704, -36.522676826972706], [148.76769552407222, -36.52498266374888], [149.93622436391587, -36.98979042657194]]}}, {"type": "Feature", "properties": {"id": "line_snap"}, "geometry": {"type": "LineString", "coordinates": [[140.99393895891419, -33.56455958415351], [141.41686991596313, -33.63234034364266], [141.763736, -33.607387], [142.15771475574408, -33.657532454178934], [142.45334470429927, -33.76824864012517], [142.62459645171788, -33.87852713224656], [142.84287658013344, -34.07796334057231], [143.61051295632865, -34.394881937734844], [143.834196, -34.72098100000001], [143.94968, -34.72098100000001], [144.0492652885805, -34.98352408961645], [144.1183460965521, -35.051544784723234], [144.3061853970812, -35.14240658461778], [144.54973829298478, -35.32383867843986], [144.852929, -35.32727100000001], [144.956039, -35.475749999999984], [145.224127, -35.57061200000001], [145.327237, -35.587109], [145.69401517887252, -35.43098508454636], [145.71978538210962, -35.37944352564714], [145.80567, -35.65722399999999], [146.061384, -35.735588], [146.28260738859788, -35.52942229200559], [146.50129883158027, -35.50730892346095], [147.533803, -35.562363000000005], [147.6351855506031, -35.44383429511399], [148.028734, -35.32314600000001], [148.276199, -35.512870000000014], [148.50242983304992, -35.798985909294316], [148.54650992970582, -35.9277450525077], [148.717512, -36.003676000000006], [148.870116, -36.172777], [148.98521798838385, -36.612548503903774], [149.26213738365166, -36.729272072358704], [149.637258, -36.688329999999986], [149.822857, -36.840934], [149.8901385289871, -36.97084405458145]]}}, {"type": "Feature", "properties": {"id": "active_exact", "area_km2": 728048}, "geometry": {"type": "MultiPolygon", "coordinates": [[[[150.22909, -36.258943], [150.222919, -36.25637], [150.224006, -36.24390300000001], [150.23094800000004, -36.25053299999998], [150.22909, -36.258943]]], [[[150.42057, -35.525966000000004], [150.421112, -35.53117399999998], [150.411333, -35.53027399999998], [150.42057, -35.525966000000004]]], [[[152.203513, -32.74761100000001], [152.184939, -32.749721], [152.192662, -32.739777], [152.203513, -32.74761100000001]]], [[[152.2287, -32.687163], [152.22392100000002, -32.69240700000003], [152.222668, -32.68406100000001], [152.2287, -32.687163]]], [[[151.143088, -33.83556500000002], [151.135902, -33.836469], [151.148783, -33.839386000000005], [151.133837, -33.844836999999984], [151.112863, -33.82972399999999], [151.108625, -33.83555500000002], [151.092828, -33.81960899999999], [151.070345, -33.816445000000016], [151.051336, -33.823661999999985], [151.084007, -33.822079999999985], [151.075192, -33.832683], [151.080873, -33.84575], [151.083228, -33.82789700000001], [151.093817, -33.82444300000001], [151.089778, -33.833044], [151.098921, -33.831641], [151.093602, -33.839763999999974], [151.102215, -33.838102000000006], [151.099653, -33.84420899999999], [151.104144, -33.834386999999985], [151.120767, -33.84178800000001], [151.113783, -33.85397099999998], [151.122305, -33.85699399999999], [151.11907, -33.864711], [151.128397, -33.86096100000001], [151.122165, -33.848934000000014], [151.126983, -33.84419500000002], [151.142064, -33.84584500000001], [151.142273, -33.853358], [151.149526, -33.846908000000006], [151.144434, -33.84353100000001], [151.154043, -33.842070000000014], [151.164849, -33.85524900000001], [151.14452, -33.86316200000001], [151.149559, -33.866130999999996], [151.141168, -33.869843999999986], [151.15087, -33.872265], [151.18549, -33.84600799999999], [151.190538, -33.85237500000001], [151.184547, -33.85364499999999], [151.196507, -33.85969399999999], [151.173504, -33.87120300000001], [151.18933700000002, -33.87584000000001], [151.185985, -33.868381], [151.194011, -33.862376000000005], [151.201538, -33.87317500000001], [151.200176, -33.855383], [151.208045, -33.85351199999998], [151.2097, -33.861003999999994], [151.222724, -33.859227], [151.220606, -33.869096], [151.229928, -33.858256], [151.231825, -33.874752], [151.240091, -33.866392000000005], [151.246131, -33.87342099999999], [151.25233100000003, -33.86373799999999], [151.25465700000004, -33.870792999999985], [151.266971, -33.87065099999999], [151.264376, -33.85088500000002], [151.277581, -33.85109], [151.281068, -33.83282100000001], [151.287848, -33.85020200000001], [151.285699, -33.891955], [151.274326, -33.893626999999995], [151.271398, -33.914235], [151.257621, -33.922461], [151.265693, -33.94144699999999], [151.257087, -33.95232000000001], [151.265965, -33.968029999999985], [151.251886, -33.96467100000001], [151.258952, -33.975768000000016], [151.251185, -33.97893600000001], [151.249211, -34.00181400000001], [151.230804, -33.992554], [151.226024, -33.976737], [151.20886400000003, -33.98216499999998], [151.22008, -33.96720400000001], [151.207515, -33.969846], [151.211072, -33.96184699999999], [151.192349, -33.954223], [151.192722, -33.97392500000002], [151.186067, -33.952356], [151.18172, -33.96789800000003], [151.168033, -33.949774], [151.139781, -34.003281], [151.1227, -34.000518], [151.13074, -33.98397699999998], [151.118302, -33.99049100000001], [151.112694, -34.00536900000001], [151.117358, -34.01377499999999], [151.107858, -34.01436399999999], [151.109517, -34.022704999999995], [151.126957, -34.009899], [151.137635, -34.037053], [151.159864, -34.03220099999999], [151.141756, -34.01455900000001], [151.157393, -34.013217999999995], [151.162119, -34.00002799999997], [151.178624, -34.01284299999999], [151.158315, -34.01451099999998], [151.159558, -34.023258000000006], [151.19631800000002, -34.021228000000015], [151.20643, -34.014044999999996], [151.186751, -34.007529999999996], [151.221931, -34.00121400000001], [151.231455, -34.01166300000002], [151.230295, -34.02640099999999], [151.21452, -34.041929999999994], [151.18591800000002, -34.034562999999984], [151.165543, -34.040718999999996], [151.15588, -34.051861], [151.153407, -34.073152], [151.147416, -34.07336600000001], [151.148906, -34.054581000000006], [151.140341, -34.073794], [151.133934, -34.05554999999999], [151.129658, -34.06929799999999], [151.111637, -34.07245499999999], [151.114401, -34.05942899999998], [151.105961, -34.059439], [151.112134, -34.043153000000004], [151.105231, -34.04209099999999], [151.10177, -34.058999], [151.096978, -34.047053], [151.092183, -34.05766100000001], [151.077022, -34.053922999999976], [151.08907900000003, -34.05821400000001], [151.088837, -34.065546000000005], [151.061128, -34.064351000000016], [151.057465, -34.07360899999999], [151.063033, -34.064650000000015], [151.088446, -34.069568000000004], [151.095785, -34.058002000000016], [151.10198, -34.06536699999998], [151.105556, -34.07951199999998], [151.078582, -34.08931600000001], [151.099223, -34.08963099999999], [151.110204, -34.07828399999998], [151.132195, -34.075983999999984], [151.124191, -34.092213], [151.135161, -34.08225999999999], [151.13315, -34.07352799999999], [151.136951, -34.0817], [151.150032, -34.08369499999999], [151.168974, -34.07491799999999], [151.171761, -34.08650300000001], [151.151792, -34.11507500000002], [151.135794, -34.120302999999986], [151.127882, -34.13791899999999], [151.118696, -34.137011000000015], [151.11144, -34.148009], [151.045254, -34.18619300000001], [150.988696, -34.231862000000014], [150.928023, -34.316624000000004], [150.924432, -34.327458000000014], [150.930286, -34.331102], [150.919412, -34.358541999999986], [150.9313, -34.36875199999999], [150.902085, -34.40769600000001], [150.904246, -34.42077999999998], [150.910846, -34.421307], [150.902392, -34.43321500000001], [150.901079, -34.45931799999999], [150.90981, -34.464762999999984], [150.898757, -34.46201899999999], [150.894896, -34.45103199999999], [150.884085, -34.457706000000016], [150.907936, -34.475511999999995], [150.913644, -34.46479999999999], [150.921906, -34.493851000000014], [150.90884, -34.49316999999999], [150.891364, -34.50636500000001], [150.87457, -34.53831199999998], [150.862742, -34.529092999999975], [150.873463, -34.498847], [150.886849, -34.49780100000001], [150.886605, -34.49159500000001], [150.832395, -34.486299000000024], [150.837644, -34.500484999999976], [150.811748, -34.50736299999998], [150.81948400000002, -34.517631], [150.80893, -34.524890999999975], [150.812573, -34.53027600000002], [150.807644, -34.525073], [150.81350600000002, -34.534186000000005], [150.796795, -34.546199], [150.810358, -34.549250999999984], [150.795312, -34.555201000000004], [150.804238, -34.561351], [150.81644, -34.553546999999995], [150.832287, -34.556869000000006], [150.837573, -34.54270399999999], [150.862037, -34.537457000000025], [150.873652, -34.544440999999985], [150.868446, -34.570206999999996], [150.877301, -34.579955000000005], [150.875128, -34.58935099999999], [150.904456, -34.596968], [150.887547, -34.598338000000005], [150.87688500000002, -34.608023999999986], [150.866629, -34.60450500000001], [150.855877, -34.614649], [150.862068, -34.62895300000001], [150.856594, -34.64603000000001], [150.865478, -34.64889000000001], [150.854772, -34.66337800000001], [150.864679, -34.67191700000001], [150.855094, -34.676398], [150.860942, -34.68814299999999], [150.833299, -34.738644], [150.837007, -34.75454700000001], [150.822899, -34.77315899999999], [150.825135, -34.782505000000015], [150.811494, -34.77297399999999], [150.782121, -34.79132300000001], [150.760547, -34.820645999999996], [150.749538, -34.855160000000005], [150.751467, -34.890586000000006], [150.760049, -34.900442000000005], [150.770895, -34.89581500000001], [150.768621, -34.92604799999999], [150.785753, -34.93042899999999], [150.776325, -34.94783700000001], [150.784718, -34.98657399999999], [150.810238, -35.012455999999986], [150.821423, -35.01474499999999], [150.829846, -35.002907], [150.849715, -35.012890999999996], [150.831646, -35.041184], [150.842983, -35.05063599999999], [150.833758, -35.074355000000004], [150.80582100000004, -35.094438000000004], [150.786259, -35.07254199999999], [150.776154, -35.083012000000004], [150.775738, -35.054143999999994], [150.787111, -35.03622699999999], [150.767252, -35.015173000000004], [150.778271, -35.002447999999994], [150.750987, -34.99084500000001], [150.726267, -34.99665], [150.728397, -35.007549], [150.692061, -35.014115000000004], [150.67113, -35.03715299999998], [150.67951, -35.049259], [150.676828, -35.06902600000002], [150.697959, -35.07113499999999], [150.691608, -35.083161], [150.701604, -35.12286199999996], [150.661053, -35.11782400000002], [150.657742, -35.10518600000001], [150.647068, -35.101652000000016], [150.638256, -35.116681], [150.614193, -35.116535999999996], [150.620558, -35.106175], [150.59525, -35.101546000000006], [150.58714, -35.088314999999994], [150.586233, -35.093914999999996], [150.576903, -35.088371000000016], [150.579468, -35.099236], [150.563048, -35.093674], [150.549499, -35.10303999999997], [150.565456, -35.10250699999999], [150.56871600000002, -35.112856], [150.54138, -35.11877700000001], [150.544818, -35.12292999999996], [150.565494, -35.119567], [150.574358, -35.122863], [150.569959, -35.13035000000002], [150.586461, -35.12023500000001], [150.598912, -35.127191999999994], [150.585885, -35.13816399999999], [150.605105, -35.156174999999976], [150.601334, -35.17006600000001], [150.591249, -35.172472000000006], [150.59742, -35.190064000000014], [150.572751, -35.193035], [150.540543, -35.21567500000002], [150.5302, -35.235074000000004], [150.545226, -35.24843599999999], [150.478024, -35.291824], [150.471901, -35.31654700000003], [150.487294, -35.32497699999998], [150.475899, -35.33028099999997], [150.475586, -35.34644600000002], [150.485034, -35.353284], [150.474882, -35.356554], [150.492479, -35.366331], [150.478544, -35.367844999999996], [150.452093, -35.38996800000001], [150.449098, -35.406756999999985], [150.423084, -35.42097499999999], [150.410745, -35.436522], [150.415734, -35.44542199999998], [150.406091, -35.445871], [150.403749, -35.45811500000001], [150.392847, -35.46460900000002], [150.390874, -35.498431], [150.401584, -35.506191999999984], [150.406331, -35.53392800000002], [150.39620200000002, -35.53311999999998], [150.385042, -35.54613199999999], [150.386919, -35.562708], [150.375839, -35.563551000000004], [150.376802, -35.571802], [150.364873, -35.57064199999999], [150.346391, -35.587906], [150.340029, -35.59730799999998], [150.34564, -35.604252], [150.322605, -35.61353899999999], [150.326048, -35.637215], [150.313561, -35.63556200000001], [150.299254, -35.647388000000014], [150.29743, -35.663088], [150.307557, -35.66876299999998], [150.299687, -35.67885299999999], [150.306552, -35.686106], [150.299061, -35.68372299999998], [150.29744, -35.69609999999998], [150.280941, -35.703348], [150.2766, -35.723524], [150.270352, -35.71912900000002], [150.265411, -35.72646300000001], [150.262428, -35.71786300000001], [150.251028, -35.719400000000014], [150.250492, -35.711487999999996], [150.233969, -35.702933000000016], [150.212214, -35.711807], [150.210273, -35.70235599999997], [150.177263, -35.70307499999999], [150.21448, -35.737925999999995], [150.211872, -35.75999], [150.234944, -35.771762], [150.237379, -35.791939000000006], [150.230108, -35.80110599999999], [150.237153, -35.801716], [150.224191, -35.808749000000006], [150.230793, -35.818402], [150.224934, -35.827793], [150.235278, -35.835526999999985], [150.217544, -35.830701000000005], [150.210168, -35.835846], [150.199136, -35.82859599999998], [150.186699, -35.83311599999999], [150.189893, -35.838464000000016], [150.17766, -35.850198999999996], [150.191359, -35.86050500000001], [150.16921500000004, -35.862519999999996], [150.150243, -35.891138999999995], [150.152075, -35.90779499999999], [150.161817, -35.90866699999999], [150.155057, -35.94586199999999], [150.160404, -35.95389700000001], [150.151067, -35.97886], [150.154079, -35.991911], [150.164327, -35.993640000000006], [150.157407, -36.007989000000016], [150.164553, -36.013024], [150.149238, -36.028810000000014], [150.144535, -36.05699200000001], [150.134469, -36.06593999999999], [150.13396, -36.090213999999996], [150.141502, -36.09443499999998], [150.124334, -36.14192400000001], [150.125418, -36.16013999999999], [150.135854, -36.172495], [150.130935, -36.199788], [150.142489, -36.21779599999997], [150.148569, -36.266969], [150.130773, -36.288866000000006], [150.139723, -36.30490200000001], [150.089788, -36.353992], [150.066831, -36.39852500000001], [150.06764, -36.41941], [150.08476, -36.42919399999998], [150.054818, -36.488114999999986], [150.062206, -36.50655], [150.055537, -36.540206], [150.068288, -36.55413699999999], [150.055783, -36.57066799999999], [150.056813, -36.582938999999975], [150.044143, -36.58900200000001], [149.999881, -36.665002], [149.999328, -36.68564500000002], [149.992487, -36.687796999999996], [149.997116, -36.69221699999999], [149.982757, -36.702281], [149.979306, -36.72222800000001], [149.991869, -36.72557200000001], [149.98185, -36.73708], [149.977198, -36.769631000000004], [149.940621, -36.81168299999999], [149.934352, -36.84412600000001], [149.95001100000002, -36.85539], [149.93911600000004, -36.857511999999986], [149.930172, -36.873988000000004], [149.935305, -36.884159000000004], [149.929592, -36.89471399999999], [149.938102, -36.902453], [149.919697, -36.89544099999998], [149.904788, -36.91464800000001], [149.913436, -36.944592000000014], [149.945918, -36.94912999999999], [149.933505, -36.959334999999996], [149.92782765306956, -36.986499224366], [148.76769552407222, -36.52498266374888], [148.76725027022704, -36.522676826972706], [148.7638547779257, -36.50821570103241], [148.75987616688408, -36.49385121714849], [148.75531892962164, -36.479598720115796], [148.750188170111, -36.46547343070561], [148.74448959735741, -36.45149042951645], [148.73822951836948, -36.43766464099265], [148.73141483053243, -36.424010817626616], [148.7240530133954, -36.41054352436087], [148.71615211988572, -36.397277123206514], [148.7077207669619, -36.38422575809276], [148.69876812571894, -36.3714033399632], [148.68930391095893, -36.35882353213407], [148.6793383702408, -36.346499735928504], [148.66888227242302, -36.33444507660182], [148.6579468957133, -36.32267238957073], [148.64907735531472, -36.31374460825864], [148.64272525931537, -36.30008560303489], [148.6356787414465, -36.28632698647972], [148.6280758861724, -36.27276365534018], [148.61992518963876, -36.25941039928447], [148.61123573386743, -36.24628177491091], [148.60577808964953, -36.23865124285478], [148.60360337603512, -36.22941574069992], [148.59961660866784, -36.21504952411333], [148.59624565194176, -36.20452014782818], [148.59592239706512, -36.19145066963819], [148.59494174462992, -36.176527831128936], [148.5933513220484, -36.16163889118466], [148.59267981481082, -36.15710645515637], [148.59302761127353, -36.14487081410473], [148.59285879661059, -36.130267108528564], [148.59210658645202, -36.11567486774247], [148.59077202130595, -36.10110942714891], [148.58885675186508, -36.086586089450044], [148.58636303623385, -36.07212010859767], [148.58329373653046, -36.05772667381402], [148.57965231487384, -36.04342089369883], [148.57544282876103, -36.02921778043989], [148.57066992584666, -36.015132234142676], [148.56533883813213, -36.00117902729579], [148.5594553755752, -35.987372789386974], [148.5530259191299, -35.97372799168695], [148.5460574132282, -35.960258932213996], [148.54240544500706, -35.95379348803634], [148.5392570251487, -35.9422687116526], [148.53476246767383, -35.92802414604409], [148.52970022959073, -35.91390566231986], [148.5240759144881, -35.89992825404891], [148.5178957149063, -35.886106760688925], [148.51116640488632, -35.87245585196416], [148.5038953319446, -35.85899001243939], [148.4960904084853, -35.845723526306614], [148.48776010266232, -35.8326704623991], [148.4789134287041, -35.81984465944874], [148.46955993671338, -35.807259711600274], [148.4597097019561, -35.79492895419779], [148.44937331365188, -35.782865449856715], [148.43856186328165, -35.771081974835425], [148.42728693242427, -35.759591005719926], [148.4155605801387, -35.74840470643381], [148.40339532990433, -35.73753491558722], [148.39080415613552, -35.726993134175686], [148.3778004702847, -35.71679051364191], [148.36439810654898, -35.70693784431078], [148.35061130719555, -35.69744554420947], [148.3364547075213, -35.688323648282704], [148.32194332046203, -35.67958179801337], [148.3070925208662, -35.67122923145852], [148.29191802945, -35.66327477370977], [148.27697517522745, -35.65598978794112], [148.27549418834897, -35.65490717046535], [148.26161379006538, -35.64540896005888], [148.2473620422424, -35.63628556903354], [148.23275419244396, -35.62754672643053], [148.21780585470395, -35.6192017494644], [148.20253299309223, -35.611259533816984], [148.18695190496993, -35.60372854437761], [148.1710792039516, -35.59661680643797], [148.15493180258918, -35.58993189735005], [148.13852689479535, -35.5836809386554], [148.12188193802157, -35.577870588691425], [148.10501463520805, -35.57250703568383], [148.08794291652117, -35.56759599132915], [148.07068492089587, -35.56314268487523], [148.0532589773983, -35.55915185770386], [148.04030264041992, -35.55655416151727], [148.0284190540739, -35.55211159235362], [148.01156110744347, -35.5463505298533], [147.99448091825428, -35.541046553377356], [147.98670307476414, -35.53886832721754], [147.98256741832984, -35.53686952759461], [147.966584104067, -35.529714028480605], [147.95032270840224, -35.522991831856324], [147.93380079805803, -35.516710202893385], [147.91703621025138, -35.510875929675585], [147.90004703398378, -35.50549531605443], [147.88285159111095, -35.50057417501794], [147.8654684172086, -35.496117822579066], [147.84791624225304, -35.492131072188954], [147.83021397113194, -35.48861822968089], [147.81238066400422, -35.48558308874866], [147.7944355165258, -35.483028926964636], [147.77639783995832, -35.48095850234024], [147.75828704117848, -35.47937405043254], [147.74012260260506, -35.47827728199935], [147.7219240620614, -35.47766938120524], [147.70371099259003, -35.47755100437978], [147.6855029822373, -35.47792227932926], [147.66731961382516, -35.47878280520306], [147.6491804447274, -35.48013165291349], [147.6311049866676, -35.48196736611019], [147.61311268555636, -35.48428796270739], [147.59522290138491, -35.48709093696253], [147.57745488819248, -35.49037326210489], [147.55982777412478, -35.4941313935114], [147.55493771598344, -35.49531581418816], [147.53859514044623, -35.49402056610914], [147.52442283170498, -35.493276928341345], [147.52010786281917, -35.492955741075], [147.5022089560609, -35.49210046128117], [147.48428569607955, -35.49171910940284], [147.46635675710485, -35.49181208430716], [147.44844081904773, -35.49237928874927], [147.4341693778671, -35.49321003734235], [147.42434813223372, -35.492791163138506], [147.40607681173296, -35.49250578687594], [147.38780392630173, -35.49271319882892], [147.36954925441765, -35.4934131736257], [147.3513325556289, -35.49460495067329], [147.33317355001418, -35.49628723496012], [147.3150918976775, -35.498458198422746], [147.29710717829383, -35.5011154818752], [147.27923887072512, -35.50425619749979], [147.26150633272283, -35.50787693189617], [147.24392878073587, -35.51197374968666], [147.22652526984095, -35.51654219767379], [147.2093146738133, -35.521577309547084], [147.19231566535575, -35.527073611133865], [147.17554669650312, -35.53302512618936], [147.15902597922073, -35.539425382721625], [147.14757271514313, -35.544052221081586], [147.13395177448012, -35.543656996313146], [147.11580686824408, -35.54361627804316], [147.09767001058128, -35.5440607825108], [147.0795605360561, -35.54499003401529], [147.06149775120346, -35.54640303807363], [147.04350091476107, -35.5482982824545], [147.02558921794258, -35.55067373875002], [147.00778176476788, -35.55352686448468], [146.9900975524679, -35.55685460575938], [146.97255545198007, -35.56065340042774], [146.9551741885521, -35.56491918180218], [146.93797232246996, -35.56964738288669], [146.92096822992764, -35.574832941131156], [146.90418008405487, -35.58047030370474], [146.8934106820025, -35.58442799334197], [146.88535383410087, -35.58056708929727], [146.86981138485893, -35.57365398396791], [146.85400781889138, -35.56714952178694], [146.83795922126325, -35.56106032641492], [146.82168191674455, -35.555392597810375], [146.8051924536773, -35.55015210608144], [146.7885075876579, -35.54534418576634], [146.77164426504925, -35.54097373054864], [146.75461960633598, -35.53704518841096], [146.7374508893375, -35.53356255723251], [146.72015553229255, -35.53052938083309], [146.70275107682934, -35.52794874546788], [146.68525517083566, -35.525823276775576], [146.66768555124256, -35.524155137182646], [146.65413265821257, -35.52322558927503], [146.64820309606142, -35.52198513594062], [146.63035103222856, -35.51875993195213], [146.61237910716375, -35.516017745948915], [146.59535499090538, -35.51365594948018], [146.57753540457077, -35.51142580859295], [146.5596368966315, -35.509670593330384], [146.54167831701255, -35.50839215899282], [146.52367857638447, -35.50759185686943], [146.50565662703409, -35.507270532850875], [146.48763144370045, -35.50742852656108], [146.46962200439197, -35.50806567100868], [146.4516472712007, -35.50918129275826], [146.43372617113, -35.5107742126218], [146.4221981533279, -35.51211048172803], [146.4102610868612, -35.51273267356941], [146.39219257116204, -35.51416175181145], [146.37419068031102, -35.51607376268927], [146.36582555271096, -35.517191297854154], [146.36456347365302, -35.517281034585466], [146.34652665189185, -35.51905296072746], [146.3285701780743, -35.52130710176375], [146.3107132581599, -35.52404103817147], [146.2929749958364, -35.52725183527525], [146.27537437285446, -35.53093604630868], [146.25793022946695, -35.535089716009885], [146.24066124498938, -35.53970838474959], [146.22358591849883, -35.54478709318675], [146.20672254968815, -35.55032038744832], [146.1954758798823, -35.5543653746034], [146.19053299800626, -35.553983074899804], [146.18963324178077, -35.55362248459886], [146.17320894586607, -35.54757377554514], [146.15655377293479, -35.54196430210332], [146.1396852757154, -35.536799985112594], [146.12262122295252, -35.53208627492479], [146.1053795812916, -35.52782814580715], [146.0879784969954, -35.52403009083589], [146.07043627750824, -35.52069611728588], [146.05277137288368, -35.51782974252035], [146.04511771129503, -35.51679808591981], [146.03652279543684, -35.51492579581813], [146.0187040860769, -35.51155521884562], [146.00075961903664, -35.50866709340255], [145.98270885533148, -35.50626456206898], [145.9654175787537, -35.504439601865464], [145.9549874789635, -35.49559553076087], [145.9421154776867, -35.48536536215346], [145.92884601867175, -35.47548158146731], [145.9151931179054, -35.46595457453529], [145.9011711810631, -35.456794350243], [145.88679498844294, -35.448010530241625], [145.87207967956968, -35.43961233906735], [145.85704073748272, -35.43160859467578], [145.84169397272404, -35.42400769940075], [145.8260555070417, -35.416817631345786], [145.81014175682316, -35.41004593621548], [145.80094734020048, -35.4064382578336], [145.7972184307742, -35.40473446574228], [145.78125351242724, -35.39798706792827], [145.76503056815523, -35.391667355365534], [145.74856666833873, -35.385781983003305], [145.73187912703983, -35.380337147606674], [145.71498548433337, -35.37533858140468], [145.69790348844538, -35.3707915462173], [145.68065107771446, -35.36670082806704], [145.6632463623929, -35.36307073227994], [145.64570760630144, -35.35990507908028], [145.62805320835562, -35.357207199683195], [145.6103016839778, -35.35497993288827], [145.5924716464118, -35.35322562217767], [145.57458178795537, -35.35194611332104], [145.55665086112643, -35.35114275248923], [145.5386976597791, -35.35081638487935], [145.52074100018524, -35.350967353850834], [145.50279970209695, -35.35159550057513], [145.48489256980642, -35.352700164197415], [145.46703837321877, -35.35428018251236], [145.44925582895326, -35.35633389315092], [145.43156358148954, -35.3588591352792], [145.42721122776834, -35.3596004641804], [145.4132590521488, -35.36063645794271], [145.39552022103518, -35.36242846984151], [145.37786092027034, -35.3646886960327], [145.3602994892944, -35.36741478112645], [145.34285416991963, -35.370603884108704], [145.325543088096, -35.37425268121772], [145.30838423577296, -35.37835736931031], [145.29777814635085, -35.381202140252945], [145.29313095723782, -35.380816480588614], [145.27543201926588, -35.37981635497676], [145.2577031730755, -35.37928117559764], [145.24092693217506, -35.37921533245472], [145.23090054098697, -35.37751674226389], [145.21301977308627, -35.37498533299786], [145.19504771206238, -35.37293524767105], [145.17700358869558, -35.37136868770563], [145.1589067078103, -35.37028733524], [145.14077642842932, -35.36969235137424], [145.12923788022945, -35.36962393403767], [145.1224791121826, -35.36944932857749], [145.1043970098718, -35.36946682705841], [145.08632520617783, -35.36996803884125], [145.0682828985165, -35.370952429469526], [145.05028925421504, -35.372418949242864], [145.0323633909546, -35.37436603430386], [145.01452435725366, -35.376791608257584], [144.99679111301103, -35.37969308432236], [144.9791825101236, -35.38306736800946], [144.96824365972626, -35.3854749002508], [144.95997934465024, -35.3869941764303], [144.94260168197837, -35.390677676682], [144.93617044137685, -35.39222491100629], [144.93109476510935, -35.393065239230786], [144.9134477984235, -35.39648367688472], [144.89594640089578, -35.400373476385205], [144.87860928750382, -35.40473046671372], [144.86145500441359, -35.40954997547477], [144.8445019098241, -35.4148268337681], [144.82776815497405, -35.420555381580954], [144.8172533427152, -35.42449103191546], [144.81517864140258, -35.42503349715291], [144.79821309755204, -35.429973257380496], [144.78145191633766, -35.43536183859801], [144.76491278457846, -35.4411935450315], [144.74861316381643, -35.447462211785705], [144.74211362761386, -35.45017653298007], [144.73477736972575, -35.4441470689756], [144.72165259943347, -35.43404033616179], [144.70813391725434, -35.42428848168925], [144.69423572522885, -35.41490184529258], [144.6922952631696, -35.41367602350051], [144.69173578892872, -35.41326260208592], [144.67794168089262, -35.40372001740825], [144.6637757764337, -35.394550869607244], [144.64925321421805, -35.38576492393014], [144.6343894995799, -35.37737153572953], [144.6192004882142, -35.36937964073182], [144.60370236955902, -35.361797745748724], [144.5957579134062, -35.358193904742514], [144.58376989625916, -35.35198861729113], [144.58347779675933, -35.35184823621783], [144.58217782523667, -35.35086360337797], [144.56871741025213, -35.34130870467432], [144.55974977783652, -35.33534591130691], [144.55759783646099, -35.33273636256983], [144.5471460879828, -35.32090360416699], [144.53623516372275, -35.309352996369384], [144.5248765457698, -35.29809656124774], [144.51308216943323, -35.287146011867115], [144.50086441057195, -35.27651274031954], [144.4882360725277, -35.26620780609633], [144.4752103726753, -35.25624192481043], [144.46180092860456, -35.246625457279826], [144.44802174394812, -35.2373683989819], [144.4338871938694, -35.22848036988853], [144.41941201022544, -35.21997060469156], [144.40745338481815, -35.21340792473917], [144.40407037813372, -35.21088140593227], [144.39034104663654, -35.20128176236655], [144.37623832186642, -35.19205504416246], [144.36479533741897, -35.18505709441832], [144.35218391742208, -35.174791725870406], [144.33899064150506, -35.164730617086256], [144.3254059866618, -35.15502800280189], [144.3114444719605, -35.145694204821744], [144.29712100403745, -35.1367391505816], [144.28245086135425, -35.12817236282602], [144.26744967812456, -35.12000294971477], [144.25213342792495, -35.11223959536738], [144.23651840700657, -35.104890550854925], [144.22062121732299, -35.09796362564714], [144.20445874929112, -35.091466179522726], [144.18804816430057, -35.0854051149506], [144.17140687698807, -35.07978686994902], [144.15455253729297, -35.07461741142867], [144.14476833085553, -35.07191180337747], [144.1311114704681, -35.06122259261585], [144.11811987825516, -35.0513732537091], [144.10475231380886, -35.04187111452362], [144.0910225670165, -35.03272593231607], [144.07694478729337, -35.02394709592856], [144.07585960359688, -35.023314408694446], [144.07121817043637, -35.01551941363953], [144.06282707925098, -35.00251406303729], [144.0539276342202, -34.98973960231017], [144.04452940919523, -34.977209531192784], [144.03433844836186, -34.96410079823421], [144.02455405641655, -34.951947286220935], [144.01430089890786, -34.940058895832465], [144.0035897266411, -34.92844793356516], [143.9924317523278, -34.91712641571164], [143.98083863866196, -34.90610605614154], [143.96882248598976, -34.89539825440137], [143.95639581958713, -34.885014084145894], [143.94357157655782, -34.874964281910756], [143.93036309236624, -34.86525923623768], [143.91678408701904, -34.855908977161285], [143.90639052591666, -34.84920731702634], [143.907195154613, -34.83853073118081], [143.9077211771472, -34.82374236802684], [143.9076600615109, -34.808947162000806], [143.907012124438, -34.794160958031306], [143.905778310305, -34.77939958645225], [143.90396018904914, -34.76467884606676], [143.90155995342533, -34.75001448726623], [143.8985804156107, -34.73542219522203], [143.89502500316382, -34.72091757316793], [143.89089775434795, -34.70651612579118], [143.8862033128271, -34.69223324274825], [143.88094692174516, -34.678084182324426], [143.87513441719778, -34.66408405525208], [143.86877222110846, -34.6502478087061], [143.864954827816, -34.64269769504533], [143.86387630572108, -34.640074902565544], [143.857631127742, -34.626360007013055], [143.8508534738638, -34.61281876527817], [143.84355062912346, -34.5994653387985], [143.83573041827762, -34.58631368855997], [143.82740119693318, -34.57337756067278], [143.81857184217264, -34.56067047218559], [143.8092517426856, -34.54820569715263], [143.79945078841953, -34.53599625296664], [143.78917935976224, -34.524054886971484], [143.77844831626925, -34.51239406336671], [143.76726898494937, -34.50102595041713], [143.75565314812195, -34.489962407979384], [143.7436130308593, -34.479214975356975], [143.73116128802883, -34.46879485949616], [143.71831099094746, -34.458712923532836], [143.7050756136646, -34.448979675701636], [143.69146901888584, -34.4396052586173], [143.67750544355317, -34.430599438938664], [143.66319948409583, -34.42197159742431], [143.6485660813663, -34.41373071938931], [143.6336205052759, -34.40588538557164], [143.61837833914558, -34.398443763416786], [143.60395901342497, -34.391913473893034], [143.59080686016526, -34.38391340856735], [143.57593834666793, -34.3754777330612], [143.56074454705404, -34.367451771357096], [143.5452419021873, -34.35984419419185], [143.53653309651017, -34.3557286992572], [143.5207231925966, -34.34853957456327], [143.50463769780754, -34.34178569791676], [143.50410235261123, -34.34157900912115], [143.49571274142372, -34.33693380236646], [143.48045419316975, -34.32907267290134], [143.466357535016, -34.32233066102247], [143.457812438336, -34.317607686032936], [143.4426867420051, -34.30982408142459], [143.42726530503606, -34.302452328219445], [143.41156441719275, -34.295500206673395], [143.39560065216142, -34.288975053003526], [143.37939085049365, -34.282883751850804], [143.36295210231813, -34.27723272921088], [143.348502940738, -34.27271616669882], [143.3468089321422, -34.27202191473282], [143.33054253743057, -34.26589564970251], [143.31404502385024, -34.26021307895644], [143.2973339151735, -34.254980244590854], [143.28042695328168, -34.2502027098434], [143.2633420799251, -34.24588555334468], [143.24609741831114, -34.242033363872864], [143.22871125453693, -34.238650235616454], [143.2112020188828, -34.23573976394904], [143.19358826698277, -34.2333050417202], [143.18570838868501, -34.232434323209276], [143.18263120102364, -34.2299764163234], [143.16396283381056, -34.21554456164989], [143.15061404456472, -34.20555697574991], [143.13687884997893, -34.19593884469536], [143.12277212871285, -34.18670054030984], [143.10830914680372, -34.17785202276359], [143.09350554134673, -34.1694028300866], [143.07837730384034, -34.16136206813434], [143.062940763213, -34.15373840101611], [143.0472125685479, -34.146540041994626], [143.03120967152313, -34.13977474486547], [143.01494930858266, -34.1334497958246], [142.9984489828566, -34.12757200583105], [142.9817264458462, -34.12214770347242], [142.96479967889158, -34.11718272833946], [142.94768687443826, -34.11268242491556], [142.9304064171201, -34.108651636987425], [142.91297686467493, -34.105094702581425], [142.89541692871035, -34.10201544943054], [142.87774545533665, -34.099417190976105], [142.85998140568367, -34.097302722907635], [142.8582528774104, -34.097145019156464], [142.8501648494076, -34.086716677838844], [142.83996590606165, -34.07446701252914], [142.8292906175311, -34.062502070086204], [142.81815061171804, -34.05083472742123], [142.80655800362493, -34.039477537904666], [142.79452538201153, -34.0284427181084], [142.7820657956075, -34.01774213491771], [142.76919273889808, -34.00738729302432], [142.75592013749622, -33.997389322814406], [142.7422623331188, -33.987758968661055], [142.728234068182, -33.97850657763429], [142.71385047003218, -33.96964208863785], [142.69912703482808, -33.96117502198432], [142.69747860811475, -33.96029213946463], [142.69544098409003, -33.957693789352426], [142.6852659457464, -33.94559672383513], [142.68285445387144, -33.94291931948409], [142.67857073627334, -33.93718225513239], [142.66872666221596, -33.9249060269433], [142.65841026904357, -33.912902674026654], [142.64763259130427, -33.901184872491726], [142.63640513830057, -33.889764993655646], [142.62473988161312, -33.87865509121902], [142.61264924219864, -33.867866888783404], [142.60014607707635, -33.85741176772371], [142.58724366561674, -33.84730075542645], [142.5739556954481, -33.83754451390529], [142.5602962479953, -33.828153328803765], [142.5462797836659, -33.81913709879678], [142.53192112669842, -33.8105053253995], [142.51723544968806, -33.80226710319387], [142.50223825780546, -33.79443111048129], [142.48694537272306, -33.78700560037027], [142.4863230945848, -33.78672564206568], [142.47788598584089, -33.78164674739107], [142.46307363375686, -33.77333183907869], [142.44794421081872, -33.76542646566024], [142.43251396706535, -33.757939103944345], [142.41679946342083, -33.75087778113503], [142.40081755432217, -33.74425006645148], [142.3845853700885, -33.73806306323158], [142.3681202990475, -33.73232340152646], [142.35143996943577, -33.72703723119238], [142.3426106723683, -33.724512359464036], [142.33633582683913, -33.720944605163815], [142.3211695067523, -33.71291955118244], [142.30569600720702, -33.70531653315571], [142.28993214919754, -33.698143806273464], [142.27389505739737, -33.691409157239654], [142.2576021420094, -33.68511989604519], [142.2410710803616, -33.679282848249336], [142.22431979826635, -33.673904347777594], [142.2073664511592, -33.66899023024156], [142.19022940503584, -33.66454582678821], [142.17292721720375, -33.660575958483356], [142.15547861686662, -33.657084931234735], [142.1379024855581, -33.65407653125965], [142.12021783744282, -33.65155402110096], [142.10244379950234, -33.64952013619507], [142.08459959162252, -33.647977081995236], [142.0667045066007, -33.646926531653016], [142.04877789008958, -33.646369624258966], [142.03083912049536, -33.64630696364575], [142.0129075888474, -33.64673861775329], [141.99500267865733, -33.64766411855756], [141.977143745784, -33.64908246256205], [141.95935009832317, -33.65099211185315], [141.9416409765379, -33.653390995716194], [141.9240355328481, -33.65627651281289], [141.91448768078112, -33.65811672089385], [141.91326520921808, -33.65808183838456], [141.89571360211184, -33.65805529948225], [141.89415302806256, -33.65809510354522], [141.88448158216218, -33.65608526029295], [141.88246787290356, -33.65572483767476], [141.87358290942225, -33.65358477262558], [141.85641225679237, -33.64995080652015], [141.83910989988087, -33.64678587101129], [141.82169408610477, -33.64409331182756], [141.80418317787203, -33.641875975150185], [141.78659563394044, -33.64013620469517], [141.7689499906948, -33.6388758393114], [141.75126484335908, -33.638096211096105], [141.7335588271583, -33.63779814402986], [141.71585059844696, -33.637981953132865], [141.6981588158197, -33.63864744414184], [141.68050212121983, -33.639793913709106], [141.6628991210621, -33.641420150123324], [141.6453683673855, -33.643524434550756], [141.62792833905164, -33.64610454279664], [141.61059742300526, -33.64915774758479], [141.5933938956125, -33.652680821353336], [141.58525404260988, -33.65458470840791], [141.57633160769743, -33.65599533059721], [141.55801253720404, -33.659164416351466], [141.53983387900124, -33.6628578963123], [141.52181702120924, -33.66707141524142], [141.51399107808226, -33.66914675813668], [141.49895778558638, -33.6621433847741], [141.48329975169509, -33.65539416052539], [141.46738971668603, -33.64907212526857], [141.4512443254185, -33.64318389380339], [141.43488045956173, -33.63773562619487], [141.4183152204577, -33.63273302150883], [141.40156591179712, -33.628181312020196], [141.38465002212348, -33.62408525789803], [141.3675852071812, -33.620449142372244], [141.35038927212244, -33.61727676738669], [141.3330801535884, -33.61457144974181], [141.3156759016798, -33.61233601773071], [141.29819466183287, -33.610572808271854], [141.2806546566149, -33.609283664539674], [141.26307416745587, -33.60846993409698], [141.24672584189136, -33.608156582988535], [141.24222513693923, -33.607467929715575], [141.22965346692703, -33.605898006894144], [141.22628916484697, -33.60457480998119], [141.2100041743074, -33.59870472430245], [141.19350011249898, -33.593281784407594], [141.17679447280327, -33.588311743823695], [141.15990495403886, -33.58379987495434], [141.14284944231488, -33.57975096364795], [141.1256459927241, -33.576169304269584], [141.1083128108908, -33.57305869528093], [141.09086823439097, -33.57042243533175], [141.07333071405972, -33.56826331986715], [141.05571879520235, -33.566583638252865], [141.03805109872553, -33.56538517142167], [141.02034630220402, -33.564669190042764], [141.00262312089984, -33.56443645321597], [141.00260560839348, -33.56443670202803], [141.002957, -34.02253700000001], [140.999278, -28.999102999999987], [148.958308, -28.999064000000022], [148.97632100000004, -28.976413], [148.998297, -28.97264499999998], [149.009223, -28.956918999999985], [149.03268600000004, -28.955957999999978], [149.04832, -28.916989000000004], [149.058652, -28.91035799999998], [149.063984, -28.888645000000007], [149.055338, -28.884098999999992], [149.080061, -28.858362000000003], [149.080762, -28.84180100000003], [149.097078, -28.83168000000001], [149.103225, -28.83812400000001], [149.112444, -28.829574999999995], [149.128192, -28.835262], [149.143444, -28.822215], [149.139757, -28.807197], [149.160386, -28.810739000000005], [149.17918300000002, -28.802995999999997], [149.19236, -28.780600000000003], [149.188805, -28.77511799999999], [149.224974, -28.764461999999977], [149.246912, -28.73889899999999], [149.253764, -28.742235], [149.262342, -28.734297000000005], [149.269197, -28.743452000000005], [149.297081, -28.70994699999999], [149.317964, -28.714057999999998], [149.329862, -28.698193999999994], [149.346685, -28.69667200000001], [149.358975, -28.684330000000006], [149.387389, -28.695802999999998], [149.393867, -28.677291999999984], [149.405469, -28.675241000000003], [149.423022, -28.655209], [149.417037, -28.651314999999983], [149.426129, -28.65013599999999], [149.432856, -28.635031000000016], [149.428298, -28.629224999999998], [149.442976, -28.620323000000006], [149.439518, -28.612052999999996], [149.452554, -28.594867000000004], [149.474862, -28.593894], [149.481514, -28.582817999999993], [149.502704, -28.580398999999996], [149.502977, -28.574351], [149.513949, -28.581674], [149.528925, -28.574220000000018], [149.552587, -28.580136999999986], [149.568553, -28.57107899999998], [149.587938, -28.572815000000013], [149.610654, -28.600880000000014], [149.625491, -28.593341999999996], [149.642282, -28.59920700000001], [149.647886, -28.61210999999999], [149.655991, -28.61548900000001], [149.660712, -28.609310999999998], [149.674008, -28.624155999999996], [149.666654, -28.63185900000001], [149.703104, -28.63371200000001], [149.709917, -28.62029900000001], [149.7039, -28.61646399999999], [149.721169, -28.609183], [149.74497, -28.618387999999996], [149.754943, -28.609441000000007], [149.784005, -28.614131999999987], [149.811439, -28.605773000000006], [149.819292, -28.615843], [149.83036, -28.603747999999996], [149.84485200000003, -28.610477000000003], [149.8623, -28.602199000000006], [149.899141, -28.621908999999995], [149.917404, -28.608055999999998], [149.936331, -28.610132000000007], [149.941892, -28.61792199999999], [149.950561, -28.60804], [149.976953, -28.61346400000001], [150.016091, -28.58065600000001], [150.045836, -28.582399000000002], [150.04874, -28.58919599999997], [150.073281, -28.576562000000013], [150.079904, -28.58439600000001], [150.085176, -28.575843000000006], [150.092923, -28.578618000000006], [150.091932, -28.564239000000025], [150.110908, -28.570297], [150.121475, -28.559733999999995], [150.138555, -28.565316000000003], [150.15228, -28.55021000000001], [150.15409, -28.557155], [150.169233, -28.55058699999999], [150.171551, -28.563889999999997], [150.18269400000003, -28.55628700000001], [150.17789, -28.563474000000014], [150.186598, -28.565210999999998], [150.186688, -28.57279499999998], [150.192465, -28.566742], [150.212287, -28.574180999999992], [150.213149, -28.567548999999982], [150.229074, -28.567687], [150.230399, -28.555712999999983], [150.238805, -28.559710999999993], [150.236053, -28.553810000000006], [150.289648, -28.537157], [150.320591, -28.557182000000008], [150.327556, -28.571045], [150.3513, -28.575347999999973], [150.352542, -28.587758999999995], [150.369675, -28.598510999999984], [150.363767, -28.60751], [150.370045, -28.62067999999999], [150.387493, -28.625353999999998], [150.387879, -28.633924000000007], [150.401823, -28.62728099999998], [150.413973, -28.633892000000003], [150.415222, -28.650834000000003], [150.429277, -28.651122000000008], [150.445551, -28.665140999999988], [150.460085, -28.66891200000001], [150.48708400000004, -28.657420999999992], [150.51481, -28.661759], [150.525002, -28.65431100000002], [150.5392, -28.660519000000015], [150.527008, -28.668878999999993], [150.544079, -28.671523999999994], [150.552333, -28.668026000000005], [150.548167, -28.658493999999997], [150.554094, -28.653063999999997], [150.561392, -28.661816999999996], [150.580641, -28.655465000000007], [150.600191, -28.670758], [150.625827, -28.668978999999975], [150.632541, -28.676572000000004], [150.6734, -28.65018], [150.681695, -28.661351000000003], [150.708625, -28.651951000000004], [150.728255, -28.63448999999999], [150.752343, -28.633464], [150.795757, -28.65523600000001], [150.818847, -28.657335999999997], [150.819279, -28.666631000000017], [150.848417, -28.673118999999982], [150.874008, -28.693797000000004], [150.906384, -28.68770599999999], [150.93090800000002, -28.705519000000006], [150.938189, -28.730937999999995], [151.01065, -28.740804999999995], [151.028277, -28.761415000000003], [151.028963, -28.770497], [151.019308, -28.772049000000013], [151.024763, -28.793127000000027], [151.041903, -28.799153000000004], [151.037362, -28.827649000000005], [151.04532100000003, -28.84448199999999], [151.054835, -28.849373], [151.083206, -28.834379999999985], [151.102759, -28.836368999999994], [151.1044, -28.844291000000002], [151.132965, -28.860242000000028], [151.200196, -28.88434899999998], [151.208752, -28.90146999999999], [151.234722, -28.90465599999997], [151.243908, -28.92429700000003], [151.274808, -28.938925999999995], [151.28234, -28.954079999999994], [151.272148, -28.973172], [151.282556, -28.980593000000002], [151.276414, -28.986967000000014], [151.283956, -29.005871000000006], [151.271058, -29.030275000000007], [151.284865, -29.037355999999978], [151.288861, -29.050250999999992], [151.275509, -29.077791000000005], [151.279649, -29.10076900000001], [151.315471, -29.134499000000005], [151.308844, -29.14752600000002], [151.314762, -29.165531000000012], [151.33931, -29.177266000000003], [151.393784, -29.177893000000005], [151.410638, -29.152566], [151.428307, -29.147477000000006], [151.451744, -29.12685900000001], [151.463025, -29.09894299999999], [151.48606600000002, -29.08881800000001], [151.502292, -29.070805000000007], [151.49149, -29.056244], [151.49823, -29.01990899999999], [151.536094, -28.98061899999999], [151.545566, -28.95299799999999], [151.56680600000004, -28.941731000000008], [151.57709100000002, -28.945030999999982], [151.609616, -28.923279], [151.634688, -28.929234000000005], [151.644389, -28.916838999999978], [151.674758, -28.90759499999999], [151.706536, -28.87178399999999], [151.73386, -28.871577999999978], [151.743471, -28.918646000000003], [151.772735, -28.938250999999998], [151.770227, -28.95584600000002], [151.777834, -28.959885000000014], [151.806394, -28.944636000000006], [151.813804, -28.959373999999997], [151.832232, -28.959829000000003], [151.839557, -28.94266499999999], [151.837909, -28.916546999999987], [151.849363, -28.907850000000018], [151.900358, -28.914966], [151.916048, -28.92930699999997], [151.968198, -28.916567000000022], [151.99759300000002, -28.89548299999999], [152.00109, -28.909730000000003], [152.009703, -28.907662999999978], [152.038126, -28.86469599999999], [152.036909, -28.851793999999995], [152.025956, -28.858252999999994], [152.015064, -28.850626000000005], [152.017057, -28.838514000000004], [152.037291, -28.819230999999988], [152.034743, -28.790710000000004], [152.041726, -28.77858100000001], [152.036326, -28.756991999999993], [152.047714, -28.740328999999996], [152.042726, -28.731622999999992], [152.076049, -28.708175], [152.066079, -28.69745400000002], [152.066354, -28.68096799999999], [152.052567, -28.681939999999997], [152.03915, -28.66444799999999], [152.010168, -28.664950999999988], [151.990804, -28.624399999999998], [151.985979, -28.581497999999993], [151.957677, -28.563408999999996], [151.95564500000003, -28.51890400000003], [151.982893, -28.50339500000002], [151.988951, -28.525613], [152.016864, -28.525281000000003], [152.045672, -28.494966000000005], [152.067033, -28.485590000000002], [152.0702, -28.46800300000002], [152.121134, -28.46266899999998], [152.160504, -28.43312300000001], [152.184519, -28.43887200000001], [152.190266, -28.433948], [152.217189, -28.449235999999974], [152.267606, -28.390047000000006], [152.288432, -28.393151000000003], [152.309659, -28.363167999999998], [152.341582, -28.367860000000015], [152.355946, -28.361197000000015], [152.38616, -28.368554000000003], [152.417259, -28.333089000000005], [152.40951700000002, -28.315733999999996], [152.414572, -28.298101000000003], [152.444831, -28.298821999999994], [152.442877, -28.290441999999995], [152.463586, -28.259373000000004], [152.508643, -28.24924899999998], [152.534221, -28.262631000000006], [152.525981, -28.306249999999984], [152.548142, -28.321019], [152.555508, -28.316663000000002], [152.556437, -28.32335500000001], [152.568635, -28.323575000000005], [152.579242, -28.33897600000001], [152.6017, -28.307380999999975], [152.600303, -28.283836], [152.61451700000003, -28.269555000000008], [152.624513, -28.298204000000027], [152.638288, -28.310997000000008], [152.667228, -28.311752000000006], [152.679339, -28.330415999999992], [152.72288, -28.344096000000004], [152.751062, -28.363914000000005], [152.775455, -28.346625], [152.804226, -28.353593999999998], [152.831138, -28.32026499999998], [152.880013, -28.309606999999993], [152.933856, -28.338310999999994], [152.972614, -28.331853000000002], [153.008199, -28.341717000000003], [153.04606, -28.339455000000008], [153.108829, -28.35754300000001], [153.12989, -28.330664999999975], [153.124665, -28.318641], [153.143405, -28.311992999999994], [153.154794, -28.295691], [153.168505, -28.294163], [153.161067, -28.27982400000001], [153.174911, -28.27477699999999], [153.177921, -28.24751999999999], [153.231833, -28.265110000000014], [153.2078434724758, -28.257286112481406], [153.2080133740556, -28.260286110584158], [153.20901958238574, -28.27093187945162], [153.210426772541, -28.281541918447694], [153.21208637841156, -28.2912444275611], [153.21137474706902, -28.296835423323735], [153.21044922043293, -28.30701778368173], [153.20989120364516, -28.31722104383894], [153.20970136615227, -28.32743481303574], [153.20988000277657, -28.337648687107727], [153.2104270330026, -28.34785225908108], [153.21077537828145, -28.351729295205672], [153.20423218418102, -28.374518263816707], [153.20154832647606, -28.38453536051339], [153.19922970291748, -28.394623521895234], [153.19727880820747, -28.40477232639373], [153.19569775900763, -28.414971287091802], [153.19448829134518, -28.425209862517473], [153.19365175840397, -28.43547746750452], [153.19318912870463, -28.445763484109715], [153.1910918544667, -28.524066783332895], [153.19101385230886, -28.53528370144598], [153.191381089012, -28.546496069832774], [153.1921932481013, -28.557690108464616], [153.19344946561284, -28.568852055946152], [153.19514833049618, -28.579968186461382], [153.19728788569543, -28.591024826694895], [153.1998656299112, -28.602008372707274], [153.21483563705885, -28.66056529031919], [153.21752510655983, -28.67035780724844], [153.2205633244982, -28.680070666355842], [153.2239473627895, -28.68969421630931], [153.2257013702234, -28.694177459525157], [153.2254661445247, -28.694474857056196], [153.21902912130787, -28.70320465665246], [153.21291666837962, -28.712114182342628], [153.2071353086232, -28.721194038399684], [153.20169122044214, -28.730434647285502], [153.1965902309839, -28.739826259633823], [153.19183780971045, -28.74935896442186], [153.1874390623238, -28.759022699320795], [153.18339872505393, -28.768807261214217], [153.1797211593164, -28.778702316874654], [153.17641034674642, -28.788697413786867], [153.1734698846169, -28.798781991107234], [153.17090298164564, -28.808945390748004], [153.1687124541986, -28.819176868575095], [153.16690072289492, -28.829465605707895], [153.16610479558312, -28.83521463041597], [153.16563035072443, -28.835812676007183], [153.15918398774892, -28.844218308685978], [153.15304249536064, -28.852799309431468], [153.14721208850537, -28.861547091507443], [153.14169867515602, -28.870452899366704], [153.13650785018322, -28.879507817307868], [153.13164488951892, -28.88870277829771], [153.12711474461904, -28.89802857295238], [153.1229220372322, -28.907475858667773], [153.11907105448066, -28.917035168890866], [153.08764451588348, -28.99908164966704], [153.08397948645458, -29.009192439489848], [153.08069730890645, -29.019404370440558], [153.07780169277277, -29.029706230308744], [153.07529592606846, -29.040086705237815], [153.0731828712262, -29.050534392080237], [153.0714649614867, -29.061037810863283], [153.07105352989697, -29.06432372585584], [153.02076096849092, -29.14910143802891], [153.0155362869356, -29.15825425367079], [153.01064711628516, -29.167548906417338], [153.0060985317615, -29.176975907100356], [153.00189526465306, -29.186525629179], [152.9980416971771, -29.196188318478978], [152.99454185768, -29.205954103070596], [152.99139941618236, -29.215813003275695], [152.98861768027447, -29.22575494179396], [152.98619959136778, -29.235769753938136], [152.98414772130766, -29.245847197968775], [152.9824642693524, -29.255976965517412], [152.98115105952323, -29.266148692088244], [152.98020953832958, -29.276351967627928], [152.97964077287344, -29.28657634715226], [152.9794454493368, -29.296811361419604], [152.97940582911272, -29.344678453279116], [152.97959349161195, -29.355166616842194], [152.98017372211902, -29.365643654812867], [152.98114600819758, -29.376098292627375], [152.98250941477676, -29.386519276917895], [152.98426258467907, -29.396895387650403], [152.98640373960828, -29.40721545023948], [152.98893068159774, -29.417468347625913], [152.99184079491963, -29.42764303230445], [152.99465749273926, -29.436277087463925], [152.99429711234632, -29.439324508745216], [152.99344897751146, -29.449923041672037], [152.993003430139, -29.460540285915545], [152.99298493238066, -29.465180854396984], [152.98417624681724, -29.489144231215775], [152.98082012769518, -29.498790343677772], [152.97781274438302, -29.508524077685696], [152.975157172988, -29.51833577569302], [152.9728561428801, -29.528215700445923], [152.97091203362612, -29.538154044595096], [152.96932687226084, -29.548140940386258], [152.96810233089894, -29.55816646942012], [152.96723972469178, -29.568220672471924], [152.96687050171283, -29.57566339107842], [152.96133615424912, -29.600346080175548], [152.95922392896296, -29.610654891525225], [152.95916562703408, -29.611005173119196], [152.95834134661848, -29.613018325149394], [152.95470179523193, -29.622907927180826], [152.9414219224469, -29.661093035538546], [152.9381185497797, -29.67117894016488], [152.93519525007517, -29.68135389937088], [152.93265526962173, -29.691606980670482], [152.93157523150373, -29.696782310435903], [153.31920192520883, -29.695502091763764], [153.305161, -29.715407000000017], [153.291992, -29.75362099999998], [153.303944, -29.774537], [153.288043, -29.798317000000008], [153.294417, -29.82508], [153.282471, -29.833830000000013], [153.267648, -29.865250000000003], [153.267554, -29.885679000000017], [153.276875, -29.893112000000002], [153.272771, -29.916864], [153.261147, -29.930648999999985], [153.260047, -29.95209699999999], [153.233366, -29.97975300000001], [153.197084, -30.040577], [153.19634, -30.05490399999999], [153.206343, -30.058314], [153.207861, -30.068526], [153.199641, -30.103902000000012], [153.213714, -30.109724], [153.199564, -30.141272000000004], [153.206858, -30.156386000000005], [153.166987, -30.198029], [153.140185, -30.25588600000001], [153.147838, -30.277603000000024], [153.139825, -30.299668999999973], [153.154572, -30.30514800000001], [153.142501, -30.303102000000006], [153.14012500000004, -30.309881999999995], [153.152929, -30.309492], [153.136083, -30.315935000000003], [153.113451, -30.340617000000012], [153.104516, -30.376996999999996], [153.075807, -30.410593000000002], [153.076319, -30.43189000000002], [153.045956, -30.467008], [153.031711, -30.499017000000006], [153.025013, -30.533623000000002], [153.02959, -30.546964000000006], [153.017103, -30.564111000000004], [153.010084, -30.607866], [153.020362, -30.64758299999998], [152.997491, -30.678914000000006], [152.988454, -30.731967000000015], [153.00166100000004, -30.748637999999993], [152.997264, -30.786115000000006], [153.013744, -30.860781999999976], [153.037184, -30.88248200000001], [153.060289, -30.88668699999999], [153.069048, -30.881775999999988], [153.06637, -30.875076999999973], [153.075491, -30.877935000000004], [153.088672, -30.911293000000015], [153.09054, -30.922062000000007], [153.056592, -30.959548000000016], [153.038958, -31.003180999999987], [153.041007, -31.041425999999973], [153.054389, -31.053706000000012], [153.065814, -31.046968999999997], [153.064737, -31.056619000000005], [153.053565, -31.069897000000015], [153.05528, -31.079436000000015], [153.006635, -31.123407999999987], [152.97736000000003, -31.171431999999996], [152.97639, -31.184026999999976], [152.984243, -31.18665499999999], [152.966471, -31.212969000000008], [152.960197, -31.24205100000003], [152.97116, -31.25260600000002], [152.964537, -31.306340000000024], [152.97641800000002, -31.314140999999992], [152.93773, -31.360849000000005], [152.914979, -31.409392], [152.937829, -31.47576000000001], [152.876935, -31.529605000000014], [152.845329, -31.572928000000015], [152.840123, -31.589380000000006], [152.848288, -31.601574999999983], [152.833993, -31.632313999999987], [152.849523, -31.641347], [152.804917, -31.681860000000004], [152.792759, -31.71072199999996], [152.80563, -31.730320000000003], [152.76395, -31.768835999999993], [152.736092, -31.811104000000007], [152.73665, -31.836518000000016], [152.754557, -31.845077000000003], [152.690985, -31.877659], [152.608794, -31.947139999999997], [152.565872, -32.00401899999999], [152.569525, -32.00996100000002], [152.547924, -32.028102999999994], [152.541556, -32.04640900000001], [152.54789, -32.073587], [152.512818, -32.116957000000006], [152.50565, -32.14505999999999], [152.508886, -32.17239500000001], [152.536228, -32.18279799999999], [152.543249, -32.201587000000025], [152.570872, -32.21563299999998], [152.566357, -32.22951399999999], [152.536688, -32.25927600000002], [152.523695, -32.29441], [152.523441, -32.311726000000014], [152.53638, -32.328984000000005], [152.55169, -32.33460999999998], [152.534505, -32.35564999999999], [152.533712, -32.37976999999999], [152.522735, -32.388081], [152.516316, -32.408504999999984], [152.519552, -32.428291], [152.537527, -32.433604], [152.539907, -32.443464000000006], [152.418854, -32.482549000000006], [152.33563, -32.52707899999997], [152.302933, -32.559295000000006], [152.285026, -32.594775], [152.231255, -32.61584500000001], [152.195678, -32.64792199999998], [152.186671, -32.68539300000001], [152.191883, -32.69434700000002], [152.208707, -32.69558300000002], [152.205043, -32.70121999999999], [152.191753, -32.70047999999999], [152.173103, -32.67833999999999], [152.145532, -32.67742999999998], [152.12949, -32.685677000000005], [152.127617, -32.676114], [152.137652, -32.670980000000014], [152.12189800000002, -32.65775099999999], [152.114385, -32.68110499999999], [152.068787, -32.68956399999998], [152.050357, -32.67650400000001], [152.061384, -32.669615], [152.061467, -32.64999999999999], [152.04379, -32.660358000000016], [152.04261200000002, -32.679645999999984], [152.029803, -32.66402099999999], [151.994013, -32.66887599999999], [151.99168, -32.659582999999984], [151.984275, -32.66488300000001], [151.968364, -32.65437899999998], [151.963409, -32.67140799999999], [151.957776, -32.66683199999999], [151.956364, -32.67497300000001], [151.94460600000002, -32.67677200000001], [151.954872, -32.677334], [151.960137, -32.69744699999998], [151.977628, -32.68768399999999], [151.978206, -32.705855], [151.969262, -32.71480699999998], [151.944489, -32.71705000000001], [151.94642800000003, -32.733945000000006], [151.936455, -32.736885000000015], [151.987309, -32.72575499999999], [151.988084, -32.719213], [151.997967, -32.72745699999999], [152.021508, -32.72038], [152.048507, -32.728703], [152.058568, -32.716154], [152.059998, -32.735878999999954], [152.069545, -32.73597599999999], [152.071941, -32.726715], [152.059497, -32.710302999999975], [152.063803, -32.698469], [152.091073, -32.728176], [152.102071, -32.726871], [152.103643, -32.71622700000002], [152.145766, -32.719509], [152.161846, -32.709603999999985], [152.17616, -32.719839], [152.187501, -32.71155300000003], [152.18685, -32.74113199999999], [152.170981, -32.74443699999999], [152.172615, -32.76165600000001], [152.121561, -32.76924300000001], [152.116236, -32.77791100000001], [152.123304, -32.784799], [152.111698, -32.78797400000001], [152.115602, -32.792876], [152.053106, -32.78531], [151.885443, -32.83821300000001], [151.801417, -32.88492], [151.786574, -32.91993500000001], [151.777611, -32.911426], [151.793943, -32.882875999999996], [151.783797, -32.88486899999999], [151.774851, -32.902307], [151.774609, -32.889578], [151.733832, -32.87763900000001], [151.768029, -32.89487800000001], [151.776972, -32.92355999999999], [151.770255, -32.916329000000005], [151.764245, -32.92206500000002], [151.761465, -32.907659999999986], [151.763509, -32.92445799999999], [151.78551400000003, -32.925525], [151.803968, -32.91574100000001], [151.737709, -32.96335300000001], [151.726931, -32.978167], [151.728705, -33.01075000000002], [151.668856, -33.05194500000002], [151.658193, -33.07069299999999], [151.66112, -33.08382999999999], [151.640292, -33.08499100000001], [151.641187, -33.064539], [151.649545, -33.06284300000001], [151.638894, -33.05512799999999], [151.651868, -33.053377000000005], [151.657496, -33.03609500000002], [151.633459, -33.028544], [151.628274, -33.01549700000002], [151.640583, -33.00398700000001], [151.629554, -32.993874000000005], [151.64325, -32.984245999999985], [151.643898, -32.974847], [151.616572, -32.962553], [151.60807, -32.966099], [151.62106, -32.97626100000001], [151.616745, -33.005668000000014], [151.589056, -32.98925499999999], [151.584081, -32.996124000000016], [151.59257, -32.99822899999999], [151.589852, -33.004480999999984], [151.597706, -32.997245000000014], [151.595758, -33.01055199999999], [151.619654, -33.04795400000002], [151.613787, -33.05051400000001], [151.593563, -33.02673699999998], [151.577324, -33.032883000000005], [151.600043, -33.04114], [151.594665, -33.043292], [151.600064, -33.059344], [151.585937, -33.04720900000001], [151.581997, -33.05664199999998], [151.58852, -33.059987000000014], [151.580757, -33.06846199999998], [151.611159, -33.072147999999984], [151.613787, -33.08213300000001], [151.607169, -33.085180999999984], [151.59410800000003, -33.07174199999999], [151.571749, -33.07513200000001], [151.549206, -33.06251699999999], [151.550349, -33.073672], [151.541549, -33.07295899999998], [151.525678, -33.090967000000006], [151.512457, -33.090022000000005], [151.509516, -33.10251899999999], [151.53784100000001, -33.10458299999999], [151.548437, -33.08856099999999], [151.565141, -33.100586], [151.568733, -33.114279000000025], [151.550304, -33.114624000000006], [151.552476, -33.12085799999999], [151.538059, -33.114729000000004], [151.541834, -33.12606100000001], [151.525946, -33.130738999999984], [151.522107, -33.124081], [151.509848, -33.137719], [151.527274, -33.139058999999996], [151.522881, -33.14710400000002], [151.530182, -33.160823], [151.54118, -33.14379800000001], [151.544865, -33.157420000000016], [151.56787, -33.175274999999985], [151.57193600000002, -33.15480400000002], [151.552814, -33.14574200000001], [151.557224, -33.13161200000002], [151.566724, -33.13629000000001], [151.583901, -33.12291099999999], [151.58141, -33.102652], [151.590516, -33.12014000000003], [151.584364, -33.12646200000001], [151.59125400000002, -33.13184200000001], [151.58792100000002, -33.14990999999999], [151.597195, -33.161559000000004], [151.603313, -33.13187200000001], [151.614959, -33.124545000000005], [151.617358, -33.100809], [151.627493, -33.09365600000001], [151.636071, -33.06933399999997], [151.640623, -33.09589400000001], [151.654694, -33.09389900000001], [151.64299, -33.09527499999999], [151.642009, -33.08724], [151.657848, -33.09220599999997], [151.665749, -33.08691499999999], [151.64704, -33.11162599999998], [151.65351, -33.12066399999998], [151.647489, -33.12113799999999], [151.643037, -33.140524000000006], [151.630001, -33.15423199999999], [151.638668, -33.17583500000001], [151.622819, -33.18801100000001], [151.625142, -33.19803], [151.599754, -33.21069899999999], [151.566629, -33.244307000000006], [151.563591, -33.27172699999999], [151.579025, -33.282227000000006], [151.525332, -33.31495400000001], [151.503129, -33.343895], [151.502808, -33.32690799999999], [151.545637, -33.27774599999999], [151.537339, -33.26696200000001], [151.520419, -33.262676], [151.539206, -33.26153699999999], [151.553239, -33.244192], [151.557901, -33.252009], [151.562175, -33.23734600000002], [151.547632, -33.23306099999999], [151.534677, -33.239427], [151.527336, -33.220286000000016], [151.508584, -33.222658999999986], [151.519037, -33.261667], [151.494578, -33.263796], [151.488073, -33.280616], [151.475091, -33.282436000000004], [151.465006, -33.301935999999976], [151.45251, -33.298624000000004], [151.441615, -33.30705999999999], [151.449002, -33.31988399999999], [151.468581, -33.328497000000006], [151.441795, -33.32991800000001], [151.439052, -33.34165999999997], [151.448791, -33.354628000000005], [151.474091, -33.365857], [151.494014, -33.33650799999999], [151.504234, -33.345265], [151.504443, -33.362511000000005], [151.487366, -33.37454300000001], [151.485003, -33.39862899999999], [151.444997, -33.435402999999994], [151.452589, -33.45114699999999], [151.435481, -33.468021], [151.446881, -33.48647200000001], [151.427905, -33.49464100000001], [151.417169, -33.523284], [151.364297, -33.530711000000004], [151.345402, -33.547163999999995], [151.335924, -33.52234200000001], [151.346747, -33.52725400000001], [151.3634, -33.52086299999999], [151.347599, -33.506378], [151.350263, -33.515864], [151.336359, -33.51518899999999], [151.312461, -33.53008599999999], [151.30974, -33.554622999999985], [151.273893, -33.55094700000001], [151.258662, -33.57063600000001], [151.245917, -33.55558500000002], [151.255013, -33.535301000000004], [151.236771, -33.528081000000014], [151.237267, -33.510916999999985], [151.247042, -33.508309], [151.245737, -33.499693], [151.25908700000002, -33.499089], [151.265719, -33.48494699999997], [151.231401, -33.50739500000002], [151.227008, -33.530454000000006], [151.226676, -33.521859], [151.210233, -33.52115400000002], [151.197561, -33.49517399999999], [151.206701, -33.48124], [151.212717, -33.486222999999995], [151.214263, -33.47638400000001], [151.237683, -33.47558999999999], [151.237478, -33.453752], [151.229342, -33.456264000000004], [151.232011, -33.473147999999995], [151.21471500000004, -33.470455000000015], [151.191913, -33.48879300000003], [151.193563, -33.51202799999999], [151.204685, -33.520701], [151.199445, -33.53613100000002], [151.181942, -33.50082999999999], [151.170437, -33.50205500000002], [151.16438100000002, -33.515279000000014], [151.159804, -33.511002000000005], [151.162607, -33.493346], [151.153503, -33.486740999999995], [151.162184, -33.47060099999998], [151.172142, -33.469454], [151.153539, -33.455007], [151.172882, -33.43806000000001], [151.166434, -33.426707], [151.145703, -33.44787399999998], [151.148157, -33.46116799999999], [151.138847, -33.469669], [151.114844, -33.463840999999995], [151.09705, -33.48033699999999], [151.079385, -33.44538800000001], [151.07276, -33.44915399999999], [151.074647, -33.45980300000002], [151.069064, -33.456876], [151.076489, -33.461394], [151.079761, -33.44884499999999], [151.08561100000003, -33.475512], [151.102507, -33.484221000000005], [151.122384, -33.466638], [151.138404, -33.475393999999994], [151.15553, -33.46709700000001], [151.143281, -33.490999000000016], [151.131294, -33.49126399999998], [151.155275, -33.498950000000015], [151.153931, -33.523913], [151.140763, -33.52437799999999], [151.133765, -33.513375000000025], [151.125504, -33.517763], [151.121259, -33.510594], [151.130175, -33.50509], [151.111449, -33.507042], [151.121711, -33.52152800000001], [151.131303, -33.51928299999999], [151.12637, -33.531096000000005], [151.13578900000002, -33.522251999999995], [151.14335, -33.529813000000004], [151.137583, -33.541965], [151.12708800000001, -33.537627], [151.116951, -33.54620700000001], [151.128267, -33.541630999999995], [151.138763, -33.550484999999995], [151.144903, -33.54207300000001], [151.15146, -33.56194999999999], [151.130975, -33.567866], [151.131477, -33.578359], [151.120054, -33.586003000000005], [151.102778, -33.58777799999999], [151.116067, -33.58746500000001], [151.120785, -33.59954799999999], [151.125734, -33.600316], [151.118642, -33.590379], [151.12343, -33.585845000000006], [151.144343, -33.58708500000001], [151.133713, -33.57096], [151.15015, -33.568554000000006], [151.162249, -33.575775000000014], [151.151753, -33.551424999999995], [151.16958100000002, -33.55851], [151.14886300000003, -33.53680399999999], [151.170059, -33.538633000000026], [151.164184, -33.52913099999999], [151.175085, -33.51424599999999], [151.186148, -33.536773], [151.19994, -33.541837], [151.19853, -33.549974000000006], [151.225898, -33.54703000000002], [151.228985, -33.541528999999954], [151.202188, -33.544055000000014], [151.231422, -33.538989], [151.221956, -33.569448999999985], [151.211241, -33.567209], [151.212894, -33.572681], [151.224131, -33.57498600000001], [151.231023, -33.561429000000004], [151.24708, -33.579071], [151.232759, -33.594043], [151.186312, -33.59211600000001], [151.209258, -33.594065000000015], [151.213153, -33.60775599999999], [151.163926, -33.62586499999998], [151.170368, -33.62907799999997], [151.158467, -33.64112600000001], [151.162978, -33.646504], [151.149449, -33.65546300000001], [151.158845, -33.652387999999995], [151.15969, -33.660496999999985], [151.173247, -33.62636100000001], [151.218503, -33.609098999999986], [151.228875, -33.618176000000005], [151.219376, -33.59965799999998], [151.236764, -33.602641], [151.24354, -33.594445000000015], [151.256728, -33.605445], [151.251948, -33.598074000000004], [151.262623, -33.597717999999986], [151.250085, -33.588021999999995], [151.273011, -33.588958999999996], [151.283609, -33.57297899999998], [151.292976, -33.57187499999997], [151.310837, -33.57956899999997], [151.292518, -33.605329000000005], [151.304428, -33.60319100000001], [151.302857, -33.620541], [151.28291, -33.62185], [151.290538, -33.62841300000001], [151.270419, -33.63153599999997], [151.282663, -33.63665499999999], [151.269812, -33.656249], [151.284916, -33.644350999999986], [151.304603, -33.66053099999999], [151.301046, -33.66728300000001], [151.312041, -33.666731000000006], [151.301965, -33.651961000000014], [151.309411, -33.639235], [151.30467, -33.635343000000006], [151.314897, -33.63108199999999], [151.316085, -33.614178999999986], [151.332148, -33.62336400000001], [151.315979, -33.601569], [151.322838, -33.57944100000001], [151.335315, -33.582332], [151.325275, -33.59702500000001], [151.343021, -33.624508000000034], [151.309786, -33.68635], [151.315268, -33.696384], [151.31008400000002, -33.703966], [151.30777, -33.703902], [151.300198, -33.727047999999996], [151.317714, -33.74197999999999], [151.291375, -33.746666000000005], [151.303191, -33.74682100000001], [151.297447, -33.753568], [151.302525, -33.768176999999994], [151.293171, -33.773222000000004], [151.29595400000002, -33.78177199999995], [151.287866, -33.79194299999998], [151.307405, -33.80708299999999], [151.301448, -33.823390999999994], [151.285578, -33.818899999999985], [151.291085, -33.808049999999994], [151.282571, -33.809236], [151.281754, -33.79873899999999], [151.265818, -33.798401000000005], [151.27512, -33.810006000000016], [151.261106, -33.817937], [151.250481, -33.800292], [151.235145, -33.803407], [151.230781, -33.77272], [151.224654, -33.78375400000001], [151.204366, -33.772481], [151.213378, -33.78427700000001], [151.232505, -33.787491], [151.214736, -33.789889], [151.222836, -33.79425999999998], [151.217667, -33.797279], [151.230871, -33.795676], [151.230544, -33.80237500000002], [151.217526, -33.80538500000001], [151.230558, -33.805496999999995], [151.23213, -33.813652000000005], [151.219385, -33.81878900000001], [151.238973, -33.81696100000002], [151.235118, -33.81157300000002], [151.245898, -33.803343], [151.252506, -33.827195000000025], [151.268876, -33.82705600000003], [151.254319, -33.844042999999985], [151.246155, -33.842673000000005], [151.246701, -33.853447999999986], [151.232521, -33.83631199999999], [151.232899, -33.848748999999984], [151.224781, -33.839354], [151.224854, -33.846639999999994], [151.215204, -33.84108799999999], [151.218865, -33.85280300000001], [151.207956, -33.844141], [151.203597, -33.85052799999998], [151.199094, -33.841171999999986], [151.192949, -33.847730999999996], [151.189009, -33.833486], [151.187598, -33.843118000000004], [151.181118, -33.84225699999998], [151.181633, -33.82952000000001], [151.17309400000002, -33.82818799999999], [151.16898, -33.83607700000001], [151.152033, -33.821840999999985], [151.145874, -33.82898900000001], [151.14555, -33.824079000000005], [151.143844, -33.829174], [151.169325, -33.83930900000001], [151.180206, -33.83616499999999], [151.174277, -33.84300600000001], [151.143088, -33.83556500000002]], [[149.114443, -35.28049200000001], [149.103116, -35.28513000000002], [149.101406, -35.294277000000015], [149.099252, -35.2856], [149.08803, -35.28515], [149.083012, -35.296961], [149.071123, -35.298567000000006], [149.084355, -35.30389799999998], [149.095399, -35.287390999999985], [149.101389, -35.30147899999999], [149.12611, -35.29424700000001], [149.144619, -35.31015600000002], [149.153176, -35.30497599999999], [149.13651000000002, -35.28925600000001], [149.122879, -35.286559999999994], [149.118459, -35.293608], [149.110274, -35.284577000000006], [149.114443, -35.28049200000001]], [[151.773765, -32.856276], [151.783752, -32.884307], [151.794071, -32.88060100000001], [151.792438, -32.856892], [151.818614, -32.830965], [151.808691, -32.82056399999997], [151.783973, -32.820293000000014], [151.770283, -32.828355], [151.768297, -32.85227799999998], [151.756742, -32.85262799999999], [151.727293, -32.835468999999975], [151.685247, -32.824087000000006], [151.696572, -32.844091], [151.696455, -32.832941999999996], [151.726219, -32.838129], [151.72816, -32.84691000000002], [151.746513, -32.85362900000001], [151.773765, -32.856276]], [[151.732806, -32.879605000000005], [151.700776, -32.851517], [151.711837, -32.871054], [151.732806, -32.879605000000005]], [[151.568557, -33.23294800000001], [151.585876, -33.20780099999999], [151.577003, -33.196557999999996], [151.55707700000002, -33.19731699999997], [151.563648, -33.20749299999999], [151.554302, -33.22780400000001], [151.568557, -33.23294800000001]], [[151.448047, -33.429787999999995], [151.455178, -33.417566000000015], [151.44399, -33.423310999999984], [151.448047, -33.429787999999995]], [[151.422558, -33.460043999999996], [151.429533, -33.46304000000002], [151.425744, -33.47137299999998], [151.435641, -33.45650099999999], [151.422558, -33.460043999999996]], [[151.359859, -33.46949099999999], [151.353753, -33.459685999999984], [151.369466, -33.43874200000001], [151.351264, -33.44521200000002], [151.345341, -33.44061000000001], [151.341916, -33.450655], [151.338695, -33.429917], [151.318424, -33.43143199999997], [151.33211, -33.43634200000001], [151.328932, -33.451560000000015], [151.31861, -33.45154199999999], [151.313467, -33.460629], [151.324561, -33.483225], [151.336551, -33.48443399999999], [151.333613, -33.50202299999999], [151.344635, -33.507517], [151.352265, -33.50162700000001], [151.341328, -33.489082], [151.352491, -33.50143599999999], [151.358572, -33.48978000000001], [151.36991, -33.493748000000004], [151.366009, -33.50247], [151.37734900000004, -33.49962], [151.382048, -33.49006700000001], [151.372977, -33.486402999999974], [151.382814, -33.47189300000001], [151.365287, -33.477195], [151.373431, -33.490621999999995], [151.352561, -33.48887500000001], [151.335922, -33.474252], [151.359859, -33.46949099999999]], [[151.323983, -33.482929], [151.307118, -33.467895999999996], [151.304525, -33.481579], [151.316571, -33.48632099999999], [151.323983, -33.482929]], [[151.274725, -33.723664000000014], [151.282554, -33.713517999999986], [151.293206, -33.72142799999999], [151.299954, -33.704976], [151.306067, -33.703855], [151.297748, -33.703625999999986], [151.293722, -33.71453199999999], [151.28119, -33.708689], [151.269693, -33.71498099999999], [151.274725, -33.723664000000014]], [[151.144157, -33.802992], [151.143724, -33.816767], [151.136883, -33.815139], [151.145228, -33.819212000000014], [151.144157, -33.802992]], [[151.051443, -34.016761999999986], [151.04648800000004, -34.007610000000014], [151.058809, -34.008153], [151.059507, -33.998177000000005], [151.069702, -33.99596799999999], [151.072161, -34.00609], [151.075292, -33.997841], [151.08941, -33.99747200000002], [151.077713, -34.012579999999986], [151.090471, -34.01188699999999], [151.094428, -33.99784900000001], [151.097649, -34.00582099999999], [151.109528, -34.006688999999994], [151.11551, -33.99732700000002], [151.102494, -34.00090599999999], [151.103798, -33.989402999999996], [151.086437, -33.99045300000001], [151.085403, -33.99266200000001], [151.071663, -33.99426199999999], [151.074759, -33.98403600000001], [151.054461, -33.985122999999994], [151.061823, -33.97523800000001], [151.049359, -33.980172], [151.052862, -33.991004000000004], [151.03653000000003, -33.990930999999975], [151.033594, -33.984756000000004], [151.03281, -33.992544999999986], [151.066072, -33.991886999999984], [151.039851, -34.00549499999998], [151.048829, -34.02058], [151.051443, -34.016761999999986]], [[151.022601, -33.96409599999999], [151.015331, -33.98259700000002], [151.034336, -33.977395000000016], [151.033626, -33.984447], [151.046513, -33.970533], [151.044672, -33.947704999999985], [151.04434, -33.97012599999999], [151.024802, -33.97730700000001], [151.022601, -33.96409599999999]]], [[[149.939898, -37.03121600000001], [149.947732, -37.01755599999998], [149.947732, -37.01755599999998], [149.939898, -37.03121600000001]]], [[[149.944652, -37.05399600000002], [149.939898, -37.03121600000001], [149.944652, -37.05399600000002], [149.944652, -37.05399600000002]]], [[[149.909916, -37.06208299999999], [149.923414, -37.046305999999966], [149.93585571665528, -37.05081149724847], [149.923414, -37.04630599999998], [149.909916, -37.06208299999999]]], [[[149.90187600000002, -37.069157999999995], [149.914847, -37.07611899999999], [149.90187600000002, -37.069157999999995], [149.90187600000002, -37.069157999999995]]], [[[149.872514, -37.083207999999985], [149.89112528207013, -37.07430349220394], [149.872514, -37.08320799999999], [149.872514, -37.083207999999985]]], [[[150.010766, -37.211812999999985], [150.023399, -37.21196599999998], [150.01076600000002, -37.21181299999999], [150.010766, -37.211812999999985]]], [[[150.02313996860593, -37.25724550001544], [150.05184199999997, -37.26225499999994], [150.051842, -37.26225499999997], [150.02313996860593, -37.25724550001544]]], [[[149.97541, -37.445449999999994], [149.956554, -37.423509000000024], [149.95606654450924, -37.419969712653206], [149.956554, -37.423509000000024], [149.97541, -37.445449999999994]]], [[[148.156663, -36.790013], [148.17959500000003, -36.79632599999999], [148.182473, -36.80489500000001], [148.17959500000003, -36.79632599999999], [148.156663, -36.790013]]], [[[148.097983, -36.787160999999976], [148.108888, -36.800865], [148.097983, -36.787160999999976], [148.097983, -36.787160999999976]]], [[[148.12047200000003, -36.75630299999999], [148.126081, -36.75941699999998], [148.12608099999997, -36.75941699999999], [148.120472, -36.75630299999999], [148.12047200000003, -36.75630299999999]]], [[[148.136703, -36.73843599999994], [148.136703, -36.73843599999998], [148.130703, -36.734683], [148.136703, -36.73843599999994]]], [[[148.20512304761957, -36.65972844146049], [148.17024300000003, -36.71279899999998], [148.130703, -36.734683], [148.17024300000003, -36.71279899999998], [148.20512304761957, -36.65972844146049]]], [[[148.20848854013832, -36.611202605301365], [148.214196, -36.61048999999998], [148.219547, -36.61955799999999], [148.214196, -36.61048999999998], [148.20848854013832, -36.611202605301365]]], [[[148.217563, -36.598239], [148.20278100000002, -36.61191500000001], [148.202781, -36.61191500000001], [148.217563, -36.598239]]], [[[148.126424, -36.48527400000002], [148.11763, -36.495476000000004], [148.12642399999996, -36.485274000000004], [148.126424, -36.48527400000002]]], [[[148.087601, -36.45189500000001], [148.12466300000003, -36.464713], [148.119093, -36.48188399999999], [148.12466300000003, -36.464713], [148.087601, -36.45189500000001]]], [[[148.058163, -36.400803999999994], [148.059945, -36.41553799999996], [148.08028, -36.422101], [148.059945, -36.415537999999984], [148.058163, -36.400803999999994]]], [[[148.045966, -36.367037999999965], [148.045966, -36.367037999999994], [148.037836, -36.366246], [148.045966, -36.367037999999965]]], [[[148.051243, -36.324556999999984], [148.051243, -36.324556999999984], [148.05561300000002, -36.334385999999995], [148.048959, -36.355632000000014], [148.05561300000002, -36.334385999999995], [148.051243, -36.324556999999984]]], [[[148.043928, -36.29947900000003], [148.035011, -36.310576999999995], [148.043928, -36.29947900000001], [148.043928, -36.29947900000003]]], [[[148.032828, -36.26586000000002], [148.033753, -36.282229999999956], [148.040119, -36.284157], [148.033753, -36.28222999999997], [148.032828, -36.26586000000002]]], [[[148.0349, -36.23411600000004], [148.02884, -36.247044], [148.0349, -36.23411600000003], [148.0349, -36.23411600000004]]], [[[148.04062, -36.20695100000003], [148.026096, -36.22304200000001], [148.04062, -36.20695100000002], [148.04062, -36.20695100000003]]], [[[148.034795, -36.16298299999998], [148.034795, -36.16298299999998], [148.022899, -36.153456999999996], [148.034795, -36.16298299999998]]], [[[148.037726, -36.14079699999999], [148.037726, -36.14079699999999], [148.002388, -36.140056999999985], [148.037726, -36.14079699999999]]], [[[148.000537, -36.124354999999966], [148.000537, -36.12435499999998], [147.990652, -36.12127199999999], [148.000537, -36.124354999999966]]], [[[147.991074, -36.11125099999998], [147.998229, -36.11591899999999], [147.991074, -36.11125099999998], [147.991074, -36.11125099999998]]], [[[147.999218, -36.09865500000002], [147.99514625147197, -36.1049531137313], [147.999218, -36.09865500000001], [147.999218, -36.09865500000002]]], [[[147.999692, -36.04620400000004], [147.989467, -36.06847799999999], [147.999692, -36.04620400000006], [147.999692, -36.04620400000004]]], [[[147.981774, -36.040254000000004], [147.99126000000004, -36.052559000000024], [147.99126000000004, -36.052559000000024], [147.981774, -36.040254000000004]]], [[[147.973234, -36.04631399999997], [147.981774, -36.040254000000004], [147.973234, -36.046313999999974], [147.973234, -36.04631399999997]]], [[[147.908543, -36.00147299999998], [147.917083, -36.011204], [147.908543, -36.00147299999998], [147.908543, -36.00147299999998]]], [[[147.895698, -35.99301799999998], [147.912342, -35.99519800000001], [147.895698, -35.99301799999998], [147.895698, -35.99301799999998]]], [[[147.873121, -35.991006000000006], [147.88288, -36.00179799999999], [147.897506, -35.999861], [147.88288, -36.00179799999999], [147.873121, -35.991006000000006]]], [[[147.773261, -35.95886300000001], [147.766797, -35.96415800000001], [147.766797, -35.96415800000001], [147.773261, -35.95886300000001]]], [[[147.708415, -35.928545], [147.71867200000003, -35.94551299999998], [147.741292, -35.95649000000001], [147.71867200000003, -35.945513], [147.708415, -35.928545]]], [[[147.591893, -35.96985899999999], [147.60143800000003, -35.979118], [147.60143800000003, -35.979118], [147.591893, -35.96985899999999]]], [[[147.521359, -35.98693600000001], [147.551873, -36.004094999999985], [147.584027, -35.984648], [147.551873, -36.004094999999985], [147.521359, -35.98693600000001]]], [[[147.494112, -35.94354899999998], [147.511421, -35.96241199999996], [147.525267, -35.96333800000001], [147.511421, -35.96241199999999], [147.494112, -35.94354899999998]]], [[[147.39976821838613, -35.945459198785436], [147.404631, -35.943494999999956], [147.450685, -35.960803999999996], [147.404631, -35.943494999999984], [147.39976821838613, -35.945459198785436]]], [[[147.392344, -35.97353300000002], [147.390342, -35.94926600000004], [147.390342, -35.94926600000004], [147.392344, -35.97353300000002], [147.392344, -35.97353300000002]]], [[[147.345681, -36.01877199999999], [147.355287, -36.00983200000001], [147.345681, -36.01877199999999], [147.345681, -36.01877199999999]]], [[[147.242378, -36.038482], [147.285177, -36.03943899999997], [147.30256116451517, -36.05021415169448], [147.285177, -36.039438999999994], [147.242378, -36.038482]]], [[[147.164456, -36.030798], [147.206299, -36.05013599999997], [147.242378, -36.038482], [147.206299, -36.05013599999999], [147.164456, -36.030798]]], [[[147.13639618425321, -36.028511745230944], [147.144361, -36.03776499999997], [147.164456, -36.030798], [147.144361, -36.037764999999986], [147.13639618425321, -36.028511745230944]]], [[[147.10682, -36.00482500000002], [147.10682, -36.00482500000002], [147.109228, -36.012549], [147.10682, -36.00482500000002]]], [[[147.097671, -36.015823000000005], [147.10636399999999, -36.016454999999986], [147.106364, -36.016454999999986], [147.097671, -36.015823000000005]]], [[[147.061812, -36.066154999999966], [147.05661958980747, -36.09064379300184], [147.061812, -36.066154999999945], [147.0904, -36.049225999999976], [147.095444, -36.05270999999999], [147.0904, -36.049225999999976], [147.061812, -36.066154999999966]]], [[[147.013473, -36.10472099999998], [147.013473, -36.10472099999995], [147.022777, -36.09989499999998], [147.034141, -36.11523899999999], [147.022777, -36.09989499999998], [147.013473, -36.10472099999998]]], [[[147.016319, -36.08979799999999], [147.016319, -36.08979800000001], [147.006396, -36.08911499999999], [147.016319, -36.08979799999999]]], [[[146.825026, -36.088724000000006], [146.8367, -36.08207299999998], [146.857158, -36.084918000000016], [146.8367, -36.08207299999998], [146.825026, -36.088724000000006]]], [[[146.79457000000002, -36.05854499999998], [146.803936, -36.05519399999999], [146.79457000000002, -36.05854499999998], [146.79457000000002, -36.05854499999998]]], [[[146.731645, -36.023725], [146.730065, -36.044723999999995], [146.752929, -36.042112999999986], [146.730065, -36.044723999999995], [146.731645, -36.023725]]], [[[146.552029, -35.979591999999975], [146.552029, -35.97959199999996], [146.560301, -35.97639099999998], [146.583967, -35.983864000000004], [146.560301, -35.97639099999998], [146.552029, -35.979591999999975]]], [[[146.502585, -35.95823500000001], [146.51968100000002, -35.960604000000004], [146.532293, -35.98429899999999], [146.51968100000002, -35.960604000000004], [146.502585, -35.95823500000001]]], [[[146.49248, -35.98501200000005], [146.49248000000006, -35.985012], [146.49831024571125, -35.983910530608185], [146.49248, -35.98501200000005]]], [[[146.499726, -35.99087], [146.502134, -35.983187999999984], [146.502134, -35.983187999999984], [146.499726, -35.99087]]], [[[146.46868655034976, -35.980220529469364], [146.467407, -35.984240000000014], [146.467407, -35.984240000000014], [146.46868655034976, -35.980220529469364]]], [[[146.45459500000004, -35.96224699999999], [146.469966, -35.97620099999999], [146.469966, -35.97620099999999], [146.45459500000004, -35.96224700000002], [146.45459500000004, -35.96224699999999]]], [[[146.325022, -36.033542999999995], [146.33889, -36.02639499999999], [146.368684, -36.050862], [146.33889, -36.02639499999999], [146.325022, -36.033542999999995]]], [[[146.315875, -36.038453], [146.329072, -36.04314399999998], [146.329072, -36.04314399999998], [146.315875, -36.038453]]], [[[146.283023, -36.041487999999994], [146.291396, -36.03895200000001], [146.283023, -36.041487999999994], [146.283023, -36.041487999999994]]], [[[146.291125, -36.020163000000004], [146.282181, -36.026188], [146.29112499999997, -36.020163000000004], [146.291125, -36.020163000000004]]], [[[146.282895, -36.01104799999999], [146.28289499999997, -36.01104799999999], [146.2763177074285, -36.012212959629025], [146.282895, -36.01104799999999]]], [[[146.244593, -36.01834000000002], [146.24459300000004, -36.01834000000001], [146.24720549647944, -36.02032768268535], [146.244593, -36.01834000000002]]], [[[146.241433, -36.023523999999995], [146.241433, -36.023523999999966], [146.250889, -36.02312999999998], [146.25088900000003, -36.02312999999998], [146.241433, -36.023523999999995]]], [[[146.211581, -36.02855900000002], [146.211155, -36.03886000000001], [146.211581, -36.02855900000002], [146.211581, -36.02855900000002]]], [[[146.185976, -36.042071], [146.199244, -36.027452999999994], [146.204747, -36.03915800000001], [146.199244, -36.027452999999994], [146.185976, -36.042071]]], [[[146.132045, -36.010095], [146.131357, -36.01941300000001], [146.131357, -36.01941300000001], [146.132045, -36.010095]]], [[[146.048421, -36.003158], [146.052346, -35.99546499999998], [146.059295, -36.01454800000001], [146.052346, -35.99546499999998], [146.048421, -36.003158]]], [[[145.971314, -36.005651], [145.97207, -36.015746999999955], [146.005866, -36.003569], [145.97207, -36.015746999999976], [145.971314, -36.005651]]], [[[145.96481800000004, -35.99676999999998], [145.945744, -35.983808999999994], [145.96481800000004, -35.996769999999955], [145.958336, -36.00697300000001], [145.958336, -36.00697300000001], [145.96481800000004, -35.99676999999998]]], [[[145.951071, -35.97662600000003], [145.945744, -35.983808999999994], [145.951071, -35.97662600000002], [145.951071, -35.97662600000003]]], [[[145.953701, -35.96150000000001], [145.944304, -35.966495000000016], [145.944304, -35.966495000000016], [145.953701, -35.96150000000001]]], [[[145.925821, -35.964562999999984], [145.9143777404362, -35.966709930434725], [145.925821, -35.96456299999996], [145.92800000000003, -35.97394699999999], [145.953701, -35.96150000000001], [145.92800000000003, -35.973946999999995], [145.925821, -35.964562999999984]]], [[[145.910314, -35.955962], [145.900756, -35.96152900000003], [145.900756, -35.96152900000001], [145.910314, -35.955962]]], [[[145.847975, -35.968688999999976], [145.847975, -35.968688999999976], [145.854042, -35.95992699999998], [145.902693, -35.952496000000004], [145.854042, -35.95992699999999], [145.847975, -35.968688999999976]]], [[[145.845548, -35.97346000000003], [145.845548, -35.97346000000003], [145.848589, -35.98089900000001], [145.845548, -35.97346000000003]]], [[[145.78490555523763, -35.972680762646796], [145.792732, -35.97280099999995], [145.793445, -35.982817], [145.792732, -35.972800999999976], [145.78490555523763, -35.972680762646796]]], [[[145.778211, -35.960242999999956], [145.778211, -35.96024299999998], [145.746109, -35.964239], [145.778211, -35.960242999999956]]], [[[145.7263, -35.942312], [145.71676600000004, -35.95059400000003], [145.716766, -35.95059400000003], [145.7263, -35.942312]]], [[[145.695763, -35.925792], [145.697327, -35.93650099999998], [145.720274, -35.934449], [145.697327, -35.93650099999998], [145.695763, -35.925792]]], [[[145.698181, -35.920977], [145.70326900000003, -35.92570200000002], [145.695763, -35.925792], [145.70326900000003, -35.92570200000002], [145.698181, -35.920977]]], [[[145.679053, -35.916828999999986], [145.67399200000003, -35.92592400000002], [145.673992, -35.92592400000002], [145.679053, -35.916828999999986]]], [[[145.62957, -35.880104999999986], [145.620321, -35.883883999999995], [145.62957, -35.880104999999986], [145.63973000000001, -35.894239000000006], [145.63973000000001, -35.894239000000006], [145.62957, -35.880104999999986]]], [[[145.62832, -35.86777499999997], [145.62832, -35.86777499999997], [145.626347, -35.862758], [145.62832, -35.86777499999997]]], [[[145.606474, -35.87499800000001], [145.601748, -35.867857], [145.606474, -35.87499800000001], [145.606474, -35.87499800000001]]], [[[145.59958089714024, -35.868233075616374], [145.601134, -35.87500799999999], [145.6037939943662, -35.87500304182151], [145.601134, -35.87500799999999], [145.59958089714024, -35.868233075616374]]], [[[145.586792, -35.861244999999954], [145.5924638019096, -35.86135262225672], [145.586792, -35.86124499999998], [145.586792, -35.861244999999954]]], [[[145.59323, -35.849077000000015], [145.58943004204008, -35.85625946208888], [145.59323, -35.849077000000015], [145.59323, -35.849077000000015]]], [[[145.56684, -35.826497], [145.564011, -35.834190000000014], [145.564011, -35.834190000000014], [145.56684, -35.826497]]], [[[145.541889, -35.808905000000024], [145.538763, -35.821813000000006], [145.541889, -35.80890500000001], [145.541889, -35.808905000000024]]], [[[145.410625, -35.848613], [145.412575, -35.830600999999966], [145.4276156978929, -35.83315310765807], [145.412575, -35.83060099999997], [145.410625, -35.848613]]], [[[145.324453, -35.850686], [145.3554, -35.86706699999998], [145.38715, -35.850142000000005], [145.3554, -35.86706699999999], [145.324453, -35.850686]]], [[[145.260717, -35.835426000000005], [145.258317, -35.850588000000016], [145.258317, -35.850588000000016], [145.260717, -35.835426000000005]]], [[[145.153456, -35.84304499999999], [145.181014, -35.842025999999976], [145.1854101666602, -35.838146584761866], [145.181014, -35.842025999999976], [145.153456, -35.84304499999999]]], [[[145.139579, -35.82853799999999], [145.136636, -35.83426999999997], [145.127683, -35.82071599999998], [145.126435, -35.829671], [145.127683, -35.82071599999997], [145.136636, -35.834269999999954], [145.139579, -35.82853799999999], [145.15917000000002, -35.83107700000001], [145.153456, -35.84304499999999], [145.15917000000002, -35.83107700000001], [145.139579, -35.82853799999999]]], [[[145.089998, -35.825457], [145.091922, -35.83595699999999], [145.114092, -35.820548], [145.091922, -35.83595699999999], [145.089998, -35.825457]]], [[[144.992263, -35.852337999999996], [145.018998, -35.85664699999999], [145.049713, -35.833670999999995], [145.018998, -35.85664699999999], [144.992263, -35.852337999999996]]], [[[144.945499, -36.01218600000001], [144.945499, -36.01218600000001], [144.9539039353055, -36.015289536177036], [144.945499, -36.01218600000001]]], [[[144.847176, -36.072881], [144.856474, -36.07355299999998], [144.857534, -36.065171], [144.856474, -36.07355299999998], [144.847176, -36.072881]]], [[[144.81663535334346, -36.10614553438913], [144.819903, -36.10794699999997], [144.841922, -36.100576], [144.819903, -36.10794699999999], [144.81663535334346, -36.10614553438913]]], [[[144.809893, -36.10242800000002], [144.80989300000005, -36.10242800000003], [144.81410807472676, -36.1072905128707], [144.809893, -36.10242800000002]]], [[[144.80639800000003, -36.107457], [144.806398, -36.10745699999997], [144.81633999999997, -36.109864999999985], [144.81634, -36.109864999999985], [144.80639800000003, -36.107457]]], [[[144.740569, -36.107576], [144.748239, -36.12174599999999], [144.771896, -36.11613200000001], [144.748239, -36.12174599999999], [144.740569, -36.107576]]], [[[144.689004, -36.06141700000002], [144.683907, -36.095138000000006], [144.689004, -36.06141700000002], [144.689004, -36.06141700000002]]], [[[144.643921, -36.056664], [144.653191, -36.05323999999998], [144.65407840384762, -36.06429468715308], [144.653191, -36.053239999999995], [144.643921, -36.056664]]], [[[144.624999, -36.05208100000004], [144.624999, -36.05208100000004], [144.625461694834, -36.055569944558954], [144.624999, -36.05208100000004]]], [[[144.6183, -36.05970800000001], [144.626288, -36.061799999999984], [144.626288, -36.061799999999984], [144.6183, -36.05970800000001]]], [[[144.582515, -36.03813499999999], [144.590991, -36.043317999999985], [144.598917, -36.037411], [144.590991, -36.043317999999985], [144.582515, -36.03813499999999]]], [[[144.51614000000004, -35.995437999999986], [144.512009, -35.988895], [144.51614000000004, -35.99543799999994], [144.553661, -36.00298399999999], [144.557655, -36.01410700000001], [144.553661, -36.00298399999999], [144.51614000000004, -35.995437999999986]]], [[[144.521099, -35.97026599999999], [144.521099, -35.97026599999999], [144.50995, -35.97394500000002], [144.521099, -35.97026599999999]]], [[[144.424381, -35.90019399999999], [144.41697900000005, -35.91047199999996], [144.41697900000003, -35.910472], [144.424381, -35.90019399999999]]], [[[144.390318, -35.850553000000005], [144.388885, -35.85848], [144.390318, -35.850553000000005], [144.390318, -35.850553000000005]]], [[[144.384118, -35.819565000000004], [144.37218900000002, -35.83195000000001], [144.382044, -35.833175000000004], [144.37218900000002, -35.83195000000001], [144.384118, -35.819565000000004]]], [[[144.377484, -35.81434600000003], [144.364806, -35.820937], [144.37748399999998, -35.814346000000015], [144.377484, -35.81434600000003]]], [[[144.37685, -35.79297899999999], [144.366709, -35.811253000000015], [144.366709, -35.811253000000015], [144.37685, -35.79297899999999]]], [[[144.327832, -35.752645999999956], [144.32783199999997, -35.752645999999984], [144.295276, -35.75437900000001], [144.327832, -35.752645999999956]]], [[[144.162351, -35.67152599999999], [144.186788, -35.67043099999995], [144.195139, -35.68585800000001], [144.186788, -35.67043099999997], [144.162351, -35.67152599999999]]], [[[144.142927, -35.64725299999997], [144.131488, -35.640761], [144.142927, -35.64725299999997], [144.152629, -35.64267799999998], [144.162351, -35.67152599999999], [144.152629, -35.64267799999998], [144.142927, -35.64725299999997]]], [[[143.96758991549325, -35.51156711705188], [143.962441, -35.51398000000004], [143.962441, -35.51398000000002], [143.96758991549325, -35.51156711705188]]], [[[143.972536, -35.509248999999976], [143.972536, -35.509248999999976], [143.970101, -35.500077999999995], [143.972536, -35.509248999999976]]], [[[143.906183, -35.49995799999999], [143.935045, -35.499287999999964], [143.935045, -35.49928799999999], [143.906183, -35.49995799999999], [143.906183, -35.49995799999999]]], [[[143.86508206586254, -35.4789031307158], [143.87138, -35.477827999999974], [143.876584, -35.48616599999998], [143.87138, -35.47782799999998], [143.86508206586254, -35.4789031307158]]], [[[143.813021, -35.44626499999999], [143.855435, -35.461837999999965], [143.8574236201431, -35.4726103377558], [143.855435, -35.46183799999999], [143.813021, -35.44626499999999]]], [[[143.762852, -35.42306599999999], [143.762852, -35.42306599999999], [143.790117, -35.422476999999986], [143.818018, -35.43754499999999], [143.790117, -35.42247699999999], [143.762852, -35.42306599999999]]], [[[143.765962, -35.41585799999998], [143.765962, -35.41585799999998], [143.758802, -35.41542700000001], [143.765962, -35.41585799999998]]], [[[143.711685, -35.38469000000003], [143.709175, -35.392538], [143.711685, -35.38469000000003], [143.711685, -35.38469000000003]]], [[[143.684521, -35.36844600000001], [143.693148, -35.38391699999998], [143.6978506361188, -35.38081073195147], [143.693148, -35.38391699999998], [143.684521, -35.36844600000001]]], [[[143.667922, -35.37155399999998], [143.667922, -35.371553999999946], [143.682627, -35.374090999999964], [143.684521, -35.36844600000001], [143.682627, -35.37409099999998], [143.667922, -35.37155399999998]]], [[[143.629381, -35.39236799999998], [143.642338, -35.401036999999995], [143.629381, -35.39236799999998], [143.629381, -35.39236799999998]]], [[[143.562074, -35.337244], [143.598448, -35.35211099999999], [143.603015, -35.365407000000005], [143.598448, -35.352110999999994], [143.562074, -35.337244]]], [[[143.59086, -35.28165899999999], [143.577937, -35.303197000000026], [143.57436978441876, -35.30289706244144], [143.577937, -35.30319700000001], [143.59086, -35.28165899999999]]], [[[143.580984, -35.22003600000001], [143.563717, -35.243545], [143.580984, -35.22003600000001], [143.580984, -35.22003600000001]]], [[[143.386969, -35.183461999999984], [143.394677, -35.19237699999999], [143.386969, -35.183461999999984], [143.386969, -35.183461999999984]]], [[[143.39182, -35.172566999999965], [143.39182, -35.17256699999998], [143.38523128738817, -35.172935703617746], [143.39182, -35.172566999999965]]], [[[143.390647, -35.14510700000001], [143.381936, -35.17312000000001], [143.381936, -35.17312000000001], [143.390647, -35.14510700000001]]], [[[143.322081, -35.03672699999998], [143.322081, -35.03672699999998], [143.32867900000002, -35.04589999999999], [143.336543, -35.04321900000001], [143.32867900000002, -35.04589999999999], [143.322081, -35.03672699999998]]], [[[143.32409246390702, -34.99429882605185], [143.329708, -34.995743999999995], [143.338117, -35.01089099999999], [143.329708, -34.995743999999995], [143.32409246390702, -34.99429882605185]]], [[[143.323717, -34.97908499999999], [143.318825, -34.99294300000001], [143.318825, -34.99294300000001], [143.323717, -34.97908499999999]]], [[[143.322014, -34.94233899999998], [143.317704, -34.95259800000002], [143.317704, -34.95259800000001], [143.322014, -34.94233899999998]]], [[[143.3407588493891, -34.91567404863398], [143.34278900000004, -34.93253300000001], [143.339492, -34.94363200000001], [143.34278900000004, -34.93253300000001], [143.3407588493891, -34.91567404863398]]], [[[143.338404, -34.870311999999984], [143.341732, -34.88112000000001], [143.338404, -34.870311999999984], [143.338404, -34.870311999999984]]], [[[143.352563, -34.85823499999998], [143.352563, -34.85823500000001], [143.34521, -34.853463000000005], [143.352563, -34.85823499999998]]], [[[143.34119100000004, -34.84630899999994], [143.354957, -34.846039], [143.341191, -34.84630899999998], [143.34119100000004, -34.84630899999994]]], [[[143.284327, -34.78524500000001], [143.284327, -34.78524500000001], [143.286873, -34.794985], [143.284327, -34.78524500000001]]], [[[143.224384, -34.758732999999985], [143.22135794401623, -34.75292225172048], [143.224384, -34.75873299999995], [143.228775, -34.74778899999995], [143.236662642878, -34.746243444058315], [143.228775, -34.747788999999976], [143.224384, -34.758732999999985]]], [[[143.218847, -34.729471000000025], [143.218847, -34.729471000000025], [143.213847, -34.73849600000001], [143.213847, -34.73849600000001], [143.218847, -34.729471000000025]]], [[[143.117841, -34.70307600000002], [143.133463, -34.70057699999996], [143.1474, -34.714757000000006], [143.133463, -34.70057699999997], [143.117841, -34.70307600000002]]], [[[143.127791, -34.69266100000002], [143.117841, -34.70307600000002], [143.12779099999997, -34.69266100000002], [143.127791, -34.69266100000002]]], [[[143.076222, -34.695958], [143.092828, -34.70127299999995], [143.112525, -34.68081900000001], [143.092828, -34.70127299999997], [143.076222, -34.695958]]], [[[143.040422, -34.68588799999997], [143.040422, -34.68588799999997], [143.05482200000003, -34.69885499999997], [143.05482200000003, -34.698854999999995], [143.040422, -34.68588799999997]]], [[[143.03069520173705, -34.68816605470854], [143.029424, -34.691851000000014], [143.029424, -34.691851000000014], [143.03069520173705, -34.68816605470854]]], [[[143.032502, -34.68292799999998], [143.032502, -34.682928], [143.010179, -34.69365800000001], [143.032502, -34.68292799999998]]], [[[143.017281, -34.67366000000002], [143.010179, -34.69365800000001], [143.017281, -34.67366000000002], [143.017281, -34.67366000000002]]], [[[142.982428, -34.68274000000001], [142.97810088807375, -34.67554732596547], [142.982428, -34.68274000000001], [142.982428, -34.68274000000001]]], [[[142.932606, -34.655514999999994], [142.922267, -34.656482], [142.932606, -34.65551499999998], [142.948867, -34.669673999999986], [142.959264, -34.664981999999995], [142.948867, -34.669673999999986], [142.932606, -34.655514999999994]]], [[[142.923844, -34.64785600000002], [142.922267, -34.656482], [142.923844, -34.64785600000002], [142.923844, -34.64785600000002]]], [[[142.893269, -34.66567899999999], [142.901526, -34.654958000000015], [142.893269, -34.66567899999999], [142.893269, -34.66567899999999]]], [[[142.855209, -34.639521999999985], [142.871867, -34.650292], [142.855209, -34.639521999999985], [142.855209, -34.639521999999985]]], [[[142.8076282444191, -34.59874714049383], [142.804997, -34.60840100000001], [142.804997, -34.60840100000001], [142.8076282444191, -34.59874714049383]]], [[[142.787687, -34.590178], [142.797919, -34.59762799999998], [142.810259, -34.58909299999998], [142.810259, -34.589093000000005], [142.797919, -34.59762799999998], [142.787687, -34.590178]]], [[[142.810104, -34.560855000000025], [142.787687, -34.590178], [142.810104, -34.56085500000001], [142.810104, -34.560855000000025]]], [[[142.763405, -34.59043600000002], [142.746897, -34.58777900000001], [142.763405, -34.590436000000004], [142.763405, -34.59043600000002]]], [[[142.69998, -34.599379999999975], [142.69998, -34.59937999999996], [142.714821, -34.60044199999995], [142.72100079904885, -34.594710695592646], [142.714821, -34.60044199999998], [142.69998, -34.599379999999975]]], [[[142.689504, -34.618297999999946], [142.703966, -34.613507], [142.68950400000006, -34.618297999999974], [142.689504, -34.618297999999946]]], [[[142.710754, -34.67576900000001], [142.708607, -34.66216700000002], [142.689206, -34.652547], [142.708607, -34.662167000000004], [142.710754, -34.67576900000001]]], [[[142.684489, -34.71405700000005], [142.684489, -34.714057000000004], [142.699406, -34.724474], [142.684489, -34.71405700000005]]], [[[142.686657, -34.733929], [142.676553, -34.72904600000001], [142.678646, -34.722345000000004], [142.676553, -34.72904600000001], [142.686657, -34.733929]]], [[[142.618316, -34.72875099999999], [142.637334, -34.735043], [142.618316, -34.72875099999999], [142.618316, -34.72875099999999]]], [[[142.499559, -34.739116999999986], [142.511671, -34.740887999999934], [142.511671, -34.740887999999956], [142.499559, -34.73911699999999], [142.499559, -34.739116999999986]]], [[[142.49906000000001, -34.700025999999966], [142.518864, -34.703671000000014], [142.49906, -34.70002599999998], [142.49906000000001, -34.700025999999966]]], [[[142.468257, -34.61293400000002], [142.45916, -34.616289], [142.468257, -34.61293400000002], [142.468257, -34.61293400000002]]], [[[142.461307, -34.60656499999999], [142.46478189349716, -34.60974955255081], [142.461307, -34.60656499999999], [142.461307, -34.60656499999999]]], [[[142.472705, -34.576695], [142.458363, -34.587575000000015], [142.458363, -34.587575000000015], [142.472705, -34.576695]]], [[[142.44884700000003, -34.55948300000001], [142.44884700000003, -34.559482999999986], [142.467968, -34.56429499999995], [142.472705, -34.576695], [142.467968, -34.56429499999996], [142.44884700000003, -34.55948300000001]]], [[[142.458747, -34.58149800000002], [142.45697859432286, -34.57756635101523], [142.458747, -34.58149800000002], [142.458747, -34.58149800000002]]], [[[142.430178, -34.574792999999985], [142.444922, -34.575489999999974], [142.451622, -34.584264999999995], [142.444922, -34.575489999999995], [142.430178, -34.574792999999985]]], [[[142.40769300000002, -34.56797199999998], [142.405558, -34.541508], [142.40769300000002, -34.56797199999998], [142.426062, -34.56234799999999], [142.430178, -34.574792999999985], [142.426062, -34.56234799999999], [142.40769300000002, -34.56797199999998]]], [[[142.376705, -34.54098499999999], [142.390211, -34.549119000000005], [142.376705, -34.54098499999999], [142.376705, -34.54098499999999]]], [[[142.378183, -34.53214500000002], [142.37744403140843, -34.53656502627159], [142.378183, -34.53214500000002], [142.378183, -34.53214500000002]]], [[[142.36769500000005, -34.53044599999998], [142.37367413554824, -34.53141468448851], [142.367695, -34.53044599999998], [142.36769500000005, -34.53044599999998]]], [[[142.374942, -34.51528399999997], [142.400571, -34.522747], [142.374942, -34.51528399999997], [142.374942, -34.51528399999997]]], [[[142.394681, -34.493483999999974], [142.39468099999996, -34.493483999999974], [142.377726, -34.49139699999998], [142.394681, -34.493483999999974]]], [[[142.367936, -34.435415000000035], [142.353334, -34.469581999999996], [142.367936, -34.43541500000001], [142.367936, -34.435415000000035]]], [[[142.364539, -34.422703999999975], [142.36453899999998, -34.42270399999999], [142.351836, -34.422288], [142.364539, -34.422703999999975]]], [[[142.360695, -34.411768000000016], [142.351836, -34.422288], [142.360695, -34.411768000000016], [142.360695, -34.411768000000016]]], [[[142.350969, -34.39662899999998], [142.35727452982445, -34.40644450610391], [142.350969, -34.39662899999998], [142.350969, -34.39662899999998]]], [[[142.378269, -34.36474999999996], [142.37826899999996, -34.364749999999994], [142.36353, -34.362158], [142.378269, -34.36474999999996]]], [[[142.384459, -34.346914999999996], [142.389752, -34.362798999999995], [142.384459, -34.346914999999996], [142.384459, -34.346914999999996]]], [[[142.294386, -34.323449999999994], [142.330924, -34.339377999999996], [142.367747, -34.32690800000001], [142.330924, -34.339377999999996], [142.294386, -34.323449999999994]]], [[[142.298886, -34.305702999999994], [142.298886, -34.305702999999994], [142.286132, -34.296536], [142.298886, -34.305702999999994]]], [[[142.267332, -34.295284], [142.273673, -34.30402099999998], [142.286132, -34.296536], [142.273673, -34.30402099999998], [142.267332, -34.295284]]], [[[142.232465, -34.296749000000005], [142.235894, -34.306972999999985], [142.253057, -34.30613900000001], [142.235894, -34.306972999999985], [142.232465, -34.296749000000005]]], [[[142.24403, -34.23245699999997], [142.24403, -34.23245699999997], [142.235334, -34.22374800000001], [142.24403, -34.23245699999997]]], [[[142.23651800000002, -34.203765], [142.244111, -34.21093], [142.23651800000002, -34.20376500000003], [142.23651800000002, -34.203765]]], [[[142.198195, -34.183432], [142.220713, -34.18204599999998], [142.23313, -34.21440699999999], [142.220713, -34.182045999999985], [142.198195, -34.183432]]], [[[142.14829, -34.148718], [142.16662900000003, -34.153134], [142.159255, -34.171482], [142.16662900000003, -34.153134], [142.14829, -34.148718]]], [[[142.023852, -34.11505399999999], [142.027564, -34.122980999999974], [142.075638, -34.131418000000004], [142.027564, -34.122980999999974], [142.023852, -34.11505399999999]]], [[[142.012927, -34.10524599999996], [142.0252313424926, -34.10233651104383], [142.012927, -34.10524599999999], [142.012927, -34.10524599999996]]], [[[141.969742, -34.119898000000035], [141.969742, -34.119898000000035], [141.970437, -34.136107], [141.969742, -34.119898000000035]]], [[[141.903505, -34.11114999999999], [141.884744, -34.11498400000001], [141.903505, -34.11114999999999], [141.922592, -34.114569999999965], [141.929784, -34.12579000000001], [141.922592, -34.11456999999997], [141.903505, -34.11114999999999]]], [[[141.876627, -34.13741799999998], [141.87219481411591, -34.13303508776241], [141.876627, -34.13741799999998], [141.888789, -34.12441499999999], [141.888789, -34.12441499999999], [141.876627, -34.13741799999998]]], [[[141.752623, -34.106242], [141.756947, -34.112096999999984], [141.777897, -34.10177399999999], [141.756947, -34.112096999999984], [141.752623, -34.106242]]], [[[141.611817, -34.13902300000006], [141.611817, -34.13902300000006], [141.61376950763403, -34.14403903049488], [141.611817, -34.13902300000006]]], [[[141.60458, -34.149115], [141.61853800000003, -34.15628699999998], [141.61853800000003, -34.15628700000001], [141.60458, -34.149115]]], [[[141.583902, -34.15196499999994], [141.60458, -34.149115], [141.58390200000002, -34.15196499999995], [141.583902, -34.15196499999994]]], [[[141.602959, -34.16225400000003], [141.59673402824112, -34.15889361145323], [141.602959, -34.16225400000002], [141.602959, -34.16225400000003]]], [[[141.589383, -34.177352999999975], [141.59581991424116, -34.17019473557971], [141.589383, -34.177352999999975], [141.589383, -34.177352999999975]]], [[[141.547738, -34.20084099999998], [141.533546, -34.19143400000001], [141.547738, -34.20084099999998], [141.560468, -34.19089999999999], [141.57196495012536, -34.19478114404995], [141.560468, -34.19089999999999], [141.547738, -34.20084099999998]]], [[[141.506669, -34.19061899999998], [141.518577, -34.203159], [141.506669, -34.19061899999998], [141.506669, -34.19061899999998]]], [[[141.518744, -34.18090999999995], [141.518744, -34.18090999999996], [141.496794, -34.155522999999995], [141.518744, -34.18090999999995]]], [[[141.444539, -34.168015], [141.450241, -34.16107699999996], [141.465933, -34.16575399999999], [141.450241, -34.161076999999985], [141.444539, -34.168015]]], [[[141.40824800000001, -34.127855999999994], [141.407404, -34.14640000000001], [141.40824800000001, -34.12785600000001], [141.40824800000001, -34.127855999999994]]], [[[141.38485230335223, -34.12843658220929], [141.388118, -34.134729999999976], [141.40078519219364, -34.13040483374551], [141.388118, -34.13472999999998], [141.38485230335223, -34.12843658220929]]], [[[141.324937, -34.13878199999999], [141.346407, -34.12434799999999], [141.324937, -34.13878199999999], [141.324937, -34.13878199999999]]], [[[141.317451, -34.11241300000003], [141.31353, -34.12485999999999], [141.317451, -34.11241300000003], [141.317451, -34.11241300000003]]], [[[141.247217, -34.07320899999999], [141.242543, -34.087341], [141.242543, -34.087341000000016], [141.247217, -34.07320899999999]]], [[[141.187449, -34.079294000000026], [141.187449, -34.079294000000026], [141.193531, -34.08957600000001], [141.187449, -34.079294000000026]]], [[[141.174668, -34.073334], [141.184951, -34.09195099999998], [141.193531, -34.08957600000001], [141.184951, -34.091950999999995], [141.174668, -34.073334]]], [[[141.15102569568649, -34.065098469879196], [141.14384700000002, -34.06779900000001], [141.143847, -34.06779900000001], [141.15102569568649, -34.065098469879196]]], [[[141.15311100000002, -34.05452100000001], [141.15344300000004, -34.064188999999985], [141.15344300000004, -34.06418899999999], [141.15311100000002, -34.054521000000015], [141.15311100000002, -34.05452100000001]]], [[[141.137307, -34.05756099999997], [141.120338, -34.064866000000016], [141.137307, -34.05756099999997], [141.142973, -34.063533999999976], [141.14681399988044, -34.060119515911296], [141.142973, -34.063533999999976], [141.137307, -34.05756099999997]]], [[[141.087257, -34.05717299999999], [141.094238, -34.050655999999954], [141.120338, -34.064866000000016], [141.094238, -34.05065599999997], [141.087257, -34.05717299999999]]], [[[141.065601, -34.05006199999998], [141.042463, -34.061100999999994], [141.065601, -34.050061999999976], [141.071951, -34.06290999999996], [141.08059035046102, -34.06249545700684], [141.071951, -34.06290999999998], [141.065601, -34.05006199999998]]], [[[141.04358, -34.04320000000004], [141.042463, -34.061100999999994], [141.04358, -34.04320000000004], [141.04358, -34.04320000000004]]], [[[141.024324, -34.059905999999984], [141.001935, -34.039284], [141.024324, -34.05990599999996], [141.036145, -34.03604999999994], [141.03995516833538, -34.039714298929766], [141.036145, -34.036049999999975], [141.024324, -34.059905999999984]]], [[[141.00377600000002, -34.02760399999996], [141.001935, -34.039284], [141.00377600000002, -34.02760399999996], [141.00377600000002, -34.02760399999996]]], [[[141.012366, -34.02473600000003], [141.00881796327423, -34.02592068708921], [141.012366, -34.02473600000001], [141.012366, -34.02473600000003]]], [[[151.96951700000002, -32.667628], [151.975014, -32.679871000000006], [151.965513, -32.67417700000001], [151.96951700000002, -32.667628]]], [[[151.973989, -32.665379], [151.982089, -32.67074600000002], [151.979795, -32.677524000000005], [151.973989, -32.665379]]], [[[152.315824, -32.61757599999999], [152.319219, -32.627907], [152.312026, -32.62678199999998], [152.305258, -32.607246999999994], [152.328627, -32.617405999999995], [152.315824, -32.61757599999999]]], [[[159.077238, -31.54353300000001], [159.056995, -31.519771999999993], [159.038463, -31.522425000000002], [159.03796, -31.512156000000008], [159.064657, -31.50966599999998], [159.06379, -31.517379], [159.081178, -31.526606999999974], [159.081913, -31.53976699999998], [159.094678, -31.545036000000014], [159.10542, -31.563994000000008], [159.09775, -31.564275000000006], [159.099634, -31.57337199999999], [159.094217, -31.57097000000002], [159.07459900000003, -31.597284999999996], [159.06874, -31.595696999999994], [159.077238, -31.54353300000001]]]]}}, {"type": "Feature", "properties": {"id": "active_road", "area_km2": 727018}, "geometry": {"type": "MultiPolygon", "coordinates": [[[[150.22909, -36.258943], [150.222919, -36.25637], [150.224006, -36.24390300000001], [150.23094800000004, -36.25053299999998], [150.22909, -36.258943]]], [[[150.42057, -35.525966000000004], [150.421112, -35.53117399999998], [150.411333, -35.53027399999998], [150.42057, -35.525966000000004]]], [[[152.203513, -32.74761100000001], [152.184939, -32.749721], [152.192662, -32.739777], [152.203513, -32.74761100000001]]], [[[152.2287, -32.687163], [152.22392100000002, -32.69240700000003], [152.222668, -32.68406100000001], [152.2287, -32.687163]]], [[[151.143088, -33.83556500000002], [151.135902, -33.836469], [151.148783, -33.839386000000005], [151.133837, -33.844836999999984], [151.112863, -33.82972399999999], [151.108625, -33.83555500000002], [151.092828, -33.81960899999999], [151.070345, -33.816445000000016], [151.051336, -33.823661999999985], [151.084007, -33.822079999999985], [151.075192, -33.832683], [151.080873, -33.84575], [151.083228, -33.82789700000001], [151.093817, -33.82444300000001], [151.089778, -33.833044], [151.098921, -33.831641], [151.093602, -33.839763999999974], [151.102215, -33.838102000000006], [151.099653, -33.84420899999999], [151.104144, -33.834386999999985], [151.120767, -33.84178800000001], [151.113783, -33.85397099999998], [151.122305, -33.85699399999999], [151.11907, -33.864711], [151.128397, -33.86096100000001], [151.122165, -33.848934000000014], [151.126983, -33.84419500000002], [151.142064, -33.84584500000001], [151.142273, -33.853358], [151.149526, -33.846908000000006], [151.144434, -33.84353100000001], [151.154043, -33.842070000000014], [151.164849, -33.85524900000001], [151.14452, -33.86316200000001], [151.149559, -33.866130999999996], [151.141168, -33.869843999999986], [151.15087, -33.872265], [151.18549, -33.84600799999999], [151.190538, -33.85237500000001], [151.184547, -33.85364499999999], [151.196507, -33.85969399999999], [151.173504, -33.87120300000001], [151.18933700000002, -33.87584000000001], [151.185985, -33.868381], [151.194011, -33.862376000000005], [151.201538, -33.87317500000001], [151.200176, -33.855383], [151.208045, -33.85351199999998], [151.2097, -33.861003999999994], [151.222724, -33.859227], [151.220606, -33.869096], [151.229928, -33.858256], [151.231825, -33.874752], [151.240091, -33.866392000000005], [151.246131, -33.87342099999999], [151.25233100000003, -33.86373799999999], [151.25465700000004, -33.870792999999985], [151.266971, -33.87065099999999], [151.264376, -33.85088500000002], [151.277581, -33.85109], [151.281068, -33.83282100000001], [151.287848, -33.85020200000001], [151.285699, -33.891955], [151.274326, -33.893626999999995], [151.271398, -33.914235], [151.257621, -33.922461], [151.265693, -33.94144699999999], [151.257087, -33.95232000000001], [151.265965, -33.968029999999985], [151.251886, -33.96467100000001], [151.258952, -33.975768000000016], [151.251185, -33.97893600000001], [151.249211, -34.00181400000001], [151.230804, -33.992554], [151.226024, -33.976737], [151.20886400000003, -33.98216499999998], [151.22008, -33.96720400000001], [151.207515, -33.969846], [151.211072, -33.96184699999999], [151.192349, -33.954223], [151.192722, -33.97392500000002], [151.186067, -33.952356], [151.18172, -33.96789800000003], [151.168033, -33.949774], [151.139781, -34.003281], [151.1227, -34.000518], [151.13074, -33.98397699999998], [151.118302, -33.99049100000001], [151.112694, -34.00536900000001], [151.117358, -34.01377499999999], [151.107858, -34.01436399999999], [151.109517, -34.022704999999995], [151.126957, -34.009899], [151.137635, -34.037053], [151.159864, -34.03220099999999], [151.141756, -34.01455900000001], [151.157393, -34.013217999999995], [151.162119, -34.00002799999997], [151.178624, -34.01284299999999], [151.158315, -34.01451099999998], [151.159558, -34.023258000000006], [151.19631800000002, -34.021228000000015], [151.20643, -34.014044999999996], [151.186751, -34.007529999999996], [151.221931, -34.00121400000001], [151.231455, -34.01166300000002], [151.230295, -34.02640099999999], [151.21452, -34.041929999999994], [151.18591800000002, -34.034562999999984], [151.165543, -34.040718999999996], [151.15588, -34.051861], [151.153407, -34.073152], [151.147416, -34.07336600000001], [151.148906, -34.054581000000006], [151.140341, -34.073794], [151.133934, -34.05554999999999], [151.129658, -34.06929799999999], [151.111637, -34.07245499999999], [151.114401, -34.05942899999998], [151.105961, -34.059439], [151.112134, -34.043153000000004], [151.105231, -34.04209099999999], [151.10177, -34.058999], [151.096978, -34.047053], [151.092183, -34.05766100000001], [151.077022, -34.053922999999976], [151.08907900000003, -34.05821400000001], [151.088837, -34.065546000000005], [151.061128, -34.064351000000016], [151.057465, -34.07360899999999], [151.063033, -34.064650000000015], [151.088446, -34.069568000000004], [151.095785, -34.058002000000016], [151.10198, -34.06536699999998], [151.105556, -34.07951199999998], [151.078582, -34.08931600000001], [151.099223, -34.08963099999999], [151.110204, -34.07828399999998], [151.132195, -34.075983999999984], [151.124191, -34.092213], [151.135161, -34.08225999999999], [151.13315, -34.07352799999999], [151.136951, -34.0817], [151.150032, -34.08369499999999], [151.168974, -34.07491799999999], [151.171761, -34.08650300000001], [151.151792, -34.11507500000002], [151.135794, -34.120302999999986], [151.127882, -34.13791899999999], [151.118696, -34.137011000000015], [151.11144, -34.148009], [151.045254, -34.18619300000001], [150.988696, -34.231862000000014], [150.928023, -34.316624000000004], [150.924432, -34.327458000000014], [150.930286, -34.331102], [150.919412, -34.358541999999986], [150.9313, -34.36875199999999], [150.902085, -34.40769600000001], [150.904246, -34.42077999999998], [150.910846, -34.421307], [150.902392, -34.43321500000001], [150.901079, -34.45931799999999], [150.90981, -34.464762999999984], [150.898757, -34.46201899999999], [150.894896, -34.45103199999999], [150.884085, -34.457706000000016], [150.907936, -34.475511999999995], [150.913644, -34.46479999999999], [150.921906, -34.493851000000014], [150.90884, -34.49316999999999], [150.891364, -34.50636500000001], [150.87457, -34.53831199999998], [150.862742, -34.529092999999975], [150.873463, -34.498847], [150.886849, -34.49780100000001], [150.886605, -34.49159500000001], [150.832395, -34.486299000000024], [150.837644, -34.500484999999976], [150.811748, -34.50736299999998], [150.81948400000002, -34.517631], [150.80893, -34.524890999999975], [150.812573, -34.53027600000002], [150.807644, -34.525073], [150.81350600000002, -34.534186000000005], [150.796795, -34.546199], [150.810358, -34.549250999999984], [150.795312, -34.555201000000004], [150.804238, -34.561351], [150.81644, -34.553546999999995], [150.832287, -34.556869000000006], [150.837573, -34.54270399999999], [150.862037, -34.537457000000025], [150.873652, -34.544440999999985], [150.868446, -34.570206999999996], [150.877301, -34.579955000000005], [150.875128, -34.58935099999999], [150.904456, -34.596968], [150.887547, -34.598338000000005], [150.87688500000002, -34.608023999999986], [150.866629, -34.60450500000001], [150.855877, -34.614649], [150.862068, -34.62895300000001], [150.856594, -34.64603000000001], [150.865478, -34.64889000000001], [150.854772, -34.66337800000001], [150.864679, -34.67191700000001], [150.855094, -34.676398], [150.860942, -34.68814299999999], [150.833299, -34.738644], [150.837007, -34.75454700000001], [150.822899, -34.77315899999999], [150.825135, -34.782505000000015], [150.811494, -34.77297399999999], [150.782121, -34.79132300000001], [150.760547, -34.820645999999996], [150.749538, -34.855160000000005], [150.751467, -34.890586000000006], [150.760049, -34.900442000000005], [150.770895, -34.89581500000001], [150.768621, -34.92604799999999], [150.785753, -34.93042899999999], [150.776325, -34.94783700000001], [150.784718, -34.98657399999999], [150.810238, -35.012455999999986], [150.821423, -35.01474499999999], [150.829846, -35.002907], [150.849715, -35.012890999999996], [150.831646, -35.041184], [150.842983, -35.05063599999999], [150.833758, -35.074355000000004], [150.80582100000004, -35.094438000000004], [150.786259, -35.07254199999999], [150.776154, -35.083012000000004], [150.775738, -35.054143999999994], [150.787111, -35.03622699999999], [150.767252, -35.015173000000004], [150.778271, -35.002447999999994], [150.750987, -34.99084500000001], [150.726267, -34.99665], [150.728397, -35.007549], [150.692061, -35.014115000000004], [150.67113, -35.03715299999998], [150.67951, -35.049259], [150.676828, -35.06902600000002], [150.697959, -35.07113499999999], [150.691608, -35.083161], [150.701604, -35.12286199999996], [150.661053, -35.11782400000002], [150.657742, -35.10518600000001], [150.647068, -35.101652000000016], [150.638256, -35.116681], [150.614193, -35.116535999999996], [150.620558, -35.106175], [150.59525, -35.101546000000006], [150.58714, -35.088314999999994], [150.586233, -35.093914999999996], [150.576903, -35.088371000000016], [150.579468, -35.099236], [150.563048, -35.093674], [150.549499, -35.10303999999997], [150.565456, -35.10250699999999], [150.56871600000002, -35.112856], [150.54138, -35.11877700000001], [150.544818, -35.12292999999996], [150.565494, -35.119567], [150.574358, -35.122863], [150.569959, -35.13035000000002], [150.586461, -35.12023500000001], [150.598912, -35.127191999999994], [150.585885, -35.13816399999999], [150.605105, -35.156174999999976], [150.601334, -35.17006600000001], [150.591249, -35.172472000000006], [150.59742, -35.190064000000014], [150.572751, -35.193035], [150.540543, -35.21567500000002], [150.5302, -35.235074000000004], [150.545226, -35.24843599999999], [150.478024, -35.291824], [150.471901, -35.31654700000003], [150.487294, -35.32497699999998], [150.475899, -35.33028099999997], [150.475586, -35.34644600000002], [150.485034, -35.353284], [150.474882, -35.356554], [150.492479, -35.366331], [150.478544, -35.367844999999996], [150.452093, -35.38996800000001], [150.449098, -35.406756999999985], [150.423084, -35.42097499999999], [150.410745, -35.436522], [150.415734, -35.44542199999998], [150.406091, -35.445871], [150.403749, -35.45811500000001], [150.392847, -35.46460900000002], [150.390874, -35.498431], [150.401584, -35.506191999999984], [150.406331, -35.53392800000002], [150.39620200000002, -35.53311999999998], [150.385042, -35.54613199999999], [150.386919, -35.562708], [150.375839, -35.563551000000004], [150.376802, -35.571802], [150.364873, -35.57064199999999], [150.346391, -35.587906], [150.340029, -35.59730799999998], [150.34564, -35.604252], [150.322605, -35.61353899999999], [150.326048, -35.637215], [150.313561, -35.63556200000001], [150.299254, -35.647388000000014], [150.29743, -35.663088], [150.307557, -35.66876299999998], [150.299687, -35.67885299999999], [150.306552, -35.686106], [150.299061, -35.68372299999998], [150.29744, -35.69609999999998], [150.280941, -35.703348], [150.2766, -35.723524], [150.270352, -35.71912900000002], [150.265411, -35.72646300000001], [150.262428, -35.71786300000001], [150.251028, -35.719400000000014], [150.250492, -35.711487999999996], [150.233969, -35.702933000000016], [150.212214, -35.711807], [150.210273, -35.70235599999997], [150.177263, -35.70307499999999], [150.21448, -35.737925999999995], [150.211872, -35.75999], [150.234944, -35.771762], [150.237379, -35.791939000000006], [150.230108, -35.80110599999999], [150.237153, -35.801716], [150.224191, -35.808749000000006], [150.230793, -35.818402], [150.224934, -35.827793], [150.235278, -35.835526999999985], [150.217544, -35.830701000000005], [150.210168, -35.835846], [150.199136, -35.82859599999998], [150.186699, -35.83311599999999], [150.189893, -35.838464000000016], [150.17766, -35.850198999999996], [150.191359, -35.86050500000001], [150.16921500000004, -35.862519999999996], [150.150243, -35.891138999999995], [150.152075, -35.90779499999999], [150.161817, -35.90866699999999], [150.155057, -35.94586199999999], [150.160404, -35.95389700000001], [150.151067, -35.97886], [150.154079, -35.991911], [150.164327, -35.993640000000006], [150.157407, -36.007989000000016], [150.164553, -36.013024], [150.149238, -36.028810000000014], [150.144535, -36.05699200000001], [150.134469, -36.06593999999999], [150.13396, -36.090213999999996], [150.141502, -36.09443499999998], [150.124334, -36.14192400000001], [150.125418, -36.16013999999999], [150.135854, -36.172495], [150.130935, -36.199788], [150.142489, -36.21779599999997], [150.148569, -36.266969], [150.130773, -36.288866000000006], [150.139723, -36.30490200000001], [150.089788, -36.353992], [150.066831, -36.39852500000001], [150.06764, -36.41941], [150.08476, -36.42919399999998], [150.054818, -36.488114999999986], [150.062206, -36.50655], [150.055537, -36.540206], [150.068288, -36.55413699999999], [150.055783, -36.57066799999999], [150.056813, -36.582938999999975], [150.044143, -36.58900200000001], [149.999881, -36.665002], [149.999328, -36.68564500000002], [149.992487, -36.687796999999996], [149.997116, -36.69221699999999], [149.982757, -36.702281], [149.979306, -36.72222800000001], [149.991869, -36.72557200000001], [149.98185, -36.73708], [149.977198, -36.769631000000004], [149.940621, -36.81168299999999], [149.934352, -36.84412600000001], [149.95001100000002, -36.85539], [149.93911600000004, -36.857511999999986], [149.930172, -36.873988000000004], [149.935305, -36.884159000000004], [149.929592, -36.89471399999999], [149.938102, -36.902453], [149.919697, -36.89544099999998], [149.904788, -36.91464800000001], [149.913436, -36.944592000000014], [149.945918, -36.94912999999999], [149.933505, -36.959334999999996], [149.926665, -36.992059999999995], [149.930788, -37.007831], [149.947732, -37.01755599999998], [149.939898, -37.03121600000001], [149.944652, -37.05399600000002], [149.923414, -37.04630599999998], [149.909916, -37.06208299999999], [149.923414, -37.046305999999966], [149.93069046586086, -37.04894119101798], [149.8901385289871, -36.97084405458143], [149.822857, -36.840934], [149.637258, -36.68832999999997], [149.26213738365166, -36.72927207235868], [148.98521798838385, -36.612548503903774], [148.870116, -36.172777], [148.717512, -36.003676000000006], [148.54650992970582, -35.9277450525077], [148.50242983304992, -35.798985909294316], [148.276199, -35.512870000000014], [148.028734, -35.32314600000001], [147.6351855506031, -35.44383429511397], [147.533803, -35.56236300000002], [146.50129883158027, -35.50730892346095], [146.28260738859788, -35.529422292005606], [146.061384, -35.735588], [145.80567, -35.65722399999999], [145.71978538210965, -35.37944352564714], [145.69401517887252, -35.43098508454636], [145.327237, -35.587109], [145.224127, -35.57061200000001], [144.956039, -35.475749999999984], [144.852929, -35.32727100000002], [144.54973829298478, -35.32383867843988], [144.3061853970812, -35.14240658461778], [144.1183460965521, -35.051544784723234], [144.0492652885805, -34.98352408961645], [143.94968, -34.72098100000002], [143.834196, -34.72098100000002], [143.61051295632865, -34.394881937734844], [142.84287658013344, -34.07796334057231], [142.62459645171788, -33.87852713224654], [142.45334470429927, -33.76824864012517], [142.15771475574408, -33.65753245417894], [141.763736, -33.607387], [141.41686991596313, -33.63234034364266], [141.00260677246365, -33.56596166632938], [140.999278, -28.999102999999987], [148.958308, -28.999064000000022], [148.97632100000004, -28.976413], [148.998297, -28.97264499999998], [149.009223, -28.956918999999985], [149.03268600000004, -28.955957999999978], [149.04832, -28.916989000000004], [149.058652, -28.91035799999998], [149.063984, -28.888645000000007], [149.055338, -28.884098999999992], [149.080061, -28.858362000000003], [149.080762, -28.84180100000003], [149.097078, -28.83168000000001], [149.103225, -28.83812400000001], [149.112444, -28.829574999999995], [149.128192, -28.835262], [149.143444, -28.822215], [149.139757, -28.807197], [149.160386, -28.810739000000005], [149.17918300000002, -28.802995999999997], [149.19236, -28.780600000000003], [149.188805, -28.77511799999999], [149.224974, -28.764461999999977], [149.246912, -28.73889899999999], [149.253764, -28.742235], [149.262342, -28.734297000000005], [149.269197, -28.743452000000005], [149.297081, -28.70994699999999], [149.317964, -28.714057999999998], [149.329862, -28.698193999999994], [149.346685, -28.69667200000001], [149.358975, -28.684330000000006], [149.387389, -28.695802999999998], [149.393867, -28.677291999999984], [149.405469, -28.675241000000003], [149.423022, -28.655209], [149.417037, -28.651314999999983], [149.426129, -28.65013599999999], [149.432856, -28.635031000000016], [149.428298, -28.629224999999998], [149.442976, -28.620323000000006], [149.439518, -28.612052999999996], [149.452554, -28.594867000000004], [149.474862, -28.593894], [149.481514, -28.582817999999993], [149.502704, -28.580398999999996], [149.502977, -28.574351], [149.513949, -28.581674], [149.528925, -28.574220000000018], [149.552587, -28.580136999999986], [149.568553, -28.57107899999998], [149.587938, -28.572815000000013], [149.610654, -28.600880000000014], [149.625491, -28.593341999999996], [149.642282, -28.59920700000001], [149.647886, -28.61210999999999], [149.655991, -28.61548900000001], [149.660712, -28.609310999999998], [149.674008, -28.624155999999996], [149.666654, -28.63185900000001], [149.703104, -28.63371200000001], [149.709917, -28.62029900000001], [149.7039, -28.61646399999999], [149.721169, -28.609183], [149.74497, -28.618387999999996], [149.754943, -28.609441000000007], [149.784005, -28.614131999999987], [149.811439, -28.605773000000006], [149.819292, -28.615843], [149.83036, -28.603747999999996], [149.84485200000003, -28.610477000000003], [149.8623, -28.602199000000006], [149.899141, -28.621908999999995], [149.917404, -28.608055999999998], [149.936331, -28.610132000000007], [149.941892, -28.61792199999999], [149.950561, -28.60804], [149.976953, -28.61346400000001], [150.016091, -28.58065600000001], [150.045836, -28.582399000000002], [150.04874, -28.58919599999997], [150.073281, -28.576562000000013], [150.079904, -28.58439600000001], [150.085176, -28.575843000000006], [150.092923, -28.578618000000006], [150.091932, -28.564239000000025], [150.110908, -28.570297], [150.121475, -28.559733999999995], [150.138555, -28.565316000000003], [150.15228, -28.55021000000001], [150.15409, -28.557155], [150.169233, -28.55058699999999], [150.171551, -28.563889999999997], [150.18269400000003, -28.55628700000001], [150.17789, -28.563474000000014], [150.186598, -28.565210999999998], [150.186688, -28.57279499999998], [150.192465, -28.566742], [150.212287, -28.574180999999992], [150.213149, -28.567548999999982], [150.229074, -28.567687], [150.230399, -28.555712999999983], [150.238805, -28.559710999999993], [150.236053, -28.553810000000006], [150.289648, -28.537157], [150.320591, -28.557182000000008], [150.327556, -28.571045], [150.3513, -28.575347999999973], [150.352542, -28.587758999999995], [150.369675, -28.598510999999984], [150.363767, -28.60751], [150.370045, -28.62067999999999], [150.387493, -28.625353999999998], [150.387879, -28.633924000000007], [150.401823, -28.62728099999998], [150.413973, -28.633892000000003], [150.415222, -28.650834000000003], [150.429277, -28.651122000000008], [150.445551, -28.665140999999988], [150.460085, -28.66891200000001], [150.48708400000004, -28.657420999999992], [150.51481, -28.661759], [150.525002, -28.65431100000002], [150.5392, -28.660519000000015], [150.527008, -28.668878999999993], [150.544079, -28.671523999999994], [150.552333, -28.668026000000005], [150.548167, -28.658493999999997], [150.554094, -28.653063999999997], [150.561392, -28.661816999999996], [150.580641, -28.655465000000007], [150.600191, -28.670758], [150.625827, -28.668978999999975], [150.632541, -28.676572000000004], [150.6734, -28.65018], [150.681695, -28.661351000000003], [150.708625, -28.651951000000004], [150.728255, -28.63448999999999], [150.752343, -28.633464], [150.795757, -28.65523600000001], [150.818847, -28.657335999999997], [150.819279, -28.666631000000017], [150.848417, -28.673118999999982], [150.874008, -28.693797000000004], [150.906384, -28.68770599999999], [150.93090800000002, -28.705519000000006], [150.938189, -28.730937999999995], [151.01065, -28.740804999999995], [151.028277, -28.761415000000003], [151.028963, -28.770497], [151.019308, -28.772049000000013], [151.024763, -28.793127000000027], [151.041903, -28.799153000000004], [151.037362, -28.827649000000005], [151.04532100000003, -28.84448199999999], [151.054835, -28.849373], [151.083206, -28.834379999999985], [151.102759, -28.836368999999994], [151.1044, -28.844291000000002], [151.132965, -28.860242000000028], [151.200196, -28.88434899999998], [151.208752, -28.90146999999999], [151.234722, -28.90465599999997], [151.243908, -28.92429700000003], [151.274808, -28.938925999999995], [151.28234, -28.954079999999994], [151.272148, -28.973172], [151.282556, -28.980593000000002], [151.276414, -28.986967000000014], [151.283956, -29.005871000000006], [151.271058, -29.030275000000007], [151.284865, -29.037355999999978], [151.288861, -29.050250999999992], [151.275509, -29.077791000000005], [151.279649, -29.10076900000001], [151.315471, -29.134499000000005], [151.308844, -29.14752600000002], [151.314762, -29.165531000000012], [151.33931, -29.177266000000003], [151.393784, -29.177893000000005], [151.410638, -29.152566], [151.428307, -29.147477000000006], [151.451744, -29.12685900000001], [151.463025, -29.09894299999999], [151.48606600000002, -29.08881800000001], [151.502292, -29.070805000000007], [151.49149, -29.056244], [151.49823, -29.01990899999999], [151.536094, -28.98061899999999], [151.545566, -28.95299799999999], [151.56680600000004, -28.941731000000008], [151.57709100000002, -28.945030999999982], [151.609616, -28.923279], [151.634688, -28.929234000000005], [151.644389, -28.916838999999978], [151.674758, -28.90759499999999], [151.706536, -28.87178399999999], [151.73386, -28.871577999999978], [151.743471, -28.918646000000003], [151.772735, -28.938250999999998], [151.770227, -28.95584600000002], [151.777834, -28.959885000000014], [151.806394, -28.944636000000006], [151.813804, -28.959373999999997], [151.832232, -28.959829000000003], [151.839557, -28.94266499999999], [151.837909, -28.916546999999987], [151.849363, -28.907850000000018], [151.900358, -28.914966], [151.916048, -28.92930699999997], [151.968198, -28.916567000000022], [151.99759300000002, -28.89548299999999], [152.00109, -28.909730000000003], [152.009703, -28.907662999999978], [152.038126, -28.86469599999999], [152.036909, -28.851793999999995], [152.025956, -28.858252999999994], [152.015064, -28.850626000000005], [152.017057, -28.838514000000004], [152.037291, -28.819230999999988], [152.034743, -28.790710000000004], [152.041726, -28.77858100000001], [152.036326, -28.756991999999993], [152.047714, -28.740328999999996], [152.042726, -28.731622999999992], [152.076049, -28.708175], [152.066079, -28.69745400000002], [152.066354, -28.68096799999999], [152.052567, -28.681939999999997], [152.03915, -28.66444799999999], [152.010168, -28.664950999999988], [151.990804, -28.624399999999998], [151.985979, -28.581497999999993], [151.957677, -28.563408999999996], [151.95564500000003, -28.51890400000003], [151.982893, -28.50339500000002], [151.988951, -28.525613], [152.016864, -28.525281000000003], [152.045672, -28.494966000000005], [152.067033, -28.485590000000002], [152.0702, -28.46800300000002], [152.121134, -28.46266899999998], [152.160504, -28.43312300000001], [152.184519, -28.43887200000001], [152.190266, -28.433948], [152.217189, -28.449235999999974], [152.267606, -28.390047000000006], [152.288432, -28.393151000000003], [152.309659, -28.363167999999998], [152.341582, -28.367860000000015], [152.355946, -28.361197000000015], [152.38616, -28.368554000000003], [152.417259, -28.333089000000005], [152.40951700000002, -28.315733999999996], [152.414572, -28.298101000000003], [152.444831, -28.298821999999994], [152.442877, -28.290441999999995], [152.463586, -28.259373000000004], [152.508643, -28.24924899999998], [152.534221, -28.262631000000006], [152.525981, -28.306249999999984], [152.548142, -28.321019], [152.555508, -28.316663000000002], [152.556437, -28.32335500000001], [152.568635, -28.323575000000005], [152.579242, -28.33897600000001], [152.6017, -28.307380999999975], [152.600303, -28.283836], [152.61451700000003, -28.269555000000008], [152.624513, -28.298204000000027], [152.638288, -28.310997000000008], [152.667228, -28.311752000000006], [152.679339, -28.330415999999992], [152.72288, -28.344096000000004], [152.751062, -28.363914000000005], [152.775455, -28.346625], [152.804226, -28.353593999999998], [152.831138, -28.32026499999998], [152.880013, -28.309606999999993], [152.933856, -28.338310999999994], [152.972614, -28.331853000000002], [153.008199, -28.341717000000003], [153.04606, -28.339455000000008], [153.108829, -28.35754300000001], [153.12989, -28.330664999999975], [153.124665, -28.318641], [153.143405, -28.311992999999994], [153.154794, -28.295691], [153.168505, -28.294163], [153.161067, -28.27982400000001], [153.174911, -28.27477699999999], [153.177921, -28.24751999999999], [153.231833, -28.265110000000014], [153.23585387066203, -28.259580030470904], [153.2749, -28.312099999999987], [153.2051672797021, -28.371262073024578], [153.2059, -28.491099999999996], [153.1862, -28.519500000000015], [153.1918, -28.59809999999998], [153.2166, -28.626099999999997], [153.226, -28.738200000000013], [153.1892, -28.75079999999998], [153.16611, -28.835869999999993], [153.1269, -28.897300000000012], [153.15880000000004, -28.92899999999999], [153.0114, -28.99330000000002], [152.98873, -29.236620000000006], [153.0017, -29.3373], [152.99369, -29.453679999999995], [152.97099, -29.562549999999987], [152.9529, -29.58980000000002], [152.95667, -29.636920000000003], [152.93242424915417, -29.69678064708955], [153.31920192520883, -29.695502091763764], [153.305161, -29.715407000000017], [153.291992, -29.75362099999998], [153.303944, -29.774537], [153.288043, -29.798317000000008], [153.294417, -29.82508], [153.282471, -29.833830000000013], [153.267648, -29.865250000000003], [153.267554, -29.885679000000017], [153.276875, -29.893112000000002], [153.272771, -29.916864], [153.261147, -29.930648999999985], [153.260047, -29.95209699999999], [153.233366, -29.97975300000001], [153.197084, -30.040577], [153.19634, -30.05490399999999], [153.206343, -30.058314], [153.207861, -30.068526], [153.199641, -30.103902000000012], [153.213714, -30.109724], [153.199564, -30.141272000000004], [153.206858, -30.156386000000005], [153.166987, -30.198029], [153.140185, -30.25588600000001], [153.147838, -30.277603000000024], [153.139825, -30.299668999999973], [153.154572, -30.30514800000001], [153.142501, -30.303102000000006], [153.14012500000004, -30.309881999999995], [153.152929, -30.309492], [153.136083, -30.315935000000003], [153.113451, -30.340617000000012], [153.104516, -30.376996999999996], [153.075807, -30.410593000000002], [153.076319, -30.43189000000002], [153.045956, -30.467008], [153.031711, -30.499017000000006], [153.025013, -30.533623000000002], [153.02959, -30.546964000000006], [153.017103, -30.564111000000004], [153.010084, -30.607866], [153.020362, -30.64758299999998], [152.997491, -30.678914000000006], [152.988454, -30.731967000000015], [153.00166100000004, -30.748637999999993], [152.997264, -30.786115000000006], [153.013744, -30.860781999999976], [153.037184, -30.88248200000001], [153.060289, -30.88668699999999], [153.069048, -30.881775999999988], [153.06637, -30.875076999999973], [153.075491, -30.877935000000004], [153.088672, -30.911293000000015], [153.09054, -30.922062000000007], [153.056592, -30.959548000000016], [153.038958, -31.003180999999987], [153.041007, -31.041425999999973], [153.054389, -31.053706000000012], [153.065814, -31.046968999999997], [153.064737, -31.056619000000005], [153.053565, -31.069897000000015], [153.05528, -31.079436000000015], [153.006635, -31.123407999999987], [152.97736000000003, -31.171431999999996], [152.97639, -31.184026999999976], [152.984243, -31.18665499999999], [152.966471, -31.212969000000008], [152.960197, -31.24205100000003], [152.97116, -31.25260600000002], [152.964537, -31.306340000000024], [152.97641800000002, -31.314140999999992], [152.93773, -31.360849000000005], [152.914979, -31.409392], [152.937829, -31.47576000000001], [152.876935, -31.529605000000014], [152.845329, -31.572928000000015], [152.840123, -31.589380000000006], [152.848288, -31.601574999999983], [152.833993, -31.632313999999987], [152.849523, -31.641347], [152.804917, -31.681860000000004], [152.792759, -31.71072199999996], [152.80563, -31.730320000000003], [152.76395, -31.768835999999993], [152.736092, -31.811104000000007], [152.73665, -31.836518000000016], [152.754557, -31.845077000000003], [152.690985, -31.877659], [152.608794, -31.947139999999997], [152.565872, -32.00401899999999], [152.569525, -32.00996100000002], [152.547924, -32.028102999999994], [152.541556, -32.04640900000001], [152.54789, -32.073587], [152.512818, -32.116957000000006], [152.50565, -32.14505999999999], [152.508886, -32.17239500000001], [152.536228, -32.18279799999999], [152.543249, -32.201587000000025], [152.570872, -32.21563299999998], [152.566357, -32.22951399999999], [152.536688, -32.25927600000002], [152.523695, -32.29441], [152.523441, -32.311726000000014], [152.53638, -32.328984000000005], [152.55169, -32.33460999999998], [152.534505, -32.35564999999999], [152.533712, -32.37976999999999], [152.522735, -32.388081], [152.516316, -32.408504999999984], [152.519552, -32.428291], [152.537527, -32.433604], [152.539907, -32.443464000000006], [152.418854, -32.482549000000006], [152.33563, -32.52707899999997], [152.302933, -32.559295000000006], [152.285026, -32.594775], [152.231255, -32.61584500000001], [152.195678, -32.64792199999998], [152.186671, -32.68539300000001], [152.191883, -32.69434700000002], [152.208707, -32.69558300000002], [152.205043, -32.70121999999999], [152.191753, -32.70047999999999], [152.173103, -32.67833999999999], [152.145532, -32.67742999999998], [152.12949, -32.685677000000005], [152.127617, -32.676114], [152.137652, -32.670980000000014], [152.12189800000002, -32.65775099999999], [152.114385, -32.68110499999999], [152.068787, -32.68956399999998], [152.050357, -32.67650400000001], [152.061384, -32.669615], [152.061467, -32.64999999999999], [152.04379, -32.660358000000016], [152.04261200000002, -32.679645999999984], [152.029803, -32.66402099999999], [151.994013, -32.66887599999999], [151.99168, -32.659582999999984], [151.984275, -32.66488300000001], [151.968364, -32.65437899999998], [151.963409, -32.67140799999999], [151.957776, -32.66683199999999], [151.956364, -32.67497300000001], [151.94460600000002, -32.67677200000001], [151.954872, -32.677334], [151.960137, -32.69744699999998], [151.977628, -32.68768399999999], [151.978206, -32.705855], [151.969262, -32.71480699999998], [151.944489, -32.71705000000001], [151.94642800000003, -32.733945000000006], [151.936455, -32.736885000000015], [151.987309, -32.72575499999999], [151.988084, -32.719213], [151.997967, -32.72745699999999], [152.021508, -32.72038], [152.048507, -32.728703], [152.058568, -32.716154], [152.059998, -32.735878999999954], [152.069545, -32.73597599999999], [152.071941, -32.726715], [152.059497, -32.710302999999975], [152.063803, -32.698469], [152.091073, -32.728176], [152.102071, -32.726871], [152.103643, -32.71622700000002], [152.145766, -32.719509], [152.161846, -32.709603999999985], [152.17616, -32.719839], [152.187501, -32.71155300000003], [152.18685, -32.74113199999999], [152.170981, -32.74443699999999], [152.172615, -32.76165600000001], [152.121561, -32.76924300000001], [152.116236, -32.77791100000001], [152.123304, -32.784799], [152.111698, -32.78797400000001], [152.115602, -32.792876], [152.053106, -32.78531], [151.885443, -32.83821300000001], [151.801417, -32.88492], [151.786574, -32.91993500000001], [151.777611, -32.911426], [151.793943, -32.882875999999996], [151.783797, -32.88486899999999], [151.774851, -32.902307], [151.774609, -32.889578], [151.733832, -32.87763900000001], [151.768029, -32.89487800000001], [151.776972, -32.92355999999999], [151.770255, -32.916329000000005], [151.764245, -32.92206500000002], [151.761465, -32.907659999999986], [151.763509, -32.92445799999999], [151.78551400000003, -32.925525], [151.803968, -32.91574100000001], [151.737709, -32.96335300000001], [151.726931, -32.978167], [151.728705, -33.01075000000002], [151.668856, -33.05194500000002], [151.658193, -33.07069299999999], [151.66112, -33.08382999999999], [151.640292, -33.08499100000001], [151.641187, -33.064539], [151.649545, -33.06284300000001], [151.638894, -33.05512799999999], [151.651868, -33.053377000000005], [151.657496, -33.03609500000002], [151.633459, -33.028544], [151.628274, -33.01549700000002], [151.640583, -33.00398700000001], [151.629554, -32.993874000000005], [151.64325, -32.984245999999985], [151.643898, -32.974847], [151.616572, -32.962553], [151.60807, -32.966099], [151.62106, -32.97626100000001], [151.616745, -33.005668000000014], [151.589056, -32.98925499999999], [151.584081, -32.996124000000016], [151.59257, -32.99822899999999], [151.589852, -33.004480999999984], [151.597706, -32.997245000000014], [151.595758, -33.01055199999999], [151.619654, -33.04795400000002], [151.613787, -33.05051400000001], [151.593563, -33.02673699999998], [151.577324, -33.032883000000005], [151.600043, -33.04114], [151.594665, -33.043292], [151.600064, -33.059344], [151.585937, -33.04720900000001], [151.581997, -33.05664199999998], [151.58852, -33.059987000000014], [151.580757, -33.06846199999998], [151.611159, -33.072147999999984], [151.613787, -33.08213300000001], [151.607169, -33.085180999999984], [151.59410800000003, -33.07174199999999], [151.571749, -33.07513200000001], [151.549206, -33.06251699999999], [151.550349, -33.073672], [151.541549, -33.07295899999998], [151.525678, -33.090967000000006], [151.512457, -33.090022000000005], [151.509516, -33.10251899999999], [151.53784100000001, -33.10458299999999], [151.548437, -33.08856099999999], [151.565141, -33.100586], [151.568733, -33.114279000000025], [151.550304, -33.114624000000006], [151.552476, -33.12085799999999], [151.538059, -33.114729000000004], [151.541834, -33.12606100000001], [151.525946, -33.130738999999984], [151.522107, -33.124081], [151.509848, -33.137719], [151.527274, -33.139058999999996], [151.522881, -33.14710400000002], [151.530182, -33.160823], [151.54118, -33.14379800000001], [151.544865, -33.157420000000016], [151.56787, -33.175274999999985], [151.57193600000002, -33.15480400000002], [151.552814, -33.14574200000001], [151.557224, -33.13161200000002], [151.566724, -33.13629000000001], [151.583901, -33.12291099999999], [151.58141, -33.102652], [151.590516, -33.12014000000003], [151.584364, -33.12646200000001], [151.59125400000002, -33.13184200000001], [151.58792100000002, -33.14990999999999], [151.597195, -33.161559000000004], [151.603313, -33.13187200000001], [151.614959, -33.124545000000005], [151.617358, -33.100809], [151.627493, -33.09365600000001], [151.636071, -33.06933399999997], [151.640623, -33.09589400000001], [151.654694, -33.09389900000001], [151.64299, -33.09527499999999], [151.642009, -33.08724], [151.657848, -33.09220599999997], [151.665749, -33.08691499999999], [151.64704, -33.11162599999998], [151.65351, -33.12066399999998], [151.647489, -33.12113799999999], [151.643037, -33.140524000000006], [151.630001, -33.15423199999999], [151.638668, -33.17583500000001], [151.622819, -33.18801100000001], [151.625142, -33.19803], [151.599754, -33.21069899999999], [151.566629, -33.244307000000006], [151.563591, -33.27172699999999], [151.579025, -33.282227000000006], [151.525332, -33.31495400000001], [151.503129, -33.343895], [151.502808, -33.32690799999999], [151.545637, -33.27774599999999], [151.537339, -33.26696200000001], [151.520419, -33.262676], [151.539206, -33.26153699999999], [151.553239, -33.244192], [151.557901, -33.252009], [151.562175, -33.23734600000002], [151.547632, -33.23306099999999], [151.534677, -33.239427], [151.527336, -33.220286000000016], [151.508584, -33.222658999999986], [151.519037, -33.261667], [151.494578, -33.263796], [151.488073, -33.280616], [151.475091, -33.282436000000004], [151.465006, -33.301935999999976], [151.45251, -33.298624000000004], [151.441615, -33.30705999999999], [151.449002, -33.31988399999999], [151.468581, -33.328497000000006], [151.441795, -33.32991800000001], [151.439052, -33.34165999999997], [151.448791, -33.354628000000005], [151.474091, -33.365857], [151.494014, -33.33650799999999], [151.504234, -33.345265], [151.504443, -33.362511000000005], [151.487366, -33.37454300000001], [151.485003, -33.39862899999999], [151.444997, -33.435402999999994], [151.452589, -33.45114699999999], [151.435481, -33.468021], [151.446881, -33.48647200000001], [151.427905, -33.49464100000001], [151.417169, -33.523284], [151.364297, -33.530711000000004], [151.345402, -33.547163999999995], [151.335924, -33.52234200000001], [151.346747, -33.52725400000001], [151.3634, -33.52086299999999], [151.347599, -33.506378], [151.350263, -33.515864], [151.336359, -33.51518899999999], [151.312461, -33.53008599999999], [151.30974, -33.554622999999985], [151.273893, -33.55094700000001], [151.258662, -33.57063600000001], [151.245917, -33.55558500000002], [151.255013, -33.535301000000004], [151.236771, -33.528081000000014], [151.237267, -33.510916999999985], [151.247042, -33.508309], [151.245737, -33.499693], [151.25908700000002, -33.499089], [151.265719, -33.48494699999997], [151.231401, -33.50739500000002], [151.227008, -33.530454000000006], [151.226676, -33.521859], [151.210233, -33.52115400000002], [151.197561, -33.49517399999999], [151.206701, -33.48124], [151.212717, -33.486222999999995], [151.214263, -33.47638400000001], [151.237683, -33.47558999999999], [151.237478, -33.453752], [151.229342, -33.456264000000004], [151.232011, -33.473147999999995], [151.21471500000004, -33.470455000000015], [151.191913, -33.48879300000003], [151.193563, -33.51202799999999], [151.204685, -33.520701], [151.199445, -33.53613100000002], [151.181942, -33.50082999999999], [151.170437, -33.50205500000002], [151.16438100000002, -33.515279000000014], [151.159804, -33.511002000000005], [151.162607, -33.493346], [151.153503, -33.486740999999995], [151.162184, -33.47060099999998], [151.172142, -33.469454], [151.153539, -33.455007], [151.172882, -33.43806000000001], [151.166434, -33.426707], [151.145703, -33.44787399999998], [151.148157, -33.46116799999999], [151.138847, -33.469669], [151.114844, -33.463840999999995], [151.09705, -33.48033699999999], [151.079385, -33.44538800000001], [151.07276, -33.44915399999999], [151.074647, -33.45980300000002], [151.069064, -33.456876], [151.076489, -33.461394], [151.079761, -33.44884499999999], [151.08561100000003, -33.475512], [151.102507, -33.484221000000005], [151.122384, -33.466638], [151.138404, -33.475393999999994], [151.15553, -33.46709700000001], [151.143281, -33.490999000000016], [151.131294, -33.49126399999998], [151.155275, -33.498950000000015], [151.153931, -33.523913], [151.140763, -33.52437799999999], [151.133765, -33.513375000000025], [151.125504, -33.517763], [151.121259, -33.510594], [151.130175, -33.50509], [151.111449, -33.507042], [151.121711, -33.52152800000001], [151.131303, -33.51928299999999], [151.12637, -33.531096000000005], [151.13578900000002, -33.522251999999995], [151.14335, -33.529813000000004], [151.137583, -33.541965], [151.12708800000001, -33.537627], [151.116951, -33.54620700000001], [151.128267, -33.541630999999995], [151.138763, -33.550484999999995], [151.144903, -33.54207300000001], [151.15146, -33.56194999999999], [151.130975, -33.567866], [151.131477, -33.578359], [151.120054, -33.586003000000005], [151.102778, -33.58777799999999], [151.116067, -33.58746500000001], [151.120785, -33.59954799999999], [151.125734, -33.600316], [151.118642, -33.590379], [151.12343, -33.585845000000006], [151.144343, -33.58708500000001], [151.133713, -33.57096], [151.15015, -33.568554000000006], [151.162249, -33.575775000000014], [151.151753, -33.551424999999995], [151.16958100000002, -33.55851], [151.14886300000003, -33.53680399999999], [151.170059, -33.538633000000026], [151.164184, -33.52913099999999], [151.175085, -33.51424599999999], [151.186148, -33.536773], [151.19994, -33.541837], [151.19853, -33.549974000000006], [151.225898, -33.54703000000002], [151.228985, -33.541528999999954], [151.202188, -33.544055000000014], [151.231422, -33.538989], [151.221956, -33.569448999999985], [151.211241, -33.567209], [151.212894, -33.572681], [151.224131, -33.57498600000001], [151.231023, -33.561429000000004], [151.24708, -33.579071], [151.232759, -33.594043], [151.186312, -33.59211600000001], [151.209258, -33.594065000000015], [151.213153, -33.60775599999999], [151.163926, -33.62586499999998], [151.170368, -33.62907799999997], [151.158467, -33.64112600000001], [151.162978, -33.646504], [151.149449, -33.65546300000001], [151.158845, -33.652387999999995], [151.15969, -33.660496999999985], [151.173247, -33.62636100000001], [151.218503, -33.609098999999986], [151.228875, -33.618176000000005], [151.219376, -33.59965799999998], [151.236764, -33.602641], [151.24354, -33.594445000000015], [151.256728, -33.605445], [151.251948, -33.598074000000004], [151.262623, -33.597717999999986], [151.250085, -33.588021999999995], [151.273011, -33.588958999999996], [151.283609, -33.57297899999998], [151.292976, -33.57187499999997], [151.310837, -33.57956899999997], [151.292518, -33.605329000000005], [151.304428, -33.60319100000001], [151.302857, -33.620541], [151.28291, -33.62185], [151.290538, -33.62841300000001], [151.270419, -33.63153599999997], [151.282663, -33.63665499999999], [151.269812, -33.656249], [151.284916, -33.644350999999986], [151.304603, -33.66053099999999], [151.301046, -33.66728300000001], [151.312041, -33.666731000000006], [151.301965, -33.651961000000014], [151.309411, -33.639235], [151.30467, -33.635343000000006], [151.314897, -33.63108199999999], [151.316085, -33.614178999999986], [151.332148, -33.62336400000001], [151.315979, -33.601569], [151.322838, -33.57944100000001], [151.335315, -33.582332], [151.325275, -33.59702500000001], [151.343021, -33.624508000000034], [151.309786, -33.68635], [151.315268, -33.696384], [151.31008400000002, -33.703966], [151.30777, -33.703902], [151.300198, -33.727047999999996], [151.317714, -33.74197999999999], [151.291375, -33.746666000000005], [151.303191, -33.74682100000001], [151.297447, -33.753568], [151.302525, -33.768176999999994], [151.293171, -33.773222000000004], [151.29595400000002, -33.78177199999995], [151.287866, -33.79194299999998], [151.307405, -33.80708299999999], [151.301448, -33.823390999999994], [151.285578, -33.818899999999985], [151.291085, -33.808049999999994], [151.282571, -33.809236], [151.281754, -33.79873899999999], [151.265818, -33.798401000000005], [151.27512, -33.810006000000016], [151.261106, -33.817937], [151.250481, -33.800292], [151.235145, -33.803407], [151.230781, -33.77272], [151.224654, -33.78375400000001], [151.204366, -33.772481], [151.213378, -33.78427700000001], [151.232505, -33.787491], [151.214736, -33.789889], [151.222836, -33.79425999999998], [151.217667, -33.797279], [151.230871, -33.795676], [151.230544, -33.80237500000002], [151.217526, -33.80538500000001], [151.230558, -33.805496999999995], [151.23213, -33.813652000000005], [151.219385, -33.81878900000001], [151.238973, -33.81696100000002], [151.235118, -33.81157300000002], [151.245898, -33.803343], [151.252506, -33.827195000000025], [151.268876, -33.82705600000003], [151.254319, -33.844042999999985], [151.246155, -33.842673000000005], [151.246701, -33.853447999999986], [151.232521, -33.83631199999999], [151.232899, -33.848748999999984], [151.224781, -33.839354], [151.224854, -33.846639999999994], [151.215204, -33.84108799999999], [151.218865, -33.85280300000001], [151.207956, -33.844141], [151.203597, -33.85052799999998], [151.199094, -33.841171999999986], [151.192949, -33.847730999999996], [151.189009, -33.833486], [151.187598, -33.843118000000004], [151.181118, -33.84225699999998], [151.181633, -33.82952000000001], [151.17309400000002, -33.82818799999999], [151.16898, -33.83607700000001], [151.152033, -33.821840999999985], [151.145874, -33.82898900000001], [151.14555, -33.824079000000005], [151.143844, -33.829174], [151.169325, -33.83930900000001], [151.180206, -33.83616499999999], [151.174277, -33.84300600000001], [151.143088, -33.83556500000002]], [[149.114443, -35.28049200000001], [149.103116, -35.28513000000002], [149.101406, -35.294277000000015], [149.099252, -35.2856], [149.08803, -35.28515], [149.083012, -35.296961], [149.071123, -35.298567000000006], [149.084355, -35.30389799999998], [149.095399, -35.287390999999985], [149.101389, -35.30147899999999], [149.12611, -35.29424700000001], [149.144619, -35.31015600000002], [149.153176, -35.30497599999999], [149.13651000000002, -35.28925600000001], [149.122879, -35.286559999999994], [149.118459, -35.293608], [149.110274, -35.284577000000006], [149.114443, -35.28049200000001]], [[151.773765, -32.856276], [151.783752, -32.884307], [151.794071, -32.88060100000001], [151.792438, -32.856892], [151.818614, -32.830965], [151.808691, -32.82056399999997], [151.783973, -32.820293000000014], [151.770283, -32.828355], [151.768297, -32.85227799999998], [151.756742, -32.85262799999999], [151.727293, -32.835468999999975], [151.685247, -32.824087000000006], [151.696572, -32.844091], [151.696455, -32.832941999999996], [151.726219, -32.838129], [151.72816, -32.84691000000002], [151.746513, -32.85362900000001], [151.773765, -32.856276]], [[151.732806, -32.879605000000005], [151.700776, -32.851517], [151.711837, -32.871054], [151.732806, -32.879605000000005]], [[151.568557, -33.23294800000001], [151.585876, -33.20780099999999], [151.577003, -33.196557999999996], [151.55707700000002, -33.19731699999997], [151.563648, -33.20749299999999], [151.554302, -33.22780400000001], [151.568557, -33.23294800000001]], [[151.448047, -33.429787999999995], [151.455178, -33.417566000000015], [151.44399, -33.423310999999984], [151.448047, -33.429787999999995]], [[151.422558, -33.460043999999996], [151.429533, -33.46304000000002], [151.425744, -33.47137299999998], [151.435641, -33.45650099999999], [151.422558, -33.460043999999996]], [[151.359859, -33.46949099999999], [151.353753, -33.459685999999984], [151.369466, -33.43874200000001], [151.351264, -33.44521200000002], [151.345341, -33.44061000000001], [151.341916, -33.450655], [151.338695, -33.429917], [151.318424, -33.43143199999997], [151.33211, -33.43634200000001], [151.328932, -33.451560000000015], [151.31861, -33.45154199999999], [151.313467, -33.460629], [151.324561, -33.483225], [151.336551, -33.48443399999999], [151.333613, -33.50202299999999], [151.344635, -33.507517], [151.352265, -33.50162700000001], [151.341328, -33.489082], [151.352491, -33.50143599999999], [151.358572, -33.48978000000001], [151.36991, -33.493748000000004], [151.366009, -33.50247], [151.37734900000004, -33.49962], [151.382048, -33.49006700000001], [151.372977, -33.486402999999974], [151.382814, -33.47189300000001], [151.365287, -33.477195], [151.373431, -33.490621999999995], [151.352561, -33.48887500000001], [151.335922, -33.474252], [151.359859, -33.46949099999999]], [[151.323983, -33.482929], [151.307118, -33.467895999999996], [151.304525, -33.481579], [151.316571, -33.48632099999999], [151.323983, -33.482929]], [[151.274725, -33.723664000000014], [151.282554, -33.713517999999986], [151.293206, -33.72142799999999], [151.299954, -33.704976], [151.306067, -33.703855], [151.297748, -33.703625999999986], [151.293722, -33.71453199999999], [151.28119, -33.708689], [151.269693, -33.71498099999999], [151.274725, -33.723664000000014]], [[151.144157, -33.802992], [151.143724, -33.816767], [151.136883, -33.815139], [151.145228, -33.819212000000014], [151.144157, -33.802992]], [[151.051443, -34.016761999999986], [151.04648800000004, -34.007610000000014], [151.058809, -34.008153], [151.059507, -33.998177000000005], [151.069702, -33.99596799999999], [151.072161, -34.00609], [151.075292, -33.997841], [151.08941, -33.99747200000002], [151.077713, -34.012579999999986], [151.090471, -34.01188699999999], [151.094428, -33.99784900000001], [151.097649, -34.00582099999999], [151.109528, -34.006688999999994], [151.11551, -33.99732700000002], [151.102494, -34.00090599999999], [151.103798, -33.989402999999996], [151.086437, -33.99045300000001], [151.085403, -33.99266200000001], [151.071663, -33.99426199999999], [151.074759, -33.98403600000001], [151.054461, -33.985122999999994], [151.061823, -33.97523800000001], [151.049359, -33.980172], [151.052862, -33.991004000000004], [151.03653000000003, -33.990930999999975], [151.033594, -33.984756000000004], [151.03281, -33.992544999999986], [151.066072, -33.991886999999984], [151.039851, -34.00549499999998], [151.048829, -34.02058], [151.051443, -34.016761999999986]], [[151.022601, -33.96409599999999], [151.015331, -33.98259700000002], [151.034336, -33.977395000000016], [151.033626, -33.984447], [151.046513, -33.970533], [151.044672, -33.947704999999985], [151.04434, -33.97012599999999], [151.024802, -33.97730700000001], [151.022601, -33.96409599999999]]], [[[149.90187600000002, -37.069157999999995], [149.914847, -37.07611899999999], [149.90187600000002, -37.069157999999995], [149.90187600000002, -37.069157999999995]]], [[[149.872514, -37.083207999999985], [149.89112528207013, -37.07430349220394], [149.872514, -37.08320799999999], [149.872514, -37.083207999999985]]], [[[149.968962, -37.12568199999999], [149.96956557133475, -37.12366646865997], [149.96493752376293, -37.11477779717234], [149.95232, -37.108727], [149.971312, -37.117833999999995], [149.968962, -37.12568199999999]]], [[[150.004869, -37.141268999999994], [150.00955, -37.16126800000001], [150.002958, -37.168505], [150.02086, -37.185414], [150.015523, -37.201106000000024], [150.023399, -37.21196599999998], [150.01076600000002, -37.21181299999999], [150.010766, -37.211812999999985], [150.01554666175994, -37.211871018771916], [149.97186830407435, -37.1280883832885], [149.968962, -37.12568199999999], [149.987616, -37.14112399999998], [150.004869, -37.141268999999994]]], [[[150.030825, -37.23785999999999], [150.051842, -37.26225499999997], [150.04085592054935, -37.260338236229984], [150.0178399390792, -37.216265069857506], [150.027744, -37.222497000000004], [150.030825, -37.23785999999999]]], [[[149.97541, -37.445449999999994], [149.956554, -37.423509000000024], [149.95606654450924, -37.419969712653206], [149.956554, -37.423509000000024], [149.97541, -37.445449999999994]]], [[[148.156663, -36.790013], [148.17959500000003, -36.79632599999999], [148.182473, -36.80489500000001], [148.17959500000003, -36.79632599999999], [148.156663, -36.790013]]], [[[148.097983, -36.787160999999976], [148.108888, -36.800865], [148.097983, -36.787160999999976], [148.097983, -36.787160999999976]]], [[[148.12047200000003, -36.75630299999999], [148.126081, -36.75941699999998], [148.12608099999997, -36.75941699999999], [148.120472, -36.75630299999999], [148.12047200000003, -36.75630299999999]]], [[[148.136703, -36.73843599999994], [148.136703, -36.73843599999998], [148.130703, -36.734683], [148.136703, -36.73843599999994]]], [[[148.20512304761957, -36.65972844146049], [148.17024300000003, -36.71279899999998], [148.130703, -36.734683], [148.17024300000003, -36.71279899999998], [148.20512304761957, -36.65972844146049]]], [[[148.20848854013832, -36.611202605301365], [148.214196, -36.61048999999998], [148.219547, -36.61955799999999], [148.214196, -36.61048999999998], [148.20848854013832, -36.611202605301365]]], [[[148.217563, -36.598239], [148.20278100000002, -36.61191500000001], [148.202781, -36.61191500000001], [148.217563, -36.598239]]], [[[148.126424, -36.48527400000002], [148.11763, -36.495476000000004], [148.12642399999996, -36.485274000000004], [148.126424, -36.48527400000002]]], [[[148.087601, -36.45189500000001], [148.12466300000003, -36.464713], [148.119093, -36.48188399999999], [148.12466300000003, -36.464713], [148.087601, -36.45189500000001]]], [[[148.058163, -36.400803999999994], [148.059945, -36.41553799999996], [148.08028, -36.422101], [148.059945, -36.415537999999984], [148.058163, -36.400803999999994]]], [[[148.045966, -36.367037999999965], [148.045966, -36.367037999999994], [148.037836, -36.366246], [148.045966, -36.367037999999965]]], [[[148.051243, -36.324556999999984], [148.051243, -36.324556999999984], [148.05561300000002, -36.334385999999995], [148.048959, -36.355632000000014], [148.05561300000002, -36.334385999999995], [148.051243, -36.324556999999984]]], [[[148.043928, -36.29947900000003], [148.035011, -36.310576999999995], [148.043928, -36.29947900000001], [148.043928, -36.29947900000003]]], [[[148.032828, -36.26586000000002], [148.033753, -36.282229999999956], [148.040119, -36.284157], [148.033753, -36.28222999999997], [148.032828, -36.26586000000002]]], [[[148.0349, -36.23411600000004], [148.02884, -36.247044], [148.0349, -36.23411600000003], [148.0349, -36.23411600000004]]], [[[148.04062, -36.20695100000003], [148.026096, -36.22304200000001], [148.04062, -36.20695100000002], [148.04062, -36.20695100000003]]], [[[148.034795, -36.16298299999998], [148.034795, -36.16298299999998], [148.022899, -36.153456999999996], [148.034795, -36.16298299999998]]], [[[148.037726, -36.14079699999999], [148.037726, -36.14079699999999], [148.002388, -36.140056999999985], [148.037726, -36.14079699999999]]], [[[148.000537, -36.124354999999966], [148.000537, -36.12435499999998], [147.990652, -36.12127199999999], [148.000537, -36.124354999999966]]], [[[147.991074, -36.11125099999998], [147.998229, -36.11591899999999], [147.991074, -36.11125099999998], [147.991074, -36.11125099999998]]], [[[147.999218, -36.09865500000002], [147.99514625147197, -36.1049531137313], [147.999218, -36.09865500000001], [147.999218, -36.09865500000002]]], [[[147.999692, -36.04620400000004], [147.989467, -36.06847799999999], [147.999692, -36.04620400000006], [147.999692, -36.04620400000004]]], [[[147.981774, -36.040254000000004], [147.99126000000004, -36.052559000000024], [147.99126000000004, -36.052559000000024], [147.981774, -36.040254000000004]]], [[[147.973234, -36.04631399999997], [147.981774, -36.040254000000004], [147.973234, -36.046313999999974], [147.973234, -36.04631399999997]]], [[[147.908543, -36.00147299999998], [147.917083, -36.011204], [147.908543, -36.00147299999998], [147.908543, -36.00147299999998]]], [[[147.895698, -35.99301799999998], [147.912342, -35.99519800000001], [147.895698, -35.99301799999998], [147.895698, -35.99301799999998]]], [[[147.873121, -35.991006000000006], [147.88288, -36.00179799999999], [147.897506, -35.999861], [147.88288, -36.00179799999999], [147.873121, -35.991006000000006]]], [[[147.773261, -35.95886300000001], [147.766797, -35.96415800000001], [147.766797, -35.96415800000001], [147.773261, -35.95886300000001]]], [[[147.708415, -35.928545], [147.71867200000003, -35.94551299999998], [147.741292, -35.95649000000001], [147.71867200000003, -35.945513], [147.708415, -35.928545]]], [[[147.591893, -35.96985899999999], [147.60143800000003, -35.979118], [147.60143800000003, -35.979118], [147.591893, -35.96985899999999]]], [[[147.521359, -35.98693600000001], [147.551873, -36.004094999999985], [147.584027, -35.984648], [147.551873, -36.004094999999985], [147.521359, -35.98693600000001]]], [[[147.494112, -35.94354899999998], [147.511421, -35.96241199999996], [147.525267, -35.96333800000001], [147.511421, -35.96241199999999], [147.494112, -35.94354899999998]]], [[[147.39976821838613, -35.945459198785436], [147.404631, -35.943494999999956], [147.450685, -35.960803999999996], [147.404631, -35.943494999999984], [147.39976821838613, -35.945459198785436]]], [[[147.392344, -35.97353300000002], [147.390342, -35.94926600000004], [147.390342, -35.94926600000004], [147.392344, -35.97353300000002], [147.392344, -35.97353300000002]]], [[[147.345681, -36.01877199999999], [147.355287, -36.00983200000001], [147.345681, -36.01877199999999], [147.345681, -36.01877199999999]]], [[[147.242378, -36.038482], [147.285177, -36.03943899999997], [147.30256116451517, -36.05021415169448], [147.285177, -36.039438999999994], [147.242378, -36.038482]]], [[[147.164456, -36.030798], [147.206299, -36.05013599999997], [147.242378, -36.038482], [147.206299, -36.05013599999999], [147.164456, -36.030798]]], [[[147.13639618425321, -36.028511745230944], [147.144361, -36.03776499999997], [147.164456, -36.030798], [147.144361, -36.037764999999986], [147.13639618425321, -36.028511745230944]]], [[[147.10682, -36.00482500000002], [147.10682, -36.00482500000002], [147.109228, -36.012549], [147.10682, -36.00482500000002]]], [[[147.097671, -36.015823000000005], [147.10636399999999, -36.016454999999986], [147.106364, -36.016454999999986], [147.097671, -36.015823000000005]]], [[[147.061812, -36.066154999999966], [147.05661958980747, -36.09064379300184], [147.061812, -36.066154999999945], [147.0904, -36.049225999999976], [147.095444, -36.05270999999999], [147.0904, -36.049225999999976], [147.061812, -36.066154999999966]]], [[[147.013473, -36.10472099999998], [147.013473, -36.10472099999995], [147.022777, -36.09989499999998], [147.034141, -36.11523899999999], [147.022777, -36.09989499999998], [147.013473, -36.10472099999998]]], [[[147.016319, -36.08979799999999], [147.016319, -36.08979800000001], [147.006396, -36.08911499999999], [147.016319, -36.08979799999999]]], [[[146.825026, -36.088724000000006], [146.8367, -36.08207299999998], [146.857158, -36.084918000000016], [146.8367, -36.08207299999998], [146.825026, -36.088724000000006]]], [[[146.79457000000002, -36.05854499999998], [146.803936, -36.05519399999999], [146.79457000000002, -36.05854499999998], [146.79457000000002, -36.05854499999998]]], [[[146.731645, -36.023725], [146.730065, -36.044723999999995], [146.752929, -36.042112999999986], [146.730065, -36.044723999999995], [146.731645, -36.023725]]], [[[146.552029, -35.979591999999975], [146.552029, -35.97959199999996], [146.560301, -35.97639099999998], [146.583967, -35.983864000000004], [146.560301, -35.97639099999998], [146.552029, -35.979591999999975]]], [[[146.502585, -35.95823500000001], [146.51968100000002, -35.960604000000004], [146.532293, -35.98429899999999], [146.51968100000002, -35.960604000000004], [146.502585, -35.95823500000001]]], [[[146.49248, -35.98501200000005], [146.49248000000006, -35.985012], [146.49831024571125, -35.983910530608185], [146.49248, -35.98501200000005]]], [[[146.499726, -35.99087], [146.502134, -35.983187999999984], [146.502134, -35.983187999999984], [146.499726, -35.99087]]], [[[146.46868655034976, -35.980220529469364], [146.467407, -35.984240000000014], [146.467407, -35.984240000000014], [146.46868655034976, -35.980220529469364]]], [[[146.45459500000004, -35.96224699999999], [146.469966, -35.97620099999999], [146.469966, -35.97620099999999], [146.45459500000004, -35.96224700000002], [146.45459500000004, -35.96224699999999]]], [[[146.325022, -36.033542999999995], [146.33889, -36.02639499999999], [146.368684, -36.050862], [146.33889, -36.02639499999999], [146.325022, -36.033542999999995]]], [[[146.315875, -36.038453], [146.329072, -36.04314399999998], [146.329072, -36.04314399999998], [146.315875, -36.038453]]], [[[146.283023, -36.041487999999994], [146.291396, -36.03895200000001], [146.283023, -36.041487999999994], [146.283023, -36.041487999999994]]], [[[146.291125, -36.020163000000004], [146.282181, -36.026188], [146.29112499999997, -36.020163000000004], [146.291125, -36.020163000000004]]], [[[146.282895, -36.01104799999999], [146.28289499999997, -36.01104799999999], [146.2763177074285, -36.012212959629025], [146.282895, -36.01104799999999]]], [[[146.244593, -36.01834000000002], [146.24459300000004, -36.01834000000001], [146.24720549647944, -36.02032768268535], [146.244593, -36.01834000000002]]], [[[146.241433, -36.023523999999995], [146.241433, -36.023523999999966], [146.250889, -36.02312999999998], [146.25088900000003, -36.02312999999998], [146.241433, -36.023523999999995]]], [[[146.211581, -36.02855900000002], [146.211155, -36.03886000000001], [146.211581, -36.02855900000002], [146.211581, -36.02855900000002]]], [[[146.185976, -36.042071], [146.199244, -36.027452999999994], [146.204747, -36.03915800000001], [146.199244, -36.027452999999994], [146.185976, -36.042071]]], [[[146.132045, -36.010095], [146.131357, -36.01941300000001], [146.131357, -36.01941300000001], [146.132045, -36.010095]]], [[[146.048421, -36.003158], [146.052346, -35.99546499999998], [146.059295, -36.01454800000001], [146.052346, -35.99546499999998], [146.048421, -36.003158]]], [[[145.971314, -36.005651], [145.97207, -36.015746999999955], [146.005866, -36.003569], [145.97207, -36.015746999999976], [145.971314, -36.005651]]], [[[145.96481800000004, -35.99676999999998], [145.945744, -35.983808999999994], [145.96481800000004, -35.996769999999955], [145.958336, -36.00697300000001], [145.958336, -36.00697300000001], [145.96481800000004, -35.99676999999998]]], [[[145.951071, -35.97662600000003], [145.945744, -35.983808999999994], [145.951071, -35.97662600000002], [145.951071, -35.97662600000003]]], [[[145.953701, -35.96150000000001], [145.944304, -35.966495000000016], [145.944304, -35.966495000000016], [145.953701, -35.96150000000001]]], [[[145.925821, -35.964562999999984], [145.9143777404362, -35.966709930434725], [145.925821, -35.96456299999996], [145.92800000000003, -35.97394699999999], [145.953701, -35.96150000000001], [145.92800000000003, -35.973946999999995], [145.925821, -35.964562999999984]]], [[[145.910314, -35.955962], [145.900756, -35.96152900000003], [145.900756, -35.96152900000001], [145.910314, -35.955962]]], [[[145.847975, -35.968688999999976], [145.847975, -35.968688999999976], [145.854042, -35.95992699999998], [145.902693, -35.952496000000004], [145.854042, -35.95992699999999], [145.847975, -35.968688999999976]]], [[[145.845548, -35.97346000000003], [145.845548, -35.97346000000003], [145.848589, -35.98089900000001], [145.845548, -35.97346000000003]]], [[[145.78490555523763, -35.972680762646796], [145.792732, -35.97280099999995], [145.793445, -35.982817], [145.792732, -35.972800999999976], [145.78490555523763, -35.972680762646796]]], [[[145.778211, -35.960242999999956], [145.778211, -35.96024299999998], [145.746109, -35.964239], [145.778211, -35.960242999999956]]], [[[145.7263, -35.942312], [145.71676600000004, -35.95059400000003], [145.716766, -35.95059400000003], [145.7263, -35.942312]]], [[[145.695763, -35.925792], [145.697327, -35.93650099999998], [145.720274, -35.934449], [145.697327, -35.93650099999998], [145.695763, -35.925792]]], [[[145.698181, -35.920977], [145.70326900000003, -35.92570200000002], [145.695763, -35.925792], [145.70326900000003, -35.92570200000002], [145.698181, -35.920977]]], [[[145.679053, -35.916828999999986], [145.67399200000003, -35.92592400000002], [145.673992, -35.92592400000002], [145.679053, -35.916828999999986]]], [[[145.62957, -35.880104999999986], [145.620321, -35.883883999999995], [145.62957, -35.880104999999986], [145.63973000000001, -35.894239000000006], [145.63973000000001, -35.894239000000006], [145.62957, -35.880104999999986]]], [[[145.62832, -35.86777499999997], [145.62832, -35.86777499999997], [145.626347, -35.862758], [145.62832, -35.86777499999997]]], [[[145.606474, -35.87499800000001], [145.601748, -35.867857], [145.606474, -35.87499800000001], [145.606474, -35.87499800000001]]], [[[145.59958089714024, -35.868233075616374], [145.601134, -35.87500799999999], [145.6037939943662, -35.87500304182151], [145.601134, -35.87500799999999], [145.59958089714024, -35.868233075616374]]], [[[145.586792, -35.861244999999954], [145.5924638019096, -35.86135262225672], [145.586792, -35.86124499999998], [145.586792, -35.861244999999954]]], [[[145.59323, -35.849077000000015], [145.58943004204008, -35.85625946208888], [145.59323, -35.849077000000015], [145.59323, -35.849077000000015]]], [[[145.56684, -35.826497], [145.564011, -35.834190000000014], [145.564011, -35.834190000000014], [145.56684, -35.826497]]], [[[145.541889, -35.808905000000024], [145.538763, -35.821813000000006], [145.541889, -35.80890500000001], [145.541889, -35.808905000000024]]], [[[145.410625, -35.848613], [145.412575, -35.830600999999966], [145.4276156978929, -35.83315310765807], [145.412575, -35.83060099999997], [145.410625, -35.848613]]], [[[145.324453, -35.850686], [145.3554, -35.86706699999998], [145.38715, -35.850142000000005], [145.3554, -35.86706699999999], [145.324453, -35.850686]]], [[[145.260717, -35.835426000000005], [145.258317, -35.850588000000016], [145.258317, -35.850588000000016], [145.260717, -35.835426000000005]]], [[[145.153456, -35.84304499999999], [145.181014, -35.842025999999976], [145.1854101666602, -35.838146584761866], [145.181014, -35.842025999999976], [145.153456, -35.84304499999999]]], [[[145.139579, -35.82853799999999], [145.136636, -35.83426999999997], [145.127683, -35.82071599999998], [145.126435, -35.829671], [145.127683, -35.82071599999997], [145.136636, -35.834269999999954], [145.139579, -35.82853799999999], [145.15917000000002, -35.83107700000001], [145.153456, -35.84304499999999], [145.15917000000002, -35.83107700000001], [145.139579, -35.82853799999999]]], [[[145.089998, -35.825457], [145.091922, -35.83595699999999], [145.114092, -35.820548], [145.091922, -35.83595699999999], [145.089998, -35.825457]]], [[[144.992263, -35.852337999999996], [145.018998, -35.85664699999999], [145.049713, -35.833670999999995], [145.018998, -35.85664699999999], [144.992263, -35.852337999999996]]], [[[144.945499, -36.01218600000001], [144.945499, -36.01218600000001], [144.9539039353055, -36.015289536177036], [144.945499, -36.01218600000001]]], [[[144.847176, -36.072881], [144.856474, -36.07355299999998], [144.857534, -36.065171], [144.856474, -36.07355299999998], [144.847176, -36.072881]]], [[[144.81663535334346, -36.10614553438913], [144.819903, -36.10794699999997], [144.841922, -36.100576], [144.819903, -36.10794699999999], [144.81663535334346, -36.10614553438913]]], [[[144.809893, -36.10242800000002], [144.80989300000005, -36.10242800000003], [144.81410807472676, -36.1072905128707], [144.809893, -36.10242800000002]]], [[[144.80639800000003, -36.107457], [144.806398, -36.10745699999997], [144.81633999999997, -36.109864999999985], [144.81634, -36.109864999999985], [144.80639800000003, -36.107457]]], [[[144.740569, -36.107576], [144.748239, -36.12174599999999], [144.771896, -36.11613200000001], [144.748239, -36.12174599999999], [144.740569, -36.107576]]], [[[144.689004, -36.06141700000002], [144.683907, -36.095138000000006], [144.689004, -36.06141700000002], [144.689004, -36.06141700000002]]], [[[144.643921, -36.056664], [144.653191, -36.05323999999998], [144.65407840384762, -36.06429468715308], [144.653191, -36.053239999999995], [144.643921, -36.056664]]], [[[144.624999, -36.05208100000004], [144.624999, -36.05208100000004], [144.625461694834, -36.055569944558954], [144.624999, -36.05208100000004]]], [[[144.6183, -36.05970800000001], [144.626288, -36.061799999999984], [144.626288, -36.061799999999984], [144.6183, -36.05970800000001]]], [[[144.582515, -36.03813499999999], [144.590991, -36.043317999999985], [144.598917, -36.037411], [144.590991, -36.043317999999985], [144.582515, -36.03813499999999]]], [[[144.51614000000004, -35.995437999999986], [144.512009, -35.988895], [144.51614000000004, -35.99543799999994], [144.553661, -36.00298399999999], [144.557655, -36.01410700000001], [144.553661, -36.00298399999999], [144.51614000000004, -35.995437999999986]]], [[[144.521099, -35.97026599999999], [144.521099, -35.97026599999999], [144.50995, -35.97394500000002], [144.521099, -35.97026599999999]]], [[[144.424381, -35.90019399999999], [144.41697900000005, -35.91047199999996], [144.41697900000003, -35.910472], [144.424381, -35.90019399999999]]], [[[144.390318, -35.850553000000005], [144.388885, -35.85848], [144.390318, -35.850553000000005], [144.390318, -35.850553000000005]]], [[[144.384118, -35.819565000000004], [144.37218900000002, -35.83195000000001], [144.382044, -35.833175000000004], [144.37218900000002, -35.83195000000001], [144.384118, -35.819565000000004]]], [[[144.377484, -35.81434600000003], [144.364806, -35.820937], [144.37748399999998, -35.814346000000015], [144.377484, -35.81434600000003]]], [[[144.37685, -35.79297899999999], [144.366709, -35.811253000000015], [144.366709, -35.811253000000015], [144.37685, -35.79297899999999]]], [[[144.327832, -35.752645999999956], [144.32783199999997, -35.752645999999984], [144.295276, -35.75437900000001], [144.327832, -35.752645999999956]]], [[[144.162351, -35.67152599999999], [144.186788, -35.67043099999995], [144.195139, -35.68585800000001], [144.186788, -35.67043099999997], [144.162351, -35.67152599999999]]], [[[144.142927, -35.64725299999997], [144.131488, -35.640761], [144.142927, -35.64725299999997], [144.152629, -35.64267799999998], [144.162351, -35.67152599999999], [144.152629, -35.64267799999998], [144.142927, -35.64725299999997]]], [[[143.96758991549325, -35.51156711705188], [143.962441, -35.51398000000004], [143.962441, -35.51398000000002], [143.96758991549325, -35.51156711705188]]], [[[143.972536, -35.509248999999976], [143.972536, -35.509248999999976], [143.970101, -35.500077999999995], [143.972536, -35.509248999999976]]], [[[143.906183, -35.49995799999999], [143.935045, -35.499287999999964], [143.935045, -35.49928799999999], [143.906183, -35.49995799999999], [143.906183, -35.49995799999999]]], [[[143.86508206586254, -35.4789031307158], [143.87138, -35.477827999999974], [143.876584, -35.48616599999998], [143.87138, -35.47782799999998], [143.86508206586254, -35.4789031307158]]], [[[143.813021, -35.44626499999999], [143.855435, -35.461837999999965], [143.8574236201431, -35.4726103377558], [143.855435, -35.46183799999999], [143.813021, -35.44626499999999]]], [[[143.762852, -35.42306599999999], [143.762852, -35.42306599999999], [143.790117, -35.422476999999986], [143.818018, -35.43754499999999], [143.790117, -35.42247699999999], [143.762852, -35.42306599999999]]], [[[143.765962, -35.41585799999998], [143.765962, -35.41585799999998], [143.758802, -35.41542700000001], [143.765962, -35.41585799999998]]], [[[143.711685, -35.38469000000003], [143.709175, -35.392538], [143.711685, -35.38469000000003], [143.711685, -35.38469000000003]]], [[[143.684521, -35.36844600000001], [143.693148, -35.38391699999998], [143.6978506361188, -35.38081073195147], [143.693148, -35.38391699999998], [143.684521, -35.36844600000001]]], [[[143.667922, -35.37155399999998], [143.667922, -35.371553999999946], [143.682627, -35.374090999999964], [143.684521, -35.36844600000001], [143.682627, -35.37409099999998], [143.667922, -35.37155399999998]]], [[[143.629381, -35.39236799999998], [143.642338, -35.401036999999995], [143.629381, -35.39236799999998], [143.629381, -35.39236799999998]]], [[[143.562074, -35.337244], [143.598448, -35.35211099999999], [143.603015, -35.365407000000005], [143.598448, -35.352110999999994], [143.562074, -35.337244]]], [[[143.59086, -35.28165899999999], [143.577937, -35.303197000000026], [143.57436978441876, -35.30289706244144], [143.577937, -35.30319700000001], [143.59086, -35.28165899999999]]], [[[143.580984, -35.22003600000001], [143.563717, -35.243545], [143.580984, -35.22003600000001], [143.580984, -35.22003600000001]]], [[[143.386969, -35.183461999999984], [143.394677, -35.19237699999999], [143.386969, -35.183461999999984], [143.386969, -35.183461999999984]]], [[[143.39182, -35.172566999999965], [143.39182, -35.17256699999998], [143.38523128738817, -35.172935703617746], [143.39182, -35.172566999999965]]], [[[143.390647, -35.14510700000001], [143.381936, -35.17312000000001], [143.381936, -35.17312000000001], [143.390647, -35.14510700000001]]], [[[143.322081, -35.03672699999998], [143.322081, -35.03672699999998], [143.32867900000002, -35.04589999999999], [143.336543, -35.04321900000001], [143.32867900000002, -35.04589999999999], [143.322081, -35.03672699999998]]], [[[143.32409246390702, -34.99429882605185], [143.329708, -34.995743999999995], [143.338117, -35.01089099999999], [143.329708, -34.995743999999995], [143.32409246390702, -34.99429882605185]]], [[[143.323717, -34.97908499999999], [143.318825, -34.99294300000001], [143.318825, -34.99294300000001], [143.323717, -34.97908499999999]]], [[[143.322014, -34.94233899999998], [143.317704, -34.95259800000002], [143.317704, -34.95259800000001], [143.322014, -34.94233899999998]]], [[[143.3407588493891, -34.91567404863398], [143.34278900000004, -34.93253300000001], [143.339492, -34.94363200000001], [143.34278900000004, -34.93253300000001], [143.3407588493891, -34.91567404863398]]], [[[143.338404, -34.870311999999984], [143.341732, -34.88112000000001], [143.338404, -34.870311999999984], [143.338404, -34.870311999999984]]], [[[143.352563, -34.85823499999998], [143.352563, -34.85823500000001], [143.34521, -34.853463000000005], [143.352563, -34.85823499999998]]], [[[143.34119100000004, -34.84630899999994], [143.354957, -34.846039], [143.341191, -34.84630899999998], [143.34119100000004, -34.84630899999994]]], [[[143.284327, -34.78524500000001], [143.284327, -34.78524500000001], [143.286873, -34.794985], [143.284327, -34.78524500000001]]], [[[143.224384, -34.758732999999985], [143.22135794401623, -34.75292225172048], [143.224384, -34.75873299999995], [143.228775, -34.74778899999995], [143.236662642878, -34.746243444058315], [143.228775, -34.747788999999976], [143.224384, -34.758732999999985]]], [[[143.218847, -34.729471000000025], [143.218847, -34.729471000000025], [143.213847, -34.73849600000001], [143.213847, -34.73849600000001], [143.218847, -34.729471000000025]]], [[[143.117841, -34.70307600000002], [143.133463, -34.70057699999996], [143.1474, -34.714757000000006], [143.133463, -34.70057699999997], [143.117841, -34.70307600000002]]], [[[143.127791, -34.69266100000002], [143.117841, -34.70307600000002], [143.12779099999997, -34.69266100000002], [143.127791, -34.69266100000002]]], [[[143.076222, -34.695958], [143.092828, -34.70127299999995], [143.112525, -34.68081900000001], [143.092828, -34.70127299999997], [143.076222, -34.695958]]], [[[143.040422, -34.68588799999997], [143.040422, -34.68588799999997], [143.05482200000003, -34.69885499999997], [143.05482200000003, -34.698854999999995], [143.040422, -34.68588799999997]]], [[[143.03069520173705, -34.68816605470854], [143.029424, -34.691851000000014], [143.029424, -34.691851000000014], [143.03069520173705, -34.68816605470854]]], [[[143.032502, -34.68292799999998], [143.032502, -34.682928], [143.010179, -34.69365800000001], [143.032502, -34.68292799999998]]], [[[143.017281, -34.67366000000002], [143.010179, -34.69365800000001], [143.017281, -34.67366000000002], [143.017281, -34.67366000000002]]], [[[142.982428, -34.68274000000001], [142.97810088807375, -34.67554732596547], [142.982428, -34.68274000000001], [142.982428, -34.68274000000001]]], [[[142.932606, -34.655514999999994], [142.922267, -34.656482], [142.932606, -34.65551499999998], [142.948867, -34.669673999999986], [142.959264, -34.664981999999995], [142.948867, -34.669673999999986], [142.932606, -34.655514999999994]]], [[[142.923844, -34.64785600000002], [142.922267, -34.656482], [142.923844, -34.64785600000002], [142.923844, -34.64785600000002]]], [[[142.893269, -34.66567899999999], [142.901526, -34.654958000000015], [142.893269, -34.66567899999999], [142.893269, -34.66567899999999]]], [[[142.855209, -34.639521999999985], [142.871867, -34.650292], [142.855209, -34.639521999999985], [142.855209, -34.639521999999985]]], [[[142.8076282444191, -34.59874714049383], [142.804997, -34.60840100000001], [142.804997, -34.60840100000001], [142.8076282444191, -34.59874714049383]]], [[[142.787687, -34.590178], [142.797919, -34.59762799999998], [142.810259, -34.58909299999998], [142.810259, -34.589093000000005], [142.797919, -34.59762799999998], [142.787687, -34.590178]]], [[[142.810104, -34.560855000000025], [142.787687, -34.590178], [142.810104, -34.56085500000001], [142.810104, -34.560855000000025]]], [[[142.763405, -34.59043600000002], [142.746897, -34.58777900000001], [142.763405, -34.590436000000004], [142.763405, -34.59043600000002]]], [[[142.69998, -34.599379999999975], [142.69998, -34.59937999999996], [142.714821, -34.60044199999995], [142.72100079904885, -34.594710695592646], [142.714821, -34.60044199999998], [142.69998, -34.599379999999975]]], [[[142.689504, -34.618297999999946], [142.703966, -34.613507], [142.68950400000006, -34.618297999999974], [142.689504, -34.618297999999946]]], [[[142.710754, -34.67576900000001], [142.708607, -34.66216700000002], [142.689206, -34.652547], [142.708607, -34.662167000000004], [142.710754, -34.67576900000001]]], [[[142.684489, -34.71405700000005], [142.684489, -34.714057000000004], [142.699406, -34.724474], [142.684489, -34.71405700000005]]], [[[142.686657, -34.733929], [142.676553, -34.72904600000001], [142.678646, -34.722345000000004], [142.676553, -34.72904600000001], [142.686657, -34.733929]]], [[[142.618316, -34.72875099999999], [142.637334, -34.735043], [142.618316, -34.72875099999999], [142.618316, -34.72875099999999]]], [[[142.499559, -34.739116999999986], [142.511671, -34.740887999999934], [142.511671, -34.740887999999956], [142.499559, -34.73911699999999], [142.499559, -34.739116999999986]]], [[[142.49906000000001, -34.700025999999966], [142.518864, -34.703671000000014], [142.49906, -34.70002599999998], [142.49906000000001, -34.700025999999966]]], [[[142.468257, -34.61293400000002], [142.45916, -34.616289], [142.468257, -34.61293400000002], [142.468257, -34.61293400000002]]], [[[142.461307, -34.60656499999999], [142.46478189349716, -34.60974955255081], [142.461307, -34.60656499999999], [142.461307, -34.60656499999999]]], [[[142.472705, -34.576695], [142.458363, -34.587575000000015], [142.458363, -34.587575000000015], [142.472705, -34.576695]]], [[[142.44884700000003, -34.55948300000001], [142.44884700000003, -34.559482999999986], [142.467968, -34.56429499999995], [142.472705, -34.576695], [142.467968, -34.56429499999996], [142.44884700000003, -34.55948300000001]]], [[[142.458747, -34.58149800000002], [142.45697859432286, -34.57756635101523], [142.458747, -34.58149800000002], [142.458747, -34.58149800000002]]], [[[142.430178, -34.574792999999985], [142.444922, -34.575489999999974], [142.451622, -34.584264999999995], [142.444922, -34.575489999999995], [142.430178, -34.574792999999985]]], [[[142.40769300000002, -34.56797199999998], [142.405558, -34.541508], [142.40769300000002, -34.56797199999998], [142.426062, -34.56234799999999], [142.430178, -34.574792999999985], [142.426062, -34.56234799999999], [142.40769300000002, -34.56797199999998]]], [[[142.376705, -34.54098499999999], [142.390211, -34.549119000000005], [142.376705, -34.54098499999999], [142.376705, -34.54098499999999]]], [[[142.378183, -34.53214500000002], [142.37744403140843, -34.53656502627159], [142.378183, -34.53214500000002], [142.378183, -34.53214500000002]]], [[[142.36769500000005, -34.53044599999998], [142.37367413554824, -34.53141468448851], [142.367695, -34.53044599999998], [142.36769500000005, -34.53044599999998]]], [[[142.374942, -34.51528399999997], [142.400571, -34.522747], [142.374942, -34.51528399999997], [142.374942, -34.51528399999997]]], [[[142.394681, -34.493483999999974], [142.39468099999996, -34.493483999999974], [142.377726, -34.49139699999998], [142.394681, -34.493483999999974]]], [[[142.367936, -34.435415000000035], [142.353334, -34.469581999999996], [142.367936, -34.43541500000001], [142.367936, -34.435415000000035]]], [[[142.364539, -34.422703999999975], [142.36453899999998, -34.42270399999999], [142.351836, -34.422288], [142.364539, -34.422703999999975]]], [[[142.360695, -34.411768000000016], [142.351836, -34.422288], [142.360695, -34.411768000000016], [142.360695, -34.411768000000016]]], [[[142.350969, -34.39662899999998], [142.35727452982445, -34.40644450610391], [142.350969, -34.39662899999998], [142.350969, -34.39662899999998]]], [[[142.378269, -34.36474999999996], [142.37826899999996, -34.364749999999994], [142.36353, -34.362158], [142.378269, -34.36474999999996]]], [[[142.384459, -34.346914999999996], [142.389752, -34.362798999999995], [142.384459, -34.346914999999996], [142.384459, -34.346914999999996]]], [[[142.294386, -34.323449999999994], [142.330924, -34.339377999999996], [142.367747, -34.32690800000001], [142.330924, -34.339377999999996], [142.294386, -34.323449999999994]]], [[[142.298886, -34.305702999999994], [142.298886, -34.305702999999994], [142.286132, -34.296536], [142.298886, -34.305702999999994]]], [[[142.267332, -34.295284], [142.273673, -34.30402099999998], [142.286132, -34.296536], [142.273673, -34.30402099999998], [142.267332, -34.295284]]], [[[142.232465, -34.296749000000005], [142.235894, -34.306972999999985], [142.253057, -34.30613900000001], [142.235894, -34.306972999999985], [142.232465, -34.296749000000005]]], [[[142.24403, -34.23245699999997], [142.24403, -34.23245699999997], [142.235334, -34.22374800000001], [142.24403, -34.23245699999997]]], [[[142.23651800000002, -34.203765], [142.244111, -34.21093], [142.23651800000002, -34.20376500000003], [142.23651800000002, -34.203765]]], [[[142.198195, -34.183432], [142.220713, -34.18204599999998], [142.23313, -34.21440699999999], [142.220713, -34.182045999999985], [142.198195, -34.183432]]], [[[142.14829, -34.148718], [142.16662900000003, -34.153134], [142.159255, -34.171482], [142.16662900000003, -34.153134], [142.14829, -34.148718]]], [[[142.023852, -34.11505399999999], [142.027564, -34.122980999999974], [142.075638, -34.131418000000004], [142.027564, -34.122980999999974], [142.023852, -34.11505399999999]]], [[[142.012927, -34.10524599999996], [142.0252313424926, -34.10233651104383], [142.012927, -34.10524599999999], [142.012927, -34.10524599999996]]], [[[141.969742, -34.119898000000035], [141.969742, -34.119898000000035], [141.970437, -34.136107], [141.969742, -34.119898000000035]]], [[[141.903505, -34.11114999999999], [141.884744, -34.11498400000001], [141.903505, -34.11114999999999], [141.922592, -34.114569999999965], [141.929784, -34.12579000000001], [141.922592, -34.11456999999997], [141.903505, -34.11114999999999]]], [[[141.876627, -34.13741799999998], [141.87219481411591, -34.13303508776241], [141.876627, -34.13741799999998], [141.888789, -34.12441499999999], [141.888789, -34.12441499999999], [141.876627, -34.13741799999998]]], [[[141.752623, -34.106242], [141.756947, -34.112096999999984], [141.777897, -34.10177399999999], [141.756947, -34.112096999999984], [141.752623, -34.106242]]], [[[141.611817, -34.13902300000006], [141.611817, -34.13902300000006], [141.61376950763403, -34.14403903049488], [141.611817, -34.13902300000006]]], [[[141.60458, -34.149115], [141.61853800000003, -34.15628699999998], [141.61853800000003, -34.15628700000001], [141.60458, -34.149115]]], [[[141.583902, -34.15196499999994], [141.60458, -34.149115], [141.58390200000002, -34.15196499999995], [141.583902, -34.15196499999994]]], [[[141.602959, -34.16225400000003], [141.59673402824112, -34.15889361145323], [141.602959, -34.16225400000002], [141.602959, -34.16225400000003]]], [[[141.589383, -34.177352999999975], [141.59581991424116, -34.17019473557971], [141.589383, -34.177352999999975], [141.589383, -34.177352999999975]]], [[[141.547738, -34.20084099999998], [141.533546, -34.19143400000001], [141.547738, -34.20084099999998], [141.560468, -34.19089999999999], [141.57196495012536, -34.19478114404995], [141.560468, -34.19089999999999], [141.547738, -34.20084099999998]]], [[[141.506669, -34.19061899999998], [141.518577, -34.203159], [141.506669, -34.19061899999998], [141.506669, -34.19061899999998]]], [[[141.518744, -34.18090999999995], [141.518744, -34.18090999999996], [141.496794, -34.155522999999995], [141.518744, -34.18090999999995]]], [[[141.444539, -34.168015], [141.450241, -34.16107699999996], [141.465933, -34.16575399999999], [141.450241, -34.161076999999985], [141.444539, -34.168015]]], [[[141.40824800000001, -34.127855999999994], [141.407404, -34.14640000000001], [141.40824800000001, -34.12785600000001], [141.40824800000001, -34.127855999999994]]], [[[141.38485230335223, -34.12843658220929], [141.388118, -34.134729999999976], [141.40078519219364, -34.13040483374551], [141.388118, -34.13472999999998], [141.38485230335223, -34.12843658220929]]], [[[141.324937, -34.13878199999999], [141.346407, -34.12434799999999], [141.324937, -34.13878199999999], [141.324937, -34.13878199999999]]], [[[141.317451, -34.11241300000003], [141.31353, -34.12485999999999], [141.317451, -34.11241300000003], [141.317451, -34.11241300000003]]], [[[141.247217, -34.07320899999999], [141.242543, -34.087341], [141.242543, -34.087341000000016], [141.247217, -34.07320899999999]]], [[[141.187449, -34.079294000000026], [141.187449, -34.079294000000026], [141.193531, -34.08957600000001], [141.187449, -34.079294000000026]]], [[[141.174668, -34.073334], [141.184951, -34.09195099999998], [141.193531, -34.08957600000001], [141.184951, -34.091950999999995], [141.174668, -34.073334]]], [[[141.15102569568649, -34.065098469879196], [141.14384700000002, -34.06779900000001], [141.143847, -34.06779900000001], [141.15102569568649, -34.065098469879196]]], [[[141.15311100000002, -34.05452100000001], [141.15344300000004, -34.064188999999985], [141.15344300000004, -34.06418899999999], [141.15311100000002, -34.054521000000015], [141.15311100000002, -34.05452100000001]]], [[[141.137307, -34.05756099999997], [141.120338, -34.064866000000016], [141.137307, -34.05756099999997], [141.142973, -34.063533999999976], [141.14681399988044, -34.060119515911296], [141.142973, -34.063533999999976], [141.137307, -34.05756099999997]]], [[[141.087257, -34.05717299999999], [141.094238, -34.050655999999954], [141.120338, -34.064866000000016], [141.094238, -34.05065599999997], [141.087257, -34.05717299999999]]], [[[141.065601, -34.05006199999998], [141.042463, -34.061100999999994], [141.065601, -34.050061999999976], [141.071951, -34.06290999999996], [141.08059035046102, -34.06249545700684], [141.071951, -34.06290999999998], [141.065601, -34.05006199999998]]], [[[141.04358, -34.04320000000004], [141.042463, -34.061100999999994], [141.04358, -34.04320000000004], [141.04358, -34.04320000000004]]], [[[141.024324, -34.059905999999984], [141.001935, -34.039284], [141.024324, -34.05990599999996], [141.036145, -34.03604999999994], [141.03995516833538, -34.039714298929766], [141.036145, -34.036049999999975], [141.024324, -34.059905999999984]]], [[[141.00377600000002, -34.02760399999996], [141.001935, -34.039284], [141.00377600000002, -34.02760399999996], [141.00377600000002, -34.02760399999996]]], [[[141.012366, -34.02473600000003], [141.00881796327423, -34.02592068708921], [141.012366, -34.02473600000001], [141.012366, -34.02473600000003]]], [[[151.96951700000002, -32.667628], [151.975014, -32.679871000000006], [151.965513, -32.67417700000001], [151.96951700000002, -32.667628]]], [[[151.973989, -32.665379], [151.982089, -32.67074600000002], [151.979795, -32.677524000000005], [151.973989, -32.665379]]], [[[152.315824, -32.61757599999999], [152.319219, -32.627907], [152.312026, -32.62678199999998], [152.305258, -32.607246999999994], [152.328627, -32.617405999999995], [152.315824, -32.61757599999999]]], [[[159.077238, -31.54353300000001], [159.056995, -31.519771999999993], [159.038463, -31.522425000000002], [159.03796, -31.512156000000008], [159.064657, -31.50966599999998], [159.06379, -31.517379], [159.081178, -31.526606999999974], [159.081913, -31.53976699999998], [159.094678, -31.545036000000014], [159.10542, -31.563994000000008], [159.09775, -31.564275000000006], [159.099634, -31.57337199999999], [159.094217, -31.57097000000002], [159.07459900000003, -31.597284999999996], [159.06874, -31.595696999999994], [159.077238, -31.54353300000001]]]]}}, {"type": "Feature", "properties": {"id": "open2_exact", "area_km2": 6069}, "geometry": {"type": "Polygon", "coordinates": [[[153.245848, -28.245832000000014], [153.262409, -28.246788000000006], [153.27891200000002, -28.233636000000008], [153.330213, -28.237064000000004], [153.33958, -28.250310999999968], [153.361237, -28.24834999999999], [153.389527, -28.23493499999998], [153.40661, -28.210415000000005], [153.4356, -28.187206999999976], [153.457134, -28.180539999999986], [153.47693100000004, -28.157019999999996], [153.534643, -28.17763000000001], [153.542419, -28.168567000000007], [153.556101, -28.168449000000003], [153.54439, -28.169618], [153.546326, -28.18462200000003], [153.538953, -28.183099999999982], [153.545506, -28.18339300000001], [153.542434, -28.17803800000001], [153.528129, -28.190799999999996], [153.508776, -28.190014000000023], [153.511639, -28.20125600000001], [153.507945, -28.19417200000001], [153.493754, -28.207081999999982], [153.500088, -28.205997000000018], [153.500738, -28.213867000000008], [153.494688, -28.22022700000001], [153.518655, -28.221668999999995], [153.509758, -28.217616000000003], [153.517015, -28.19359100000001], [153.535176, -28.191657000000014], [153.537846, -28.18381499999998], [153.54287700000003, -28.194353000000007], [153.55437, -28.192899000000004], [153.561819, -28.20846200000002], [153.554756, -28.209335999999993], [153.55942700000003, -28.21690000000001], [153.541705, -28.234473000000005], [153.552827, -28.234552999999984], [153.53941, -28.236276999999998], [153.541272, -28.243385000000014], [153.554731, -28.23600600000003], [153.5652, -28.204997000000006], [153.549948, -28.17138], [153.556465, -28.170067], [153.571431, -28.199438000000004], [153.568614, -28.23846599999999], [153.586296, -28.258206000000005], [153.571396, -28.327130000000015], [153.580705, -28.36297100000001], [153.555192, -28.452870999999973], [153.55335, -28.531178999999995], [153.568497, -28.589701000000012], [153.59066800000002, -28.624827000000007], [153.618008, -28.642001000000008], [153.638727, -28.636101999999998], [153.617653, -28.678142000000005], [153.618866, -28.722255000000004], [153.595813, -28.775188999999987], [153.608834, -28.843251000000013], [153.592039, -28.87559200000001], [153.577043, -28.868449000000005], [153.574869, -28.840165000000002], [153.563443, -28.847083000000016], [153.571057, -28.849290999999983], [153.576789, -28.869837999999994], [153.526945, -28.872891000000006], [153.570746, -28.885070000000013], [153.572912, -28.876931000000013], [153.590086, -28.87761200000002], [153.539511, -28.923111999999985], [153.463999, -29.018714000000006], [153.43280000000001, -29.100829999999984], [153.435275, -29.113103000000002], [153.451395, -29.118875], [153.44856800000002, -29.133388999999998], [153.45665900000003, -29.140191000000023], [153.400519, -29.201377999999988], [153.34432200000003, -29.296578999999987], [153.344441, -29.344446000000016], [153.353928, -29.357709], [153.362896, -29.355398], [153.376682, -29.36559599999999], [153.363282, -29.42157200000001], [153.372817, -29.425122000000005], [153.363994, -29.430210999999996], [153.372774, -29.44034199999999], [153.35837, -29.466502999999996], [153.368842, -29.484051999999995], [153.358735, -29.496081000000004], [153.362578, -29.525399999999987], [153.349468, -29.539914999999983], [153.332441, -29.586645000000015], [153.334558, -29.604816000000014], [153.342784, -29.608280999999995], [153.326894, -29.632866], [153.32059, -29.661397000000015], [153.333974, -29.674551000000005], [153.31920192520883, -29.695502091763764], [152.93157523150373, -29.696782310435903], [152.93265526962173, -29.691606980670482], [152.93519525007517, -29.68135389937088], [152.9381185497797, -29.67117894016488], [152.9414219224469, -29.661093035538546], [152.95470179523193, -29.622907927180826], [152.95834134661848, -29.613018325149394], [152.95916562703408, -29.611005173119196], [152.95922392896296, -29.610654891525225], [152.96133615424912, -29.600346080175548], [152.96687050171283, -29.57566339107842], [152.96723972469178, -29.568220672471924], [152.96810233089894, -29.55816646942012], [152.96932687226084, -29.548140940386258], [152.97091203362612, -29.538154044595096], [152.9728561428801, -29.528215700445923], [152.975157172988, -29.51833577569302], [152.97781274438302, -29.508524077685696], [152.98082012769518, -29.498790343677772], [152.98417624681724, -29.489144231215775], [152.99298493238066, -29.465180854396984], [152.993003430139, -29.460540285915545], [152.99344897751146, -29.449923041672037], [152.99429711234632, -29.439324508745216], [152.99465749273926, -29.436277087463925], [152.99184079491963, -29.42764303230445], [152.98893068159774, -29.417468347625913], [152.98640373960828, -29.40721545023948], [152.98426258467907, -29.396895387650403], [152.98250941477676, -29.386519276917895], [152.98114600819758, -29.376098292627375], [152.98017372211902, -29.365643654812867], [152.97959349161195, -29.355166616842194], [152.97940582911272, -29.344678453279116], [152.9794454493368, -29.296811361419604], [152.97964077287344, -29.28657634715226], [152.98020953832958, -29.276351967627928], [152.98115105952323, -29.266148692088244], [152.9824642693524, -29.255976965517412], [152.98414772130766, -29.245847197968775], [152.98619959136778, -29.235769753938136], [152.98861768027447, -29.22575494179396], [152.99139941618236, -29.215813003275695], [152.99454185768, -29.205954103070596], [152.9980416971771, -29.196188318478978], [153.00189526465306, -29.186525629179], [153.0060985317615, -29.176975907100356], [153.01064711628516, -29.167548906417338], [153.0155362869356, -29.15825425367079], [153.02076096849092, -29.14910143802891], [153.07105352989697, -29.06432372585584], [153.0714649614867, -29.061037810863283], [153.0731828712262, -29.050534392080237], [153.07529592606846, -29.040086705237815], [153.07780169277277, -29.029706230308744], [153.08069730890645, -29.019404370440558], [153.08397948645458, -29.009192439489848], [153.08764451588348, -28.99908164966704], [153.11907105448066, -28.917035168890866], [153.1229220372322, -28.907475858667773], [153.12711474461904, -28.89802857295238], [153.13164488951892, -28.88870277829771], [153.13650785018322, -28.879507817307868], [153.14169867515602, -28.870452899366704], [153.14721208850537, -28.861547091507443], [153.15304249536064, -28.852799309431468], [153.15918398774892, -28.844218308685978], [153.16563035072443, -28.835812676007183], [153.16610479558312, -28.83521463041597], [153.16690072289492, -28.829465605707895], [153.1687124541986, -28.819176868575095], [153.17090298164564, -28.808945390748004], [153.1734698846169, -28.798781991107234], [153.17641034674642, -28.788697413786867], [153.1797211593164, -28.778702316874654], [153.18339872505393, -28.768807261214217], [153.1874390623238, -28.759022699320795], [153.19183780971045, -28.74935896442186], [153.1965902309839, -28.739826259633823], [153.20169122044214, -28.730434647285502], [153.2071353086232, -28.721194038399684], [153.21291666837962, -28.712114182342628], [153.21902912130787, -28.70320465665246], [153.2254661445247, -28.694474857056196], [153.2257013702234, -28.694177459525157], [153.2239473627895, -28.68969421630931], [153.2205633244982, -28.680070666355842], [153.21752510655983, -28.67035780724844], [153.21483563705885, -28.66056529031919], [153.1998656299112, -28.602008372707274], [153.19728788569543, -28.591024826694895], [153.19514833049618, -28.579968186461382], [153.19344946561284, -28.568852055946152], [153.1921932481013, -28.557690108464616], [153.191381089012, -28.546496069832774], [153.19101385230886, -28.53528370144598], [153.1910918544667, -28.524066783332895], [153.19318912870463, -28.445763484109715], [153.19365175840397, -28.43547746750452], [153.19448829134518, -28.425209862517473], [153.19569775900763, -28.414971287091802], [153.19727880820747, -28.40477232639373], [153.19922970291748, -28.394623521895234], [153.20154832647606, -28.38453536051339], [153.20423218418102, -28.374518263816707], [153.21077537828145, -28.351729295205672], [153.2104270330026, -28.34785225908108], [153.20988000277657, -28.337648687107727], [153.20970136615227, -28.32743481303574], [153.20989120364516, -28.31722104383894], [153.21044922043293, -28.30701778368173], [153.21137474706902, -28.296835423323735], [153.21208637841156, -28.2912444275611], [153.210426772541, -28.281541918447694], [153.20901958238574, -28.27093187945162], [153.2080133740556, -28.260286110584158], [153.2078434724758, -28.257286112481406], [153.231833, -28.265110000000014], [153.245848, -28.245832000000014]]]}}, {"type": "Feature", "properties": {"id": "open2_road", "area_km2": 6072}, "geometry": {"type": "Polygon", "coordinates": [[[153.23585387066203, -28.259580030470904], [153.245848, -28.245832000000014], [153.262409, -28.246788000000006], [153.27891200000002, -28.233636000000008], [153.330213, -28.237064000000004], [153.33958, -28.250310999999968], [153.361237, -28.24834999999999], [153.389527, -28.23493499999998], [153.40661, -28.210415000000005], [153.4356, -28.187206999999976], [153.457134, -28.180539999999986], [153.47693100000004, -28.157019999999996], [153.534643, -28.17763000000001], [153.542419, -28.168567000000007], [153.556101, -28.168449000000003], [153.54439, -28.169618], [153.546326, -28.18462200000003], [153.538953, -28.183099999999982], [153.545506, -28.18339300000001], [153.542434, -28.17803800000001], [153.528129, -28.190799999999996], [153.508776, -28.190014000000023], [153.511639, -28.20125600000001], [153.507945, -28.19417200000001], [153.493754, -28.207081999999982], [153.500088, -28.205997000000018], [153.500738, -28.213867000000008], [153.494688, -28.22022700000001], [153.518655, -28.221668999999995], [153.509758, -28.217616000000003], [153.517015, -28.19359100000001], [153.535176, -28.191657000000014], [153.537846, -28.18381499999998], [153.54287700000003, -28.194353000000007], [153.55437, -28.192899000000004], [153.561819, -28.20846200000002], [153.554756, -28.209335999999993], [153.55942700000003, -28.21690000000001], [153.541705, -28.234473000000005], [153.552827, -28.234552999999984], [153.53941, -28.236276999999998], [153.541272, -28.243385000000014], [153.554731, -28.23600600000003], [153.5652, -28.204997000000006], [153.549948, -28.17138], [153.556465, -28.170067], [153.571431, -28.199438000000004], [153.568614, -28.23846599999999], [153.586296, -28.258206000000005], [153.571396, -28.327130000000015], [153.580705, -28.36297100000001], [153.555192, -28.452870999999973], [153.55335, -28.531178999999995], [153.568497, -28.589701000000012], [153.59066800000002, -28.624827000000007], [153.618008, -28.642001000000008], [153.638727, -28.636101999999998], [153.617653, -28.678142000000005], [153.618866, -28.722255000000004], [153.595813, -28.775188999999987], [153.608834, -28.843251000000013], [153.592039, -28.87559200000001], [153.577043, -28.868449000000005], [153.574869, -28.840165000000002], [153.563443, -28.847083000000016], [153.571057, -28.849290999999983], [153.576789, -28.869837999999994], [153.526945, -28.872891000000006], [153.570746, -28.885070000000013], [153.572912, -28.876931000000013], [153.590086, -28.87761200000002], [153.539511, -28.923111999999985], [153.463999, -29.018714000000006], [153.43280000000001, -29.100829999999984], [153.435275, -29.113103000000002], [153.451395, -29.118875], [153.44856800000002, -29.133388999999998], [153.45665900000003, -29.140191000000023], [153.400519, -29.201377999999988], [153.34432200000003, -29.296578999999987], [153.344441, -29.344446000000016], [153.353928, -29.357709], [153.362896, -29.355398], [153.376682, -29.36559599999999], [153.363282, -29.42157200000001], [153.372817, -29.425122000000005], [153.363994, -29.430210999999996], [153.372774, -29.44034199999999], [153.35837, -29.466502999999996], [153.368842, -29.484051999999995], [153.358735, -29.496081000000004], [153.362578, -29.525399999999987], [153.349468, -29.539914999999983], [153.332441, -29.586645000000015], [153.334558, -29.604816000000014], [153.342784, -29.608280999999995], [153.326894, -29.632866], [153.32059, -29.661397000000015], [153.333974, -29.674551000000005], [153.31920192520883, -29.695502091763764], [152.93242424915417, -29.69678064708955], [152.95667, -29.636920000000003], [152.9529, -29.58980000000002], [152.97099, -29.562549999999987], [152.99369, -29.453679999999995], [153.0017, -29.3373], [152.98873, -29.236620000000006], [153.0114, -28.99330000000002], [153.15880000000004, -28.92899999999999], [153.1269, -28.897300000000012], [153.16611, -28.835869999999993], [153.1892, -28.75079999999998], [153.226, -28.738200000000013], [153.2166, -28.626099999999997], [153.1918, -28.59809999999998], [153.1862, -28.519500000000015], [153.2059, -28.491099999999996], [153.2051672797021, -28.371262073024578], [153.2749, -28.312099999999987], [153.23585387066203, -28.259580030470904]]]}}, {"type": "Feature", "properties": {"id": "open2_line_exact"}, "geometry": {"type": "LineString", "coordinates": [[152.93044499935056, -29.702258989857636], [152.93050144539254, -29.70192716486953], [152.93265526962173, -29.691606980670482], [152.93519525007517, -29.68135389937088], [152.9381185497797, -29.67117894016488], [152.9414219224469, -29.661093035538546], [152.95470179523193, -29.622907927180826], [152.95834134661848, -29.613018325149394], [152.95916562703408, -29.611005173119196], [152.95922392896296, -29.610654891525225], [152.96133615424912, -29.600346080175548], [152.96687050171283, -29.57566339107842], [152.96723972469178, -29.568220672471924], [152.96810233089894, -29.55816646942012], [152.96932687226084, -29.548140940386258], [152.97091203362612, -29.538154044595096], [152.9728561428801, -29.528215700445923], [152.975157172988, -29.51833577569302], [152.97781274438302, -29.508524077685696], [152.98082012769518, -29.498790343677772], [152.98417624681724, -29.489144231215775], [152.99298493238066, -29.465180854396984], [152.993003430139, -29.460540285915545], [152.99344897751146, -29.449923041672037], [152.99429711234632, -29.439324508745216], [152.99465749273926, -29.436277087463925], [152.99184079491963, -29.42764303230445], [152.98893068159774, -29.417468347625913], [152.98640373960828, -29.40721545023948], [152.98426258467907, -29.396895387650403], [152.98250941477676, -29.386519276917895], [152.98114600819758, -29.376098292627375], [152.98017372211902, -29.365643654812867], [152.97959349161195, -29.355166616842194], [152.97940582911272, -29.344678453279116], [152.9794454493368, -29.296811361419604], [152.97964077287344, -29.28657634715226], [152.98020953832958, -29.276351967627928], [152.98115105952323, -29.266148692088244], [152.9824642693524, -29.255976965517412], [152.98414772130766, -29.245847197968775], [152.98619959136778, -29.235769753938136], [152.98861768027447, -29.22575494179396], [152.99139941618236, -29.215813003275695], [152.99454185768, -29.205954103070596], [152.9980416971771, -29.196188318478978], [153.00189526465306, -29.186525629179], [153.0060985317615, -29.176975907100356], [153.01064711628516, -29.167548906417338], [153.0155362869356, -29.15825425367079], [153.02076096849092, -29.14910143802891], [153.07105352989697, -29.06432372585584], [153.0714649614867, -29.061037810863283], [153.0731828712262, -29.050534392080237], [153.07529592606846, -29.040086705237815], [153.07780169277277, -29.029706230308744], [153.08069730890645, -29.019404370440558], [153.08397948645458, -29.009192439489848], [153.08764451588348, -28.99908164966704], [153.11907105448066, -28.917035168890866], [153.1229220372322, -28.907475858667773], [153.12711474461904, -28.89802857295238], [153.13164488951892, -28.88870277829771], [153.13650785018322, -28.879507817307868], [153.14169867515602, -28.870452899366704], [153.14721208850537, -28.861547091507443], [153.15304249536064, -28.852799309431468], [153.15918398774892, -28.844218308685978], [153.16563035072443, -28.835812676007183], [153.16610479558312, -28.83521463041597], [153.16690072289492, -28.829465605707895], [153.1687124541986, -28.819176868575095], [153.17090298164564, -28.808945390748004], [153.1734698846169, -28.798781991107234], [153.17641034674642, -28.788697413786867], [153.1797211593164, -28.778702316874654], [153.18339872505393, -28.768807261214217], [153.1874390623238, -28.759022699320795], [153.19183780971045, -28.74935896442186], [153.1965902309839, -28.739826259633823], [153.20169122044214, -28.730434647285502], [153.2071353086232, -28.721194038399684], [153.21291666837962, -28.712114182342628], [153.21902912130787, -28.70320465665246], [153.2254661445247, -28.694474857056196], [153.2257013702234, -28.694177459525157], [153.2239473627895, -28.68969421630931], [153.2205633244982, -28.680070666355842], [153.21752510655983, -28.67035780724844], [153.21483563705885, -28.66056529031919], [153.1998656299112, -28.602008372707274], [153.19728788569543, -28.591024826694895], [153.19514833049618, -28.579968186461382], [153.19344946561284, -28.568852055946152], [153.1921932481013, -28.557690108464616], [153.191381089012, -28.546496069832774], [153.19101385230886, -28.53528370144598], [153.1910918544667, -28.524066783332895], [153.19318912870463, -28.445763484109715], [153.19365175840397, -28.43547746750452], [153.19448829134518, -28.425209862517473], [153.19569775900763, -28.414971287091802], [153.19727880820747, -28.40477232639373], [153.19922970291748, -28.394623521895234], [153.20154832647606, -28.38453536051339], [153.20423218418102, -28.374518263816707], [153.21077537828145, -28.351729295205672], [153.2104270330026, -28.34785225908108], [153.20988000277657, -28.337648687107727], [153.20970136615227, -28.32743481303574], [153.20989120364516, -28.31722104383894], [153.21044922043293, -28.30701778368173], [153.21137474706902, -28.296835423323735], [153.21208637841156, -28.2912444275611], [153.210426772541, -28.281541918447694], [153.20901958238574, -28.27093187945162], [153.2080133740556, -28.260286110584158], [153.20750651629626, -28.251335893916572]]}}, {"type": "Feature", "properties": {"id": "open2_line_snap"}, "geometry": {"type": "LineString", "coordinates": [[152.92979, -29.70328000000001], [152.95667, -29.636920000000003], [152.9529, -29.58980000000002], [152.97099, -29.562549999999987], [152.99369, -29.453679999999995], [153.0017, -29.3373], [152.98873, -29.236620000000006], [153.0114, -28.99330000000002], [153.15880000000004, -28.92899999999999], [153.1269, -28.897300000000012], [153.16611, -28.835869999999993], [153.1892, -28.75079999999998], [153.226, -28.738200000000013], [153.2166, -28.626099999999997], [153.1918, -28.59809999999998], [153.1862, -28.519500000000015], [153.2059, -28.491099999999996], [153.2051672797021, -28.371262073024578], [153.2749, -28.312099999999987], [153.2352, -28.25870000000001]]}}, {"type": "Feature", "properties": {"id": "open2_line_south"}, "geometry": {"type": "LineString", "coordinates": [[152.9336, -29.687600000000007], [153.3248, -29.687599999999993]]}}, {"type": "Feature", "properties": {"id": "coast"}, "geometry": {"type": "LineString", "coordinates": [[153.5623594487611, -28.18163494431124], [153.571431, -28.199438000000004], [153.568614, -28.23846599999999], [153.586296, -28.258206000000005], [153.571396, -28.327130000000015], [153.580705, -28.36297100000001], [153.555192, -28.452870999999973], [153.55335, -28.531178999999995], [153.568497, -28.589701000000012], [153.59066800000002, -28.624827000000007], [153.618008, -28.642001000000008], [153.638727, -28.636101999999998], [153.617653, -28.678142000000005], [153.618866, -28.722255000000004], [153.595813, -28.775188999999987], [153.608834, -28.843251000000013], [153.592039, -28.87559200000001], [153.577043, -28.868449000000005], [153.574869, -28.840165000000002], [153.563443, -28.847083000000016], [153.571057, -28.849290999999983], [153.576789, -28.869837999999994], [153.526945, -28.872891000000006], [153.570746, -28.885070000000013], [153.572912, -28.876931000000013], [153.590086, -28.87761200000002], [153.539511, -28.923111999999985], [153.463999, -29.018714000000006], [153.43280000000001, -29.100829999999984], [153.435275, -29.113103000000002], [153.451395, -29.118875], [153.44856800000002, -29.133388999999998], [153.45665900000003, -29.140191000000023], [153.400519, -29.201377999999988], [153.34432200000003, -29.296578999999987], [153.344441, -29.344446000000016], [153.353928, -29.357709], [153.362896, -29.355398], [153.376682, -29.36559599999999], [153.363282, -29.42157200000001], [153.372817, -29.425122000000005], [153.363994, -29.430210999999996], [153.372774, -29.44034199999999], [153.35837, -29.466502999999996], [153.368842, -29.484051999999995], [153.358735, -29.496081000000004], [153.362578, -29.525399999999987], [153.349468, -29.539914999999983], [153.332441, -29.586645000000015], [153.334558, -29.604816000000014], [153.342784, -29.608280999999995], [153.326894, -29.632866], [153.32059, -29.661397000000015], [153.333974, -29.674551000000005], [153.305161, -29.715407000000017], [153.291992, -29.75362099999998], [153.303944, -29.774537], [153.288043, -29.798317000000008], [153.294417, -29.82508], [153.282471, -29.833830000000013], [153.267648, -29.865250000000003], [153.267554, -29.885679000000017], [153.276875, -29.893112000000002], [153.272771, -29.916864], [153.261147, -29.930648999999985], [153.260047, -29.95209699999999], [153.233366, -29.97975300000001], [153.197084, -30.040577], [153.19634, -30.05490399999999], [153.206343, -30.058314], [153.207861, -30.068526], [153.199641, -30.103902000000012], [153.213714, -30.109724], [153.199564, -30.141272000000004], [153.206858, -30.156386000000005], [153.166987, -30.198029], [153.140185, -30.25588600000001], [153.147838, -30.277603000000024], [153.139825, -30.299668999999973], [153.154572, -30.30514800000001], [153.142501, -30.303102000000006], [153.14012500000004, -30.309881999999995], [153.152929, -30.309492], [153.136083, -30.315935000000003], [153.113451, -30.340617000000012], [153.104516, -30.376996999999996], [153.075807, -30.410593000000002], [153.076319, -30.43189000000002], [153.045956, -30.467008], [153.031711, -30.499017000000006], [153.025013, -30.533623000000002], [153.02959, -30.546964000000006], [153.017103, -30.564111000000004], [153.01134583188207, -30.600000000000005]]}}]}