{"type": "Feature", "properties": {"id": "qld_border", "source": "OpenStreetMap admin_level=4 relations, NSW \u2229 QLD shared ways", "licence": "ODbL", "simplified_m": 20, "vertices": 4845}, "geometry": {"type": "LineString", "coordinates": [[153.603882, -28.141526], [153.541487, -28.168967], [153.539506, -28.172062], [153.535642, -28.176005], [153.534643, -28.17763], [153.534058, -28.176929], [153.531149, -28.175745], [153.531167, -28.175249], [153.485855, -28.157035], [153.485037, -28.157734], [153.482617, -28.158431], [153.481498, -28.158373], [153.481246, -28.157799], [153.480566, -28.1575], [153.478729, -28.15759], [153.476931, -28.15702], [153.474943, -28.158132], [153.474604, -28.159572], [153.473702, -28.160025], [153.473723, -28.160774], [153.47247, -28.161953], [153.470782, -28.161768], [153.468504, -28.162512], [153.466665, -28.164603], [153.465032, -28.167595], [153.461703, -28.17125], [153.458678, -28.175157], [153.459246, -28.178111], [153.45757, -28.179442], [153.457134, -28.18054], [153.455244, -28.181272], [153.452895, -28.181092], [153.450629, -28.1818], [153.448971, -28.18294], [153.448719, -28.183433], [153.446127, -28.184292], [153.443372, -28.184337], [153.438914, -28.186198], [153.4356, -28.187207], [153.431911, -28.190695], [153.431159, -28.191044], [153.429215, -28.193347], [153.428865, -28.194275], [153.426871, -28.195035], [153.426307, -28.195912], [153.425471, -28.196249], [153.424947, -28.197475], [153.421974, -28.199363], [153.419196, -28.199681], [153.418561, -28.200317], [153.418611, -28.202232], [153.418099, -28.203005], [153.418111, -28.203533], [153.417671, -28.203704], [153.416685, -28.205956], [153.414456, -28.20811], [153.413324, -28.208217], [153.412739, -28.209006], [153.411697, -28.208948], [153.409805, -28.20988], [153.408485, -28.209886], [153.40661, -28.210415], [153.405213, -28.212265], [153.402776, -28.214137], [153.402218, -28.215271], [153.399023, -28.217898], [153.394932, -28.222519], [153.390412, -28.228892], [153.389655, -28.230025], [153.389671, -28.231344], [153.390422, -28.23223], [153.390465, -28.232814], [153.389527, -28.234935], [153.387614, -28.236264], [153.38501, -28.237194], [153.382862, -28.23721], [153.382281, -28.237505], [153.38059, -28.239217], [153.378468, -28.240432], [153.376187, -28.241097], [153.372359, -28.242801], [153.369669, -28.245229], [153.361237, -28.24835], [153.359567, -28.248583], [153.356812, -28.249619], [153.354096, -28.248587], [153.351608, -28.249], [153.348064, -28.248821], [153.346223, -28.248172], [153.342274, -28.249959], [153.340878, -28.249774], [153.33958, -28.250311], [153.337782, -28.249192], [153.33518, -28.248412], [153.334495, -28.247971], [153.334174, -28.246746], [153.33215, -28.246033], [153.331699, -28.245415], [153.331116, -28.241534], [153.331102, -28.238368], [153.330213, -28.237064], [153.327694, -28.237012], [153.324189, -28.236483], [153.321718, -28.238024], [153.317596, -28.238381], [153.316685, -28.238717], [153.314307, -28.237362], [153.313195, -28.2377], [153.311776, -28.237482], [153.310537, -28.238238], [153.307884, -28.238716], [153.30573, -28.239584], [153.304239, -28.239667], [153.300823, -28.238346], [153.299651, -28.237281], [153.297814, -28.234859], [153.295786, -28.233866], [153.291876, -28.233769], [153.288089, -28.235072], [153.286626, -28.235248], [153.285027, -28.234986], [153.28173, -28.233776], [153.278912, -28.233636], [153.277468, -28.23442], [153.275284, -28.236674], [153.274442, -28.238056], [153.269607, -28.239002], [153.267719, -28.239754], [153.266021, -28.240927], [153.264138, -28.24339], [153.262409, -28.246788], [153.261315, -28.246834], [153.2593, -28.246061], [153.257108, -28.245676], [153.254275, -28.245943], [153.250181, -28.246833], [153.248987, -28.246655], [153.24693, -28.245745], [153.245848, -28.245832], [153.242311, -28.249717], [153.239626, -28.251401], [153.237783, -28.253862], [153.236749, -28.254413], [153.235762, -28.260621], [153.234907, -28.263297], [153.233484, -28.264628], [153.231833, -28.26511], [153.219835, -28.263143], [153.217028, -28.262139], [153.214195, -28.260225], [153.212113, -28.25779], [153.207553, -28.253435], [153.204377, -28.253432], [153.203188, -28.254337], [153.202292, -28.255929], [153.199908, -28.256426], [153.198113, -28.256323], [153.194881, -28.253921], [153.192501, -28.251577], [153.191326, -28.249911], [153.189868, -28.249059], [153.188161, -28.247515], [153.185735, -28.246506], [153.183824, -28.246194], [153.178049, -28.247458], [153.176778, -28.248413], [153.175727, -28.250229], [153.175269, -28.251497], [153.175686, -28.253725], [153.173856, -28.255824], [153.171691, -28.260516], [153.172159, -28.263269], [153.172725, -28.264545], [153.173776, -28.265917], [153.174531, -28.268749], [153.174911, -28.274777], [153.172196, -28.275909], [153.169347, -28.275958], [153.168329, -28.27677], [153.166791, -28.277188], [153.164238, -28.278657], [153.162401, -28.279098], [153.161067, -28.279824], [153.161219, -28.280458], [153.162745, -28.282615], [153.165639, -28.284725], [153.165757, -28.285192], [153.16519, -28.287282], [153.165362, -28.288792], [153.168773, -28.29262], [153.168855, -28.293307], [153.168505, -28.294163], [153.165604, -28.29714], [153.164098, -28.297666], [153.163149, -28.297465], [153.160922, -28.296124], [153.15849, -28.296496], [153.157454, -28.296257], [153.156372, -28.295505], [153.154794, -28.295691], [153.15432, -28.296186], [153.153459, -28.300299], [153.15227, -28.301878], [153.147271, -28.303942], [153.143958, -28.304414], [153.142654, -28.305302], [153.142377, -28.306229], [153.143128, -28.308035], [153.143405, -28.311993], [153.141802, -28.3121], [153.139982, -28.311432], [153.138679, -28.311273], [153.136634, -28.311921], [153.135447, -28.311987], [153.135056, -28.312324], [153.13433, -28.315392], [153.13331, -28.316801], [153.131929, -28.317355], [153.130246, -28.317161], [153.127049, -28.317472], [153.125633, -28.317917], [153.124665, -28.318641], [153.123808, -28.320501], [153.124253, -28.322914], [153.126159, -28.3259], [153.129565, -28.329028], [153.129913, -28.329824], [153.12989, -28.330665], [153.127996, -28.332841], [153.124161, -28.339771], [153.121139, -28.34133], [153.118319, -28.342003], [153.116927, -28.343028], [153.116291, -28.344116], [153.115833, -28.345959], [153.114715, -28.347909], [153.114378, -28.350651], [153.1129, -28.353791], [153.110286, -28.35688], [153.108829, -28.357543], [153.105618, -28.35719], [153.101349, -28.357843], [153.09715, -28.356036], [153.095166, -28.35567], [153.089615, -28.353487], [153.088645, -28.353542], [153.085647, -28.354632], [153.083747, -28.353937], [153.080537, -28.354162], [153.077752, -28.352486], [153.075321, -28.352573], [153.074607, -28.352296], [153.072535, -28.350474], [153.071037, -28.348296], [153.067907, -28.34683], [153.066334, -28.344916], [153.065283, -28.344234], [153.063218, -28.343648], [153.059965, -28.34368], [153.057375, -28.342646], [153.053737, -28.343118], [153.051421, -28.341229], [153.049761, -28.342037], [153.049015, -28.342055], [153.046808, -28.339735], [153.04606, -28.339455], [153.043612, -28.340012], [153.0388, -28.343132], [153.033171, -28.341667], [153.029927, -28.34002], [153.027105, -28.339776], [153.021147, -28.338638], [153.018621, -28.338928], [153.010397, -28.341612], [153.008199, -28.341717], [153.002909, -28.340137], [152.996234, -28.339964], [152.994762, -28.338975], [152.99239, -28.338398], [152.991007, -28.337417], [152.98917, -28.336675], [152.986042, -28.338076], [152.98371, -28.338167], [152.978829, -28.33438], [152.978385, -28.33376], [152.976828, -28.333485], [152.972614, -28.331853], [152.965662, -28.332774], [152.963474, -28.331925], [152.958271, -28.333565], [152.955599, -28.333497], [152.9533, -28.334063], [152.950325, -28.333824], [152.94838, -28.334878], [152.945141, -28.335669], [152.942487, -28.334693], [152.941254, -28.334525], [152.937348, -28.335681], [152.935549, -28.336763], [152.934328, -28.338276], [152.933856, -28.338311], [152.923628, -28.331766], [152.915191, -28.330166], [152.910818, -28.328051], [152.909816, -28.326956], [152.909002, -28.326605], [152.902922, -28.325545], [152.900662, -28.325679], [152.899532, -28.325214], [152.89447, -28.319997], [152.893361, -28.31779], [152.891238, -28.3172], [152.888946, -28.315079], [152.886673, -28.314678], [152.885153, -28.313351], [152.882507, -28.312472], [152.880945, -28.310119], [152.880013, -28.309607], [152.878188, -28.311278], [152.87593, -28.312176], [152.866337, -28.313036], [152.863757, -28.312778], [152.858637, -28.311216], [152.857852, -28.31132], [152.856727, -28.312056], [152.854657, -28.312495], [152.851755, -28.31113], [152.849593, -28.311214], [152.848701, -28.312335], [152.847433, -28.315972], [152.846493, -28.316365], [152.84591, -28.317376], [152.844911, -28.317632], [152.844015, -28.318958], [152.841695, -28.321025], [152.838957, -28.32206], [152.835808, -28.321301], [152.834974, -28.320112], [152.834454, -28.319974], [152.832615, -28.319863], [152.831138, -28.320265], [152.829187, -28.322029], [152.827871, -28.32589], [152.824256, -28.328779], [152.824462, -28.331485], [152.823366, -28.335267], [152.822328, -28.335674], [152.818725, -28.335594], [152.817713, -28.335876], [152.81291, -28.339215], [152.811329, -28.34136], [152.808904, -28.342765], [152.807757, -28.34499], [152.808444, -28.347464], [152.8087, -28.349475], [152.808546, -28.350216], [152.80785, -28.351041], [152.805847, -28.351942], [152.804226, -28.353594], [152.793451, -28.353987], [152.790974, -28.352219], [152.787386, -28.351626], [152.785592, -28.349463], [152.782473, -28.347456], [152.775455, -28.346625], [152.77277, -28.348165], [152.770962, -28.348394], [152.767939, -28.349811], [152.760338, -28.352235], [152.759022, -28.353287], [152.758764, -28.354459], [152.75893, -28.354851], [152.759922, -28.355012], [152.761061, -28.356537], [152.762535, -28.357797], [152.762582, -28.35845], [152.761584, -28.359815], [152.758139, -28.362872], [152.755559, -28.363029], [152.753204, -28.36381], [152.751062, -28.363914], [152.748846, -28.362996], [152.748154, -28.361475], [152.747508, -28.361057], [152.74429, -28.36034], [152.74268, -28.359607], [152.741746, -28.360334], [152.740972, -28.360123], [152.736809, -28.354795], [152.73324, -28.353139], [152.731719, -28.353026], [152.730435, -28.352464], [152.729746, -28.351758], [152.728947, -28.349999], [152.727864, -28.349417], [152.724014, -28.345738], [152.72288, -28.344096], [152.722549, -28.344019], [152.721239, -28.345025], [152.72008, -28.34509], [152.715767, -28.343522], [152.712678, -28.341471], [152.711796, -28.341792], [152.709543, -28.343489], [152.708468, -28.343866], [152.707351, -28.343675], [152.706562, -28.342087], [152.704972, -28.340849], [152.704759, -28.33905], [152.704097, -28.338442], [152.702207, -28.338199], [152.699992, -28.336969], [152.699992, -28.336003], [152.699344, -28.335469], [152.698895, -28.335358], [152.696445, -28.336095], [152.692385, -28.336667], [152.688551, -28.334678], [152.687248, -28.330382], [152.686418, -28.329075], [152.684815, -28.32895], [152.684043, -28.329536], [152.682291, -28.329406], [152.680169, -28.330427], [152.679339, -28.330416], [152.67557, -28.326975], [152.673641, -28.325981], [152.673413, -28.320871], [152.673577, -28.318552], [152.673369, -28.317837], [152.670601, -28.314634], [152.668553, -28.313916], [152.667911, -28.313232], [152.667228, -28.311752], [152.664925, -28.311523], [152.662983, -28.310419], [152.659518, -28.309843], [152.656128, -28.309697], [152.653625, -28.310744], [152.650516, -28.312833], [152.648053, -28.313276], [152.646001, -28.31211], [152.643902, -28.31278], [152.642044, -28.312243], [152.640236, -28.312119], [152.638288, -28.310997], [152.63544, -28.307129], [152.634355, -28.306184], [152.627857, -28.303031], [152.626074, -28.29944], [152.624513, -28.298204], [152.62411, -28.296949], [152.624186, -28.295796], [152.623053, -28.294958], [152.622818, -28.29428], [152.623699, -28.290308], [152.623046, -28.287392], [152.62103, -28.284249], [152.618697, -28.283723], [152.617501, -28.282861], [152.617156, -28.280701], [152.617661, -28.277491], [152.616346, -28.275505], [152.616031, -28.272333], [152.614517, -28.269555], [152.613585, -28.271322], [152.610997, -28.274307], [152.608722, -28.275658], [152.605137, -28.278474], [152.602964, -28.281255], [152.600303, -28.283836], [152.599905, -28.285797], [152.598364, -28.289247], [152.597996, -28.292048], [152.598972, -28.298984], [152.601534, -28.305916], [152.6017, -28.307381], [152.601007, -28.308543], [152.599065, -28.310342], [152.597202, -28.31314], [152.597061, -28.313771], [152.597846, -28.314779], [152.596747, -28.318111], [152.594032, -28.320021], [152.592349, -28.324084], [152.591796, -28.324467], [152.590007, -28.324858], [152.587341, -28.327767], [152.585297, -28.328513], [152.582755, -28.332016], [152.582637, -28.332356], [152.583314, -28.333484], [152.583009, -28.334624], [152.580807, -28.33579], [152.580738, -28.336582], [152.579917, -28.338051], [152.579945, -28.338621], [152.579493, -28.338924], [152.577736, -28.33803], [152.576124, -28.334808], [152.575468, -28.334135], [152.574276, -28.333555], [152.574137, -28.332762], [152.574479, -28.331361], [152.573652, -28.329942], [152.572526, -28.325864], [152.570436, -28.324852], [152.569133, -28.323518], [152.567652, -28.323259], [152.565288, -28.323408], [152.564793, -28.322747], [152.564474, -28.32272], [152.56325, -28.323276], [152.561072, -28.323715], [152.558328, -28.323218], [152.556029, -28.323396], [152.555941, -28.322199], [152.555169, -28.319898], [152.555313, -28.318782], [152.556106, -28.317657], [152.555651, -28.316895], [152.55526, -28.316795], [152.554411, -28.316846], [152.553493, -28.317689], [152.553292, -28.319163], [152.551886, -28.320238], [152.550972, -28.32053], [152.550132, -28.320229], [152.549122, -28.321009], [152.548055, -28.320939], [152.546205, -28.319581], [152.544735, -28.319325], [152.543279, -28.318175], [152.542743, -28.31693], [152.542901, -28.315785], [152.541751, -28.314493], [152.541517, -28.313008], [152.537285, -28.310803], [152.534936, -28.310073], [152.533083, -28.309875], [152.531535, -28.308756], [152.530175, -28.308447], [152.52872, -28.307679], [152.527833, -28.306689], [152.526364, -28.306419], [152.525712, -28.305564], [152.525035, -28.304036], [152.525461, -28.302974], [152.525361, -28.301636], [152.529059, -28.29919], [152.528742, -28.298468], [152.52935, -28.297107], [152.528444, -28.294175], [152.529577, -28.292757], [152.52941, -28.290871], [152.528753, -28.290118], [152.529014, -28.285987], [152.530327, -28.283442], [152.532051, -28.281547], [152.533245, -28.278835], [152.533289, -28.277284], [152.532942, -28.276113], [152.533125, -28.273644], [152.532612, -28.272195], [152.534909, -28.269548], [152.536672, -28.26601], [152.53569, -28.265117], [152.534708, -28.265222], [152.533949, -28.263671], [152.533975, -28.262694], [152.532241, -28.263145], [152.529057, -28.261713], [152.524304, -28.261028], [152.523346, -28.261438], [152.521934, -28.260797], [152.518738, -28.256939], [152.51611, -28.256842], [152.516721, -28.254657], [152.515602, -28.251748], [152.513674, -28.251287], [152.512845, -28.251472], [152.511409, -28.250405], [152.508034, -28.249115], [152.506197, -28.249572], [152.504288, -28.251564], [152.502732, -28.251651], [152.499349, -28.252909], [152.492432, -28.253794], [152.487855, -28.253198], [152.486812, -28.253954], [152.484021, -28.257164], [152.482129, -28.257949], [152.477225, -28.25795], [152.471509, -28.256971], [152.469976, -28.257245], [152.463586, -28.259373], [152.461641, -28.260771], [152.461191, -28.262741], [152.46002, -28.26447], [152.459858, -28.267056], [152.461456, -28.269626], [152.459634, -28.270489], [152.457726, -28.272539], [152.456471, -28.274366], [152.455696, -28.276788], [152.454982, -28.277769], [152.454129, -28.278316], [152.450951, -28.279354], [152.448253, -28.281026], [152.447758, -28.281899], [152.447482, -28.284117], [152.445415, -28.285489], [152.444823, -28.287074], [152.442877, -28.290442], [152.442663, -28.291471], [152.442926, -28.293252], [152.443881, -28.294885], [152.444954, -28.298244], [152.444831, -28.298822], [152.443515, -28.298786], [152.441922, -28.297937], [152.436223, -28.299196], [152.428042, -28.297727], [152.426899, -28.29797], [152.425071, -28.299286], [152.424119, -28.299424], [152.420025, -28.298571], [152.417165, -28.296784], [152.414572, -28.298101], [152.414313, -28.298898], [152.41455, -28.299784], [152.413755, -28.300317], [152.412754, -28.301853], [152.413127, -28.303741], [152.412885, -28.305219], [152.413441, -28.307504], [152.412225, -28.309176], [152.410671, -28.310248], [152.410459, -28.311343], [152.410602, -28.314121], [152.409599, -28.314774], [152.409517, -28.315734], [152.410489, -28.317337], [152.411223, -28.321056], [152.413883, -28.324444], [152.414975, -28.325366], [152.415693, -28.328251], [152.416256, -28.329219], [152.417218, -28.330099], [152.417259, -28.333089], [152.415083, -28.336126], [152.412868, -28.337801], [152.410218, -28.34037], [152.409321, -28.341797], [152.40614, -28.343913], [152.404227, -28.344769], [152.402176, -28.346561], [152.400126, -28.347594], [152.398811, -28.351595], [152.39686, -28.353528], [152.396454, -28.354592], [152.394844, -28.356024], [152.394919, -28.357542], [152.393073, -28.360535], [152.392057, -28.361451], [152.391939, -28.362139], [152.389552, -28.363979], [152.388211, -28.365517], [152.387767, -28.367579], [152.38616, -28.368554], [152.38508, -28.368855], [152.381506, -28.367788], [152.380471, -28.366966], [152.37739, -28.365822], [152.376235, -28.365876], [152.374874, -28.366556], [152.37209, -28.366847], [152.364758, -28.366106], [152.360661, -28.364197], [152.359045, -28.36284], [152.355946, -28.361197], [152.354343, -28.361359], [152.353141, -28.362553], [152.349956, -28.364355], [152.349191, -28.364249], [152.348216, -28.364947], [152.344915, -28.366274], [152.343372, -28.367733], [152.341582, -28.36786], [152.336055, -28.366448], [152.334465, -28.36677], [152.332476, -28.367952], [152.331321, -28.368087], [152.326859, -28.366609], [152.320854, -28.366757], [152.320781, -28.367186], [152.318055, -28.366122], [152.316804, -28.364655], [152.313459, -28.363077], [152.312222, -28.362717], [152.309659, -28.363168], [152.309346, -28.363512], [152.308929, -28.365531], [152.30715, -28.369084], [152.304919, -28.372005], [152.303949, -28.37288], [152.302128, -28.372673], [152.300134, -28.374301], [152.302194, -28.374555], [152.299958, -28.375957], [152.297747, -28.376564], [152.296567, -28.37724], [152.296327, -28.377824], [152.293817, -28.379176], [152.292578, -28.380225], [152.292487, -28.380614], [152.290697, -28.382471], [152.289787, -28.385285], [152.289394, -28.389637], [152.289567, -28.391523], [152.289255, -28.392497], [152.288432, -28.393151], [152.286959, -28.393775], [152.28471, -28.39406], [152.282013, -28.393531], [152.280283, -28.392733], [152.279382, -28.392612], [152.27708, -28.392961], [152.276005, -28.392444], [152.270957, -28.391168], [152.268657, -28.389521], [152.268262, -28.389469], [152.267606, -28.390047], [152.265845, -28.393979], [152.265398, -28.394294], [152.263706, -28.394311], [152.262782, -28.397498], [152.260809, -28.399434], [152.260698, -28.400421], [152.257428, -28.402494], [152.255702, -28.404029], [152.254747, -28.405812], [152.252482, -28.407427], [152.252681, -28.409045], [152.252211, -28.410416], [152.248759, -28.411452], [152.24734, -28.412877], [152.245535, -28.413802], [152.243246, -28.416025], [152.239263, -28.417583], [152.239298, -28.419596], [152.237884, -28.423436], [152.23524, -28.424601], [152.234059, -28.427003], [152.231834, -28.42848], [152.230609, -28.429826], [152.229695, -28.432837], [152.229847, -28.434851], [152.228544, -28.436965], [152.225596, -28.43721], [152.222021, -28.441954], [152.22167, -28.444888], [152.219504, -28.447966], [152.217189, -28.449236], [152.21557, -28.448084], [152.213873, -28.446106], [152.212059, -28.445791], [152.210516, -28.446297], [152.207305, -28.44541], [152.207429, -28.443902], [152.204648, -28.438247], [152.195287, -28.436373], [152.190266, -28.433948], [152.188038, -28.435], [152.186412, -28.438425], [152.184519, -28.438872], [152.181596, -28.43708], [152.174712, -28.434786], [152.171939, -28.43432], [152.168318, -28.434444], [152.164947, -28.432626], [152.160504, -28.433123], [152.15889, -28.434334], [152.156671, -28.434382], [152.155212, -28.436414], [152.154614, -28.437947], [152.150923, -28.43787], [152.146635, -28.439131], [152.145629, -28.440552], [152.144347, -28.441685], [152.142038, -28.442236], [152.139613, -28.445569], [152.138542, -28.44773], [152.137422, -28.448169], [152.135179, -28.452083], [152.1342, -28.452643], [152.132389, -28.452711], [152.130737, -28.453783], [152.127902, -28.453683], [152.124949, -28.457241], [152.121721, -28.460333], [152.121134, -28.462669], [152.119619, -28.462974], [152.117842, -28.462118], [152.115236, -28.463241], [152.112224, -28.463277], [152.111504, -28.463862], [152.108224, -28.463494], [152.105932, -28.462904], [152.102816, -28.463025], [152.102247, -28.463485], [152.10207, -28.464345], [152.101501, -28.464782], [152.099126, -28.46539], [152.098047, -28.466208], [152.096187, -28.46589], [152.094966, -28.466736], [152.095494, -28.468461], [152.094093, -28.469047], [152.090688, -28.468775], [152.089536, -28.46844], [152.087658, -28.46943], [152.086625, -28.46882], [152.085911, -28.468775], [152.085338, -28.467738], [152.084684, -28.467566], [152.082701, -28.469221], [152.081499, -28.469344], [152.080069, -28.470171], [152.079589, -28.470167], [152.078532, -28.47009], [152.07702, -28.469374], [152.076064, -28.469556], [152.075782, -28.468601], [152.07472, -28.467722], [152.072683, -28.468876], [152.0702, -28.468003], [152.06929, -28.468759], [152.06905, -28.471402], [152.069387, -28.472764], [152.068157, -28.473822], [152.068865, -28.475737], [152.066914, -28.47933], [152.067392, -28.480154], [152.067442, -28.481681], [152.067033, -28.48559], [152.066362, -28.485832], [152.064077, -28.487742], [152.062624, -28.488276], [152.05964, -28.490651], [152.05782, -28.490281], [152.056326, -28.490339], [152.055382, -28.490016], [152.054787, -28.490402], [152.054749, -28.49094], [152.051341, -28.492859], [152.045672, -28.494966], [152.044097, -28.497897], [152.043006, -28.499052], [152.043055, -28.499626], [152.040241, -28.501767], [152.039907, -28.502494], [152.035945, -28.507253], [152.030745, -28.510326], [152.030124, -28.511104], [152.029319, -28.511291], [152.027046, -28.5129], [152.02428, -28.513143], [152.023653, -28.513806], [152.022872, -28.515501], [152.020159, -28.516891], [152.018973, -28.51781], [152.020099, -28.521049], [152.018684, -28.522317], [152.016864, -28.525281], [152.012864, -28.525657], [152.010912, -28.526527], [152.008525, -28.526215], [152.007151, -28.527138], [152.005865, -28.527546], [152.005908, -28.527241], [152.002743, -28.527279], [152.000564, -28.528013], [151.998375, -28.526588], [151.996965, -28.526491], [151.995154, -28.526805], [151.993407, -28.52607], [151.992074, -28.524695], [151.990618, -28.524673], [151.988951, -28.525613], [151.98794, -28.524745], [151.987635, -28.523963], [151.987622, -28.52214], [151.986887, -28.519874], [151.985122, -28.517705], [151.984634, -28.516478], [151.984559, -28.516839], [151.984429, -28.51651], [151.98428, -28.515179], [151.984566, -28.513925], [151.985993, -28.511075], [151.98586, -28.509833], [151.984991, -28.50841], [151.984895, -28.507521], [151.983687, -28.506982], [151.983616, -28.504707], [151.982893, -28.503395], [151.979509, -28.503232], [151.97981, -28.502787], [151.97837, -28.502344], [151.977716, -28.50401], [151.973534, -28.504984], [151.972202, -28.50621], [151.972909, -28.507575], [151.971399, -28.507943], [151.970123, -28.509739], [151.969416, -28.509448], [151.968708, -28.509938], [151.968252, -28.511105], [151.965809, -28.512574], [151.965168, -28.513217], [151.964823, -28.514233], [151.963493, -28.514951], [151.962731, -28.514931], [151.961532, -28.516031], [151.958185, -28.515945], [151.957539, -28.517119], [151.955685, -28.518715], [151.955352, -28.519226], [151.956178, -28.521776], [151.956022, -28.522647], [151.956601, -28.525621], [151.95764, -28.525675], [151.958543, -28.527107], [151.957942, -28.527791], [151.956748, -28.528215], [151.956345, -28.530856], [151.955965, -28.531549], [151.955293, -28.53196], [151.955029, -28.533107], [151.954179, -28.534348], [151.954153, -28.535738], [151.952902, -28.538649], [151.953326, -28.539385], [151.953502, -28.540653], [151.954702, -28.542726], [151.956548, -28.542882], [151.956361, -28.546322], [151.955391, -28.547488], [151.954498, -28.551601], [151.954895, -28.553535], [151.955611, -28.554662], [151.958314, -28.556898], [151.958705, -28.559797], [151.957452, -28.563404], [151.959781, -28.566196], [151.960732, -28.566729], [151.964813, -28.567498], [151.966024, -28.570426], [151.967632, -28.571948], [151.970192, -28.572077], [151.972847, -28.572687], [151.974629, -28.572663], [151.97631, -28.573149], [151.979153, -28.576577], [151.980051, -28.57731], [151.98347, -28.578782], [151.985059, -28.580194], [151.985775, -28.581517], [151.985586, -28.583035], [151.987333, -28.586843], [151.98747, -28.589203], [151.988006, -28.590145], [151.988176, -28.591824], [151.991583, -28.594777], [151.991611, -28.59629], [151.990227, -28.598354], [151.990072, -28.599414], [151.989066, -28.600384], [151.988796, -28.601331], [151.989095, -28.603842], [151.989622, -28.605099], [151.990839, -28.606164], [151.99148, -28.608118], [151.993037, -28.609607], [151.993912, -28.611297], [151.993677, -28.615288], [151.990942, -28.621483], [151.990804, -28.6244], [151.995953, -28.630502], [151.997088, -28.633663], [151.997894, -28.633698], [151.999706, -28.636098], [152.001794, -28.63993], [152.001792, -28.644582], [152.002148, -28.64722], [152.0027, -28.648132], [152.00203, -28.650129], [152.002835, -28.651263], [152.004089, -28.651767], [152.005792, -28.651335], [152.005889, -28.653005], [152.006259, -28.653968], [152.007837, -28.656192], [152.010201, -28.661064], [152.010915, -28.661121], [152.011418, -28.661752], [152.010168, -28.664951], [152.013854, -28.665753], [152.016257, -28.664705], [152.02051, -28.66377], [152.024326, -28.66473], [152.024472, -28.665289], [152.028531, -28.666004], [152.031519, -28.66616], [152.03915, -28.664448], [152.04498, -28.668174], [152.045792, -28.670569], [152.044526, -28.672894], [152.046313, -28.675776], [152.047889, -28.675847], [152.048863, -28.676535], [152.050552, -28.678628], [152.050553, -28.679345], [152.052567, -28.68194], [152.056253, -28.680947], [152.058234, -28.67964], [152.060767, -28.680471], [152.061969, -28.67915], [152.063105, -28.679091], [152.06499, -28.680596], [152.066354, -28.680968], [152.066542, -28.682561], [152.068045, -28.684912], [152.06681, -28.685773], [152.066308, -28.687853], [152.064588, -28.690609], [152.065595, -28.69167], [152.065336, -28.692889], [152.066534, -28.69653], [152.066079, -28.697454], [152.068806, -28.700852], [152.071054, -28.702026], [152.07386, -28.706256], [152.075166, -28.706684], [152.076049, -28.708175], [152.071199, -28.714861], [152.070114, -28.715619], [152.06797, -28.715621], [152.062101, -28.718202], [152.058156, -28.720993], [152.057258, -28.723075], [152.055413, -28.723611], [152.053866, -28.72543], [152.048075, -28.728349], [152.046729, -28.729721], [152.043603, -28.730613], [152.042726, -28.731623], [152.043388, -28.732747], [152.045091, -28.732825], [152.046331, -28.7342], [152.047584, -28.737284], [152.047467, -28.73924], [152.047714, -28.740329], [152.046478, -28.74232], [152.045633, -28.742998], [152.043845, -28.746091], [152.041636, -28.746317], [152.041114, -28.747216], [152.042057, -28.751501], [152.040983, -28.753681], [152.039342, -28.754051], [152.036946, -28.755998], [152.036286, -28.756889], [152.0387, -28.764765], [152.038323, -28.764839], [152.037613, -28.769677], [152.038058, -28.773302], [152.037267, -28.774603], [152.036873, -28.776146], [152.037268, -28.776817], [152.041495, -28.777537], [152.041726, -28.778581], [152.040744, -28.783024], [152.039782, -28.785048], [152.035457, -28.789156], [152.034743, -28.79071], [152.035273, -28.79219], [152.038351, -28.797031], [152.035451, -28.806327], [152.035596, -28.808107], [152.036458, -28.809582], [152.036482, -28.812941], [152.035478, -28.816197], [152.037291, -28.819231], [152.033326, -28.828205], [152.03273, -28.829004], [152.030475, -28.830305], [152.028848, -28.8306], [152.02799, -28.832381], [152.026842, -28.832466], [152.023168, -28.831587], [152.020046, -28.837891], [152.019079, -28.838346], [152.017057, -28.838514], [152.018449, -28.844752], [152.01831, -28.845822], [152.017306, -28.848065], [152.015782, -28.84925], [152.015064, -28.850626], [152.015677, -28.851496], [152.015536, -28.852027], [152.016594, -28.852187], [152.017885, -28.851824], [152.022897, -28.854696], [152.025956, -28.858253], [152.026674, -28.858185], [152.02781, -28.857423], [152.029372, -28.855309], [152.02953, -28.854572], [152.030606, -28.854847], [152.031806, -28.854763], [152.036909, -28.851794], [152.039547, -28.854623], [152.037871, -28.857216], [152.035874, -28.858658], [152.036067, -28.860031], [152.037004, -28.86133], [152.03739, -28.862804], [152.037159, -28.863276], [152.038126, -28.864696], [152.036529, -28.865674], [152.034196, -28.866027], [152.03292, -28.866952], [152.030867, -28.869488], [152.030336, -28.870299], [152.031063, -28.871033], [152.030889, -28.87189], [152.031165, -28.873035], [152.031699, -28.873419], [152.031466, -28.874253], [152.030796, -28.874542], [152.028386, -28.876781], [152.027749, -28.879457], [152.026544, -28.882072], [152.026288, -28.883943], [152.025379, -28.885225], [152.024946, -28.886397], [152.024022, -28.886755], [152.024479, -28.88991], [152.023571, -28.891181], [152.020745, -28.891619], [152.019892, -28.891925], [152.019372, -28.892506], [152.018279, -28.892716], [152.016715, -28.892531], [152.015975, -28.893617], [152.016981, -28.894848], [152.016322, -28.897094], [152.015407, -28.898295], [152.012501, -28.900925], [152.011953, -28.903354], [152.01055, -28.905073], [152.010443, -28.90633], [152.009703, -28.907663], [152.008569, -28.907511], [152.006449, -28.909158], [152.004034, -28.910065], [152.002301, -28.910139], [152.00109, -28.90973], [152.00042, -28.907887], [152.000953, -28.906846], [152.000081, -28.903215], [152.000832, -28.900793], [152.000928, -28.899316], [151.999534, -28.896318], [151.997593, -28.895483], [151.99694, -28.897953], [151.983391, -28.907354], [151.981843, -28.908926], [151.981171, -28.909181], [151.979691, -28.908551], [151.977206, -28.908174], [151.976098, -28.90829], [151.974055, -28.90911], [151.972263, -28.910598], [151.968198, -28.916567], [151.967129, -28.916557], [151.964555, -28.918099], [151.961287, -28.91879], [151.958205, -28.917235], [151.95623, -28.916793], [151.954382, -28.91758], [151.951819, -28.919221], [151.944573, -28.920143], [151.943094, -28.92154], [151.936418, -28.922098], [151.927602, -28.925104], [151.922386, -28.928444], [151.918663, -28.92867], [151.916048, -28.929307], [151.915485, -28.927092], [151.91674, -28.925127], [151.91338, -28.920595], [151.907636, -28.917535], [151.904459, -28.916688], [151.900358, -28.914966], [151.897089, -28.915208], [151.89576, -28.913727], [151.892642, -28.915807], [151.881636, -28.911884], [151.878657, -28.913512], [151.878015, -28.915003], [151.875617, -28.914409], [151.874007, -28.914616], [151.872582, -28.914128], [151.871322, -28.914457], [151.868312, -28.913884], [151.867349, -28.912345], [151.865074, -28.909722], [151.863627, -28.908882], [151.860264, -28.907837], [151.859105, -28.907213], [151.856345, -28.907257], [151.856072, -28.907006], [151.853235, -28.90764], [151.851865, -28.90736], [151.849363, -28.90785], [151.847287, -28.90863], [151.842365, -28.912034], [151.84139, -28.911551], [151.839704, -28.913013], [151.839285, -28.914736], [151.837909, -28.916547], [151.837918, -28.918014], [151.836954, -28.92023], [151.837074, -28.9237], [151.836095, -28.928633], [151.836109, -28.930859], [151.836012, -28.931241], [151.834783, -28.932275], [151.836361, -28.936848], [151.839377, -28.939658], [151.839557, -28.942665], [151.837981, -28.94492], [151.837268, -28.945283], [151.835678, -28.948583], [151.836184, -28.950484], [151.834235, -28.957209], [151.832232, -28.959829], [151.829671, -28.961506], [151.825579, -28.963333], [151.823422, -28.961966], [151.81769, -28.961248], [151.813804, -28.959374], [151.812645, -28.956052], [151.815466, -28.954088], [151.815, -28.950786], [151.809516, -28.949785], [151.810124, -28.947946], [151.808349, -28.945029], [151.806394, -28.944636], [151.799089, -28.947883], [151.797625, -28.948005], [151.795613, -28.949248], [151.793825, -28.949658], [151.793312, -28.950922], [151.790749, -28.952426], [151.789909, -28.953663], [151.786913, -28.953447], [151.783631, -28.954495], [151.77828, -28.958047], [151.777834, -28.959885], [151.775648, -28.958948], [151.774405, -28.957892], [151.773329, -28.957582], [151.77202, -28.956383], [151.770227, -28.955846], [151.771316, -28.9526], [151.770824, -28.951971], [151.772045, -28.949068], [151.773175, -28.9474], [151.772939, -28.945852], [151.773093, -28.944302], [151.77247, -28.943387], [151.77291, -28.940574], [151.772735, -28.938251], [151.771629, -28.938428], [151.769704, -28.937634], [151.766078, -28.935126], [151.763439, -28.93465], [151.762362, -28.934138], [151.761277, -28.93202], [151.759809, -28.931367], [151.757978, -28.929941], [151.758584, -28.927557], [151.759359, -28.926435], [151.75734, -28.926129], [151.755414, -28.925018], [151.754586, -28.922326], [151.753514, -28.922789], [151.750487, -28.922687], [151.749279, -28.921918], [151.746998, -28.921326], [151.745918, -28.920154], [151.743471, -28.918646], [151.745287, -28.917661], [151.746738, -28.915188], [151.746341, -28.913842], [151.745292, -28.912498], [151.744992, -28.911037], [151.74345, -28.908519], [151.743706, -28.907744], [151.743342, -28.906626], [151.741373, -28.903393], [151.740065, -28.902194], [151.7398, -28.901277], [151.740854, -28.897458], [151.739383, -28.89603], [151.736957, -28.895653], [151.736278, -28.893433], [151.736465, -28.891769], [151.73381, -28.88785], [151.733507, -28.885757], [151.731799, -28.882695], [151.731824, -28.881261], [151.733634, -28.878901], [151.733761, -28.878384], [151.733069, -28.876494], [151.733869, -28.873909], [151.73386, -28.871578], [151.731576, -28.870792], [151.729055, -28.867938], [151.726628, -28.866876], [151.72288, -28.868534], [151.722596, -28.870284], [151.721038, -28.870922], [151.719294, -28.87331], [151.717343, -28.873662], [151.716797, -28.874869], [151.71543, -28.874559], [151.713612, -28.87537], [151.711267, -28.871335], [151.709655, -28.871026], [151.706536, -28.871784], [151.706866, -28.872615], [151.706659, -28.873634], [151.704729, -28.874803], [151.703856, -28.875782], [151.702762, -28.878425], [151.702801, -28.879659], [151.702131, -28.882271], [151.697945, -28.884583], [151.695537, -28.884391], [151.695254, -28.8864], [151.695686, -28.888407], [151.692923, -28.888733], [151.689601, -28.888058], [151.688425, -28.886915], [151.686092, -28.888931], [151.68607, -28.891169], [151.685102, -28.89298], [151.682837, -28.895627], [151.681101, -28.896655], [151.677736, -28.900162], [151.678152, -28.901606], [151.677394, -28.903941], [151.675654, -28.905544], [151.674758, -28.907595], [151.671648, -28.906859], [151.669585, -28.905916], [151.666316, -28.905359], [151.664131, -28.906255], [151.661623, -28.908424], [151.661168, -28.909264], [151.658407, -28.911886], [151.656068, -28.913215], [151.654638, -28.914627], [151.652449, -28.91525], [151.651449, -28.917029], [151.64994, -28.917429], [151.647464, -28.916349], [151.646326, -28.916191], [151.644389, -28.916839], [151.639992, -28.919552], [151.637768, -28.921613], [151.636751, -28.922061], [151.635974, -28.924532], [151.636831, -28.924935], [151.636364, -28.926732], [151.634965, -28.927678], [151.634688, -28.929234], [151.633143, -28.929686], [151.630887, -28.926768], [151.627484, -28.925484], [151.625809, -28.923689], [151.623958, -28.924281], [151.621871, -28.924346], [151.619876, -28.925625], [151.616835, -28.926122], [151.615453, -28.924968], [151.613879, -28.924465], [151.613487, -28.924007], [151.611953, -28.923521], [151.609616, -28.923279], [151.60897, -28.924215], [151.605064, -28.925082], [151.604066, -28.926063], [151.603426, -28.927418], [151.599485, -28.928188], [151.59812, -28.928977], [151.596877, -28.928897], [151.593432, -28.930262], [151.591471, -28.930359], [151.588361, -28.931922], [151.587553, -28.933502], [151.586645, -28.933938], [151.586209, -28.934795], [151.584794, -28.936241], [151.58396, -28.939153], [151.582337, -28.93935], [151.580411, -28.942936], [151.578955, -28.944093], [151.577091, -28.945032], [151.576318, -28.943682], [151.575134, -28.94347], [151.572932, -28.944503], [151.572108, -28.944603], [151.570471, -28.944128], [151.566806, -28.94173], [151.561252, -28.945482], [151.54908, -28.952484], [151.54705, -28.952425], [151.545566, -28.952997], [151.544822, -28.954164], [151.544468, -28.955936], [151.54489, -28.959344], [151.544682, -28.96119], [151.542756, -28.964754], [151.541215, -28.968413], [151.538532, -28.972028], [151.537681, -28.9736], [151.537135, -28.975703], [151.536953, -28.978591], [151.536094, -28.980619], [151.531383, -28.985017], [151.526986, -28.987174], [151.52467, -28.98876], [151.523905, -28.989687], [151.522782, -28.992025], [151.522036, -28.996096], [151.520222, -28.996175], [151.51679, -28.997378], [151.515706, -28.998214], [151.511279, -29.004387], [151.507257, -29.008139], [151.505644, -29.010115], [151.505051, -29.009825], [151.504567, -29.011105], [151.503742, -29.012154], [151.502983, -29.014266], [151.503162, -29.014845], [151.5023, -29.016549], [151.501619, -29.01718], [151.500485, -29.016791], [151.500163, -29.016937], [151.498467, -29.019326], [151.497798, -29.020879], [151.497729, -29.02228], [151.498139, -29.023894], [151.49803, -29.025598], [151.495081, -29.030305], [151.494912, -29.032913], [151.495168, -29.03468], [151.496513, -29.037414], [151.496581, -29.039561], [151.497255, -29.042233], [151.495383, -29.044676], [151.494072, -29.04737], [151.493487, -29.050928], [151.492595, -29.051549], [151.490507, -29.054487], [151.490092, -29.056575], [151.490723, -29.057748], [151.494969, -29.060503], [151.497144, -29.062859], [151.502375, -29.065521], [151.503486, -29.067444], [151.502776, -29.069867], [151.501582, -29.071576], [151.499897, -29.072683], [151.498117, -29.07099], [151.496739, -29.070393], [151.495173, -29.070572], [151.493428, -29.071771], [151.494431, -29.074631], [151.49355, -29.075901], [151.491483, -29.077933], [151.487208, -29.087625], [151.485341, -29.089335], [151.476729, -29.091304], [151.474086, -29.092593], [151.473924, -29.093149], [151.473103, -29.093787], [151.470463, -29.094628], [151.46584, -29.097282], [151.464296, -29.097922], [151.463579, -29.097885], [151.462942, -29.098313], [151.461613, -29.100523], [151.461424, -29.101319], [151.461605, -29.102427], [151.460463, -29.107739], [151.459602, -29.109659], [151.459483, -29.112124], [151.457829, -29.117142], [151.455288, -29.122302], [151.454475, -29.123437], [151.454204, -29.124441], [151.452744, -29.126251], [151.447505, -29.130859], [151.438495, -29.136681], [151.432354, -29.140094], [151.431155, -29.141288], [151.430076, -29.145113], [151.429488, -29.146312], [151.428579, -29.147121], [151.425605, -29.148746], [151.423627, -29.149276], [151.420767, -29.14919], [151.419848, -29.148661], [151.416467, -29.149166], [151.416323, -29.149768], [151.415402, -29.150892], [151.412677, -29.151999], [151.409894, -29.153933], [151.40548, -29.162895], [151.404472, -29.163825], [151.403759, -29.164046], [151.402526, -29.165856], [151.402117, -29.171349], [151.395426, -29.17733], [151.394116, -29.178028], [151.392768, -29.177011], [151.387552, -29.175145], [151.385875, -29.175162], [151.383885, -29.176061], [151.379971, -29.176995], [151.376945, -29.176801], [151.366042, -29.174055], [151.36456, -29.172774], [151.363017, -29.172348], [151.35847, -29.172279], [151.356664, -29.174031], [151.353201, -29.17572], [151.352111, -29.175995], [151.349833, -29.175791], [151.347009, -29.177009], [151.338428, -29.179266], [151.33573, -29.177929], [151.335343, -29.175502], [151.334895, -29.174831], [151.322251, -29.166676], [151.319638, -29.165869], [151.317769, -29.165879], [151.31641, -29.166252], [151.315597, -29.166092], [151.313399, -29.163986], [151.312067, -29.161926], [151.311887, -29.161165], [151.312249, -29.160011], [151.312244, -29.157408], [151.311516, -29.155356], [151.309641, -29.15357], [151.309367, -29.150286], [151.309624, -29.148679], [151.30931, -29.146587], [151.311643, -29.143038], [151.314632, -29.140685], [151.31574, -29.140002], [151.316622, -29.139887], [151.317938, -29.139012], [151.318008, -29.138057], [151.31409, -29.132042], [151.312635, -29.130442], [151.31203, -29.130376], [151.311098, -29.129719], [151.307779, -29.125173], [151.304259, -29.121138], [151.304542, -29.120829], [151.304425, -29.119287], [151.303492, -29.11665], [151.301073, -29.114012], [151.298871, -29.112801], [151.297829, -29.112604], [151.294854, -29.112665], [151.291768, -29.114115], [151.290347, -29.113886], [151.289162, -29.112617], [151.288591, -29.110729], [151.287538, -29.10862], [151.28647, -29.107269], [151.284925, -29.105999], [151.282933, -29.105294], [151.281856, -29.10431], [151.280468, -29.102157], [151.279076, -29.099149], [151.278225, -29.092652], [151.278152, -29.090015], [151.27843, -29.089159], [151.279238, -29.088248], [151.279192, -29.086534], [151.278072, -29.084429], [151.275055, -29.08268], [151.274628, -29.081833], [151.275329, -29.077116], [151.275131, -29.076424], [151.277937, -29.074497], [151.279316, -29.072933], [151.281092, -29.070207], [151.28184, -29.068396], [151.284429, -29.065958], [151.28551, -29.065447], [151.285755, -29.064834], [151.285623, -29.062592], [151.284961, -29.060855], [151.28542, -29.058161], [151.285988, -29.057241], [151.286717, -29.057034], [151.28778, -29.057207], [151.288243, -29.05697], [151.290071, -29.053733], [151.290545, -29.051096], [151.290036, -29.05049], [151.287649, -29.049348], [151.286124, -29.048077], [151.285791, -29.047396], [151.285547, -29.046366], [151.286, -29.045631], [151.285331, -29.042947], [151.285412, -29.039453], [151.285626, -29.038648], [151.286602, -29.037416], [151.28651, -29.036741], [151.284949, -29.035546], [151.283693, -29.035391], [151.280358, -29.035771], [151.276381, -29.035709], [151.271676, -29.030392], [151.271724, -29.028693], [151.272272, -29.02786], [151.273016, -29.027395], [151.273788, -29.025775], [151.273983, -29.024654], [151.275005, -29.023807], [151.280923, -29.02051], [151.282138, -29.019541], [151.282796, -29.018074], [151.283505, -29.017495], [151.283812, -29.016075], [151.283429, -29.012596], [151.284102, -29.006821], [151.284031, -29.005312], [151.283161, -29.002701], [151.278693, -28.99686], [151.277134, -28.991769], [151.276392, -28.987063], [151.276623, -28.984709], [151.279696, -28.983698], [151.281711, -28.982579], [151.282087, -28.98096], [151.28118, -28.979488], [151.279236, -28.978465], [151.276043, -28.975386], [151.272731, -28.973956], [151.271939, -28.972732], [151.272209, -28.969825], [151.273317, -28.967698], [151.276086, -28.9665], [151.278603, -28.966235], [151.280423, -28.964971], [151.280628, -28.963032], [151.279866, -28.960567], [151.279989, -28.960193], [151.281159, -28.959546], [151.281528, -28.958492], [151.281143, -28.957314], [151.28186, -28.952411], [151.281613, -28.949009], [151.280502, -28.947225], [151.276978, -28.944179], [151.275861, -28.942717], [151.275144, -28.939629], [151.274167, -28.937912], [151.272957, -28.937879], [151.270366, -28.936715], [151.267613, -28.936246], [151.266156, -28.935446], [151.265465, -28.934739], [151.265217, -28.932672], [151.264264, -28.93211], [151.263378, -28.931942], [151.258804, -28.932396], [151.257813, -28.93206], [151.253904, -28.928814], [151.251485, -28.927645], [151.25014, -28.92619], [151.248996, -28.925644], [151.24759, -28.925478], [151.24567, -28.924557], [151.243546, -28.924187], [151.242318, -28.923373], [151.24141, -28.922233], [151.240476, -28.919831], [151.240419, -28.91625], [151.238629, -28.909303], [151.237294, -28.906996], [151.234642, -28.904803], [151.233664, -28.904654], [151.232459, -28.905637], [151.232102, -28.906808], [151.231203, -28.908211], [151.229385, -28.908803], [151.227357, -28.908391], [151.225567, -28.907583], [151.220654, -28.906845], [151.214966, -28.904299], [151.213841, -28.90356], [151.212532, -28.902066], [151.207008, -28.898336], [151.206761, -28.897885], [151.206728, -28.89554], [151.207158, -28.894365], [151.206773, -28.891979], [151.203857, -28.889413], [151.203, -28.887173], [151.200665, -28.885412], [151.19959, -28.884254], [151.196657, -28.883716], [151.192512, -28.881617], [151.186461, -28.879727], [151.184, -28.87822], [151.182496, -28.878199], [151.181016, -28.87869], [151.178442, -28.880449], [151.176437, -28.880228], [151.17573, -28.880585], [151.174708, -28.880639], [151.172985, -28.880302], [151.171932, -28.879638], [151.170853, -28.877091], [151.163027, -28.870328], [151.162819, -28.867143], [151.162115, -28.866138], [151.161065, -28.86538], [151.157802, -28.865001], [151.153619, -28.865551], [151.151617, -28.865439], [151.150208, -28.864907], [151.14661, -28.861932], [151.143574, -28.860149], [151.142724, -28.860313], [151.142062, -28.860827], [151.141631, -28.86223], [151.140956, -28.862791], [151.139792, -28.863091], [151.137345, -28.862347], [151.136248, -28.861482], [151.131898, -28.860062], [151.130732, -28.859173], [151.127753, -28.855176], [151.127765, -28.853995], [151.127127, -28.853361], [151.126419, -28.851783], [151.125149, -28.850556], [151.123968, -28.85027], [151.117301, -28.850921], [151.115349, -28.850528], [151.114523, -28.849568], [151.114076, -28.847871], [151.11147, -28.846262], [151.108624, -28.842729], [151.107048, -28.842631], [151.106281, -28.844313], [151.105802, -28.844764], [151.105442, -28.844786], [151.104492, -28.844068], [151.103554, -28.842119], [151.103668, -28.841187], [151.104563, -28.84013], [151.104382, -28.839495], [151.103789, -28.839188], [151.104082, -28.838118], [151.103329, -28.836584], [151.099625, -28.836497], [151.098014, -28.838158], [151.09684, -28.838391], [151.095888, -28.838243], [151.091749, -28.835716], [151.090408, -28.835299], [151.087787, -28.834739], [151.082664, -28.834514], [151.081493, -28.834898], [151.078199, -28.838048], [151.07217, -28.840705], [151.071528, -28.841337], [151.071955, -28.843068], [151.071899, -28.844211], [151.071491, -28.844911], [151.07043, -28.845204], [151.068468, -28.844812], [151.06546, -28.845794], [151.058843, -28.846251], [151.058359, -28.84647], [151.056601, -28.848531], [151.05369, -28.849817], [151.052272, -28.849485], [151.051585, -28.848716], [151.051827, -28.84801], [151.053458, -28.846462], [151.053555, -28.845779], [151.053018, -28.844923], [151.051108, -28.843747], [151.050247, -28.843547], [151.049205, -28.843794], [151.047496, -28.845188], [151.046884, -28.845351], [151.046362, -28.845257], [151.044402, -28.843891], [151.043731, -28.842679], [151.043461, -28.840041], [151.039826, -28.83913], [151.039194, -28.838825], [151.038915, -28.838304], [151.03922, -28.83653], [151.039964, -28.836132], [151.041303, -28.835999], [151.042683, -28.835243], [151.043085, -28.834612], [151.042993, -28.833079], [151.041018, -28.831601], [151.040212, -28.830087], [151.039386, -28.82988], [151.03725, -28.827881], [151.03657, -28.825693], [151.03694, -28.824663], [151.037114, -28.819933], [151.037585, -28.818434], [151.038811, -28.817353], [151.041867, -28.816307], [151.042259, -28.815764], [151.041304, -28.81367], [151.040886, -28.810117], [151.041464, -28.804072], [151.041817, -28.803268], [151.042326, -28.802904], [151.042704, -28.801597], [151.041089, -28.797634], [151.040461, -28.797483], [151.03884, -28.797796], [151.037699, -28.797602], [151.035511, -28.795357], [151.033281, -28.793931], [151.025216, -28.794012], [151.024087, -28.793483], [151.024421, -28.791626], [151.025701, -28.789545], [151.025953, -28.788521], [151.026326, -28.784385], [151.025816, -28.781957], [151.024717, -28.779746], [151.024386, -28.77753], [151.02336, -28.77584], [151.021103, -28.774571], [151.0194, -28.774296], [151.018588, -28.77311], [151.019018, -28.771774], [151.019568, -28.771328], [151.021309, -28.771093], [151.027147, -28.771202], [151.028533, -28.770532], [151.029101, -28.769497], [151.029157, -28.768417], [151.028225, -28.761975], [151.027151, -28.75946], [151.026606, -28.756147], [151.024566, -28.753062], [151.020361, -28.750144], [151.017123, -28.747325], [151.015189, -28.746152], [151.013691, -28.74574], [151.012, -28.744525], [151.01107, -28.743483], [151.010485, -28.741317], [151.009923, -28.740947], [151.009343, -28.741026], [151.008035, -28.740422], [151.005692, -28.740178], [151.004036, -28.740871], [151.002891, -28.740702], [151.00036, -28.738867], [150.998693, -28.738188], [150.993785, -28.73824], [150.989548, -28.73607], [150.984862, -28.736429], [150.98342, -28.736168], [150.981196, -28.734987], [150.980515, -28.734354], [150.979489, -28.732628], [150.971293, -28.731831], [150.970428, -28.732073], [150.968965, -28.732938], [150.966184, -28.736339], [150.964714, -28.737424], [150.963344, -28.737838], [150.962209, -28.737354], [150.960658, -28.735747], [150.959397, -28.735678], [150.958078, -28.735226], [150.957044, -28.735443], [150.955216, -28.737131], [150.953839, -28.737132], [150.952439, -28.736701], [150.951484, -28.735905], [150.948216, -28.734487], [150.94746, -28.733797], [150.94779, -28.731814], [150.947499, -28.730737], [150.946543, -28.729207], [150.94592, -28.728823], [150.943014, -28.728641], [150.939412, -28.731231], [150.93842, -28.731247], [150.93781, -28.73063], [150.938214, -28.729373], [150.93788, -28.728714], [150.93792, -28.7277], [150.938442, -28.72635], [150.938182, -28.725656], [150.937569, -28.725023], [150.93542, -28.723948], [150.932873, -28.72312], [150.932405, -28.722346], [150.932242, -28.721359], [150.932823, -28.719934], [150.932351, -28.716944], [150.932425, -28.715745], [150.93161, -28.712781], [150.931341, -28.706964], [150.930615, -28.705108], [150.928146, -28.702794], [150.926919, -28.700911], [150.924764, -28.699018], [150.92306, -28.698845], [150.922325, -28.699292], [150.921732, -28.700186], [150.919848, -28.700701], [150.917671, -28.69958], [150.916702, -28.698707], [150.915416, -28.698518], [150.911384, -28.695399], [150.910415, -28.693888], [150.910244, -28.692414], [150.907939, -28.6889], [150.907437, -28.688524], [150.9043, -28.68732], [150.901774, -28.687651], [150.899948, -28.687377], [150.896839, -28.688308], [150.894725, -28.688473], [150.893605, -28.689147], [150.89197, -28.691224], [150.891486, -28.692666], [150.891399, -28.69432], [150.890934, -28.695005], [150.888898, -28.695656], [150.887569, -28.695556], [150.885897, -28.695844], [150.884619, -28.695496], [150.884423, -28.695033], [150.884896, -28.692393], [150.884431, -28.690494], [150.88152, -28.689019], [150.880253, -28.689051], [150.879244, -28.6897], [150.877173, -28.693546], [150.874065, -28.694393], [150.87328, -28.693776], [150.872423, -28.692494], [150.872372, -28.689891], [150.871715, -28.688731], [150.870835, -28.688093], [150.87094, -28.687322], [150.87005, -28.686263], [150.86917, -28.685664], [150.868453, -28.685837], [150.867208, -28.686897], [150.863497, -28.688261], [150.861693, -28.686782], [150.858889, -28.685241], [150.857907, -28.683646], [150.855654, -28.683094], [150.852186, -28.680187], [150.851936, -28.677712], [150.85141, -28.676869], [150.850637, -28.676331], [150.849937, -28.674476], [150.849048, -28.673718], [150.847185, -28.673083], [150.844189, -28.672731], [150.843486, -28.672084], [150.841297, -28.672276], [150.840521, -28.672635], [150.839294, -28.672514], [150.834682, -28.669206], [150.831779, -28.667945], [150.828522, -28.667188], [150.82432, -28.666988], [150.820049, -28.667197], [150.818775, -28.666694], [150.81648, -28.663757], [150.81635, -28.662485], [150.81678, -28.661502], [150.817949, -28.661154], [150.818977, -28.659848], [150.819316, -28.658326], [150.818597, -28.657553], [150.814834, -28.657671], [150.809033, -28.655921], [150.804497, -28.653704], [150.799226, -28.653974], [150.798685, -28.654322], [150.798273, -28.655789], [150.797916, -28.656048], [150.796333, -28.656128], [150.795935, -28.655576], [150.794949, -28.655367], [150.793965, -28.654718], [150.791998, -28.652254], [150.789815, -28.651485], [150.787581, -28.649425], [150.785475, -28.648045], [150.782485, -28.645526], [150.781405, -28.645201], [150.779813, -28.645374], [150.777855, -28.6449], [150.775837, -28.645576], [150.774919, -28.645523], [150.772026, -28.644775], [150.771451, -28.644103], [150.771371, -28.642941], [150.769969, -28.641027], [150.769021, -28.640322], [150.768347, -28.639245], [150.767152, -28.638462], [150.765454, -28.638375], [150.764036, -28.639354], [150.763503, -28.63907], [150.761007, -28.639659], [150.757377, -28.639703], [150.756153, -28.64032], [150.754374, -28.640089], [150.754337, -28.638533], [150.752882, -28.636102], [150.752856, -28.635621], [150.752093, -28.634697], [150.751259, -28.63425], [150.750381, -28.634278], [150.745855, -28.635714], [150.745331, -28.635357], [150.745173, -28.63479], [150.744102, -28.634546], [150.740359, -28.635156], [150.7373, -28.634761], [150.731238, -28.63531], [150.730379, -28.634863], [150.72955, -28.634813], [150.727285, -28.635563], [150.725655, -28.636844], [150.72575, -28.637284], [150.726786, -28.637488], [150.727065, -28.637813], [150.726648, -28.638866], [150.724245, -28.640969], [150.720862, -28.642449], [150.719609, -28.642583], [150.712991, -28.645131], [150.711113, -28.645022], [150.71027, -28.645515], [150.708888, -28.647673], [150.709605, -28.649558], [150.710369, -28.650643], [150.710293, -28.651188], [150.709552, -28.652157], [150.707948, -28.652908], [150.706143, -28.653258], [150.702626, -28.655039], [150.701365, -28.655359], [150.698143, -28.655146], [150.693685, -28.653939], [150.692013, -28.653894], [150.688678, -28.656978], [150.687888, -28.658184], [150.686922, -28.658732], [150.685836, -28.658721], [150.684112, -28.65931], [150.682537, -28.661], [150.681371, -28.661674], [150.680282, -28.661498], [150.678854, -28.660179], [150.677337, -28.657282], [150.676055, -28.655747], [150.675679, -28.65439], [150.675836, -28.653427], [150.67631, -28.652888], [150.676179, -28.652105], [150.674756, -28.651471], [150.673421, -28.650462], [150.671887, -28.651632], [150.670214, -28.653842], [150.667366, -28.654541], [150.664806, -28.656546], [150.661594, -28.657577], [150.658582, -28.659112], [150.65216, -28.660816], [150.646442, -28.663717], [150.64152, -28.665359], [150.63893, -28.667737], [150.635461, -28.672121], [150.633513, -28.67609], [150.63223, -28.67709], [150.631351, -28.676735], [150.630932, -28.675589], [150.626879, -28.672917], [150.626392, -28.671739], [150.626941, -28.670398], [150.626821, -28.669962], [150.626406, -28.669333], [150.625394, -28.669046], [150.620388, -28.669064], [150.619914, -28.669541], [150.618526, -28.673427], [150.617981, -28.673995], [150.617268, -28.673599], [150.614231, -28.673176], [150.610361, -28.671692], [150.604848, -28.670969], [150.601985, -28.671447], [150.600452, -28.671327], [150.599666, -28.670657], [150.599463, -28.669956], [150.60021, -28.669089], [150.600863, -28.667675], [150.600653, -28.666328], [150.599945, -28.665075], [150.596413, -28.663888], [150.591957, -28.660835], [150.590577, -28.660243], [150.587283, -28.659494], [150.582592, -28.656339], [150.581592, -28.655948], [150.579451, -28.655967], [150.576483, -28.657579], [150.57358, -28.658751], [150.570119, -28.65933], [150.568774, -28.658258], [150.566901, -28.658518], [150.566454, -28.658764], [150.566047, -28.659671], [150.564082, -28.659948], [150.563192, -28.660546], [150.563239, -28.661461], [150.562978, -28.661929], [150.56089, -28.662304], [150.55973, -28.661689], [150.558756, -28.659296], [150.557341, -28.657441], [150.557111, -28.655594], [150.556622, -28.654828], [150.555935, -28.654039], [150.553899, -28.653294], [150.552689, -28.653639], [150.550899, -28.654888], [150.549908, -28.655911], [150.548889, -28.657844], [150.548318, -28.658193], [150.548357, -28.659766], [150.55442, -28.664271], [150.554494, -28.665783], [150.553215, -28.668826], [150.552206, -28.67078], [150.55151, -28.671518], [150.551024, -28.671599], [150.546501, -28.670465], [150.545641, -28.670982], [150.545213, -28.67165], [150.54424, -28.671859], [150.541486, -28.671511], [150.539508, -28.670894], [150.537986, -28.670896], [150.536535, -28.672022], [150.534972, -28.672449], [150.531735, -28.671176], [150.530881, -28.670492], [150.52975, -28.670346], [150.527466, -28.66933], [150.525637, -28.66728], [150.52525, -28.665996], [150.525559, -28.665553], [150.52703, -28.665412], [150.529791, -28.664101], [150.532404, -28.661809], [150.533492, -28.661837], [150.536133, -28.662712], [150.536933, -28.662547], [150.538697, -28.661258], [150.539286, -28.660048], [150.537968, -28.657453], [150.537409, -28.6571], [150.536462, -28.657533], [150.535267, -28.657584], [150.530693, -28.655323], [150.530225, -28.655767], [150.528707, -28.655781], [150.526269, -28.654734], [150.524573, -28.654486], [150.521781, -28.655309], [150.520799, -28.656018], [150.519321, -28.66009], [150.518786, -28.660769], [150.517549, -28.661567], [150.513845, -28.662307], [150.504048, -28.661227], [150.49942, -28.659426], [150.492196, -28.659228], [150.490159, -28.658812], [150.488716, -28.657912], [150.487006, -28.657342], [150.485634, -28.657728], [150.485465, -28.659334], [150.484667, -28.660196], [150.483919, -28.662173], [150.481719, -28.663778], [150.480323, -28.663449], [150.478922, -28.662074], [150.477037, -28.661788], [150.473631, -28.65996], [150.472815, -28.660109], [150.472028, -28.660651], [150.471407, -28.662081], [150.469699, -28.663608], [150.468016, -28.664196], [150.465711, -28.66631], [150.461126, -28.668456], [150.459249, -28.668991], [150.458571, -28.668796], [150.458164, -28.668286], [150.45732, -28.666055], [150.457514, -28.664242], [150.456686, -28.663558], [150.455734, -28.663548], [150.453017, -28.66596], [150.449154, -28.665584], [150.442216, -28.664309], [150.440424, -28.663643], [150.437203, -28.661465], [150.432876, -28.655727], [150.429251, -28.653446], [150.427919, -28.652214], [150.425542, -28.651038], [150.423903, -28.650372], [150.420848, -28.650227], [150.417138, -28.651077], [150.416016, -28.65227], [150.414386, -28.652008], [150.412864, -28.6504], [150.412157, -28.6491], [150.412057, -28.647804], [150.412941, -28.647078], [150.414854, -28.646986], [150.415496, -28.646405], [150.41581, -28.645466], [150.415907, -28.642398], [150.41529, -28.639582], [150.415895, -28.635519], [150.414826, -28.634229], [150.4129, -28.633499], [150.411847, -28.633443], [150.410063, -28.634382], [150.409405, -28.634332], [150.406902, -28.632398], [150.404456, -28.630998], [150.404153, -28.629237], [150.402636, -28.627558], [150.401623, -28.627183], [150.400545, -28.627438], [150.399714, -28.628341], [150.398273, -28.628423], [150.396896, -28.628961], [150.39648, -28.629354], [150.396254, -28.630283], [150.391689, -28.634041], [150.390616, -28.634403], [150.38752, -28.633808], [150.385054, -28.632249], [150.384824, -28.631643], [150.384973, -28.630835], [150.386668, -28.628756], [150.387088, -28.627671], [150.38708, -28.626481], [150.386684, -28.626031], [150.383818, -28.626067], [150.381094, -28.627207], [150.379633, -28.627165], [150.378939, -28.626906], [150.376739, -28.625064], [150.374608, -28.622899], [150.373744, -28.622364], [150.371605, -28.62201], [150.370143, -28.621142], [150.369368, -28.620104], [150.369647, -28.618222], [150.368565, -28.613449], [150.370499, -28.611702], [150.370321, -28.610515], [150.369514, -28.609775], [150.368097, -28.60975], [150.366975, -28.609162], [150.364151, -28.608793], [150.363538, -28.608136], [150.363306, -28.607381], [150.363762, -28.605645], [150.366009, -28.604635], [150.366943, -28.603415], [150.368012, -28.601071], [150.368393, -28.598932], [150.368229, -28.598275], [150.367486, -28.597633], [150.366459, -28.597406], [150.363497, -28.597452], [150.362822, -28.59675], [150.362601, -28.595761], [150.362723, -28.594307], [150.363587, -28.59125], [150.36341, -28.589766], [150.362831, -28.589066], [150.361735, -28.588774], [150.358941, -28.589894], [150.354907, -28.589269], [150.352938, -28.588228], [150.351527, -28.586744], [150.349328, -28.582785], [150.349078, -28.58115], [150.349391, -28.579586], [150.351129, -28.576211], [150.350575, -28.575056], [150.34949, -28.574816], [150.346717, -28.575295], [150.341631, -28.574997], [150.335451, -28.573185], [150.330733, -28.572406], [150.327879, -28.571122], [150.324045, -28.567907], [150.323112, -28.56662], [150.321429, -28.561888], [150.32126, -28.558786], [150.320961, -28.557938], [150.32015, -28.556956], [150.318733, -28.556091], [150.317251, -28.555666], [150.313179, -28.555365], [150.311431, -28.553542], [150.310378, -28.551614], [150.309251, -28.550621], [150.304715, -28.549089], [150.302139, -28.548976], [150.300541, -28.548511], [150.29684, -28.543693], [150.296339, -28.54065], [150.295621, -28.539487], [150.292894, -28.537652], [150.290049, -28.537181], [150.288563, -28.53745], [150.286642, -28.538713], [150.283506, -28.542127], [150.282125, -28.542808], [150.280648, -28.542773], [150.276737, -28.5419], [150.272535, -28.539688], [150.270267, -28.539585], [150.268442, -28.54011], [150.263679, -28.543553], [150.261282, -28.544875], [150.256644, -28.545446], [150.25503, -28.545822], [150.253871, -28.546435], [150.251643, -28.548091], [150.248438, -28.55264], [150.247381, -28.553211], [150.245794, -28.553416], [150.243982, -28.554774], [150.243118, -28.554278], [150.242303, -28.552434], [150.241508, -28.552569], [150.240898, -28.553576], [150.23951, -28.554182], [150.238327, -28.55409], [150.237383, -28.553665], [150.235631, -28.553927], [150.235215, -28.554608], [150.235421, -28.555696], [150.238089, -28.556696], [150.239292, -28.55766], [150.239437, -28.559085], [150.238569, -28.559975], [150.236244, -28.559862], [150.23482, -28.558022], [150.233689, -28.557515], [150.232055, -28.55615], [150.23113, -28.555657], [150.229928, -28.555735], [150.229225, -28.556306], [150.229706, -28.557107], [150.22954, -28.558309], [150.229774, -28.558777], [150.230263, -28.559156], [150.233427, -28.559908], [150.233726, -28.560783], [150.232688, -28.562719], [150.23105, -28.563407], [150.229379, -28.565151], [150.228999, -28.565654], [150.22885, -28.567161], [150.22841, -28.567764], [150.227219, -28.568554], [150.22659, -28.56865], [150.224858, -28.568267], [150.223352, -28.567477], [150.221068, -28.567377], [150.21949, -28.566636], [150.218856, -28.567306], [150.218557, -28.568519], [150.217831, -28.56877], [150.216341, -28.567459], [150.215502, -28.567168], [150.213702, -28.567239], [150.212426, -28.568302], [150.212503, -28.569199], [150.213003, -28.570171], [150.21281, -28.571436], [150.213653, -28.572914], [150.213233, -28.573896], [150.212604, -28.5743], [150.210626, -28.574112], [150.209718, -28.573719], [150.2085, -28.572662], [150.207724, -28.572559], [150.206357, -28.573021], [150.205835, -28.573524], [150.20504, -28.573616], [150.203205, -28.573135], [150.202309, -28.572372], [150.202225, -28.571633], [150.202506, -28.570884], [150.20202, -28.569961], [150.201096, -28.569082], [150.199865, -28.568632], [150.198025, -28.567278], [150.196362, -28.567126], [150.195126, -28.56798], [150.194121, -28.567781], [150.192951, -28.566934], [150.191796, -28.566668], [150.190263, -28.567062], [150.189201, -28.567987], [150.188963, -28.568965], [150.189685, -28.569841], [150.189645, -28.570153], [150.188789, -28.570741], [150.188168, -28.572244], [150.1869, -28.573045], [150.1864, -28.573024], [150.185266, -28.571978], [150.183034, -28.571181], [150.18152, -28.569944], [150.18108, -28.569164], [150.181395, -28.568444], [150.182876, -28.567905], [150.184341, -28.568863], [150.186763, -28.568916], [150.187235, -28.568281], [150.186904, -28.567023], [150.185851, -28.565112], [150.185161, -28.564853], [150.183288, -28.565665], [150.181145, -28.565155], [150.178626, -28.563534], [150.17773, -28.56369], [150.177322, -28.56336], [150.177644, -28.562672], [150.179522, -28.562738], [150.180305, -28.562465], [150.180455, -28.561042], [150.182675, -28.559166], [150.183126, -28.558469], [150.183266, -28.557423], [150.182612, -28.556471], [150.181248, -28.556217], [150.180691, -28.556462], [150.179951, -28.55748], [150.176507, -28.559223], [150.175734, -28.559072], [150.174844, -28.557857], [150.173986, -28.557932], [150.171818, -28.559817], [150.172323, -28.562493], [150.171152, -28.563511], [150.170584, -28.563511], [150.169898, -28.562615], [150.170026, -28.560674], [150.169328, -28.559496], [150.169565, -28.558036], [150.169221, -28.556679], [150.16891, -28.556292], [150.167108, -28.555604], [150.16742, -28.554822], [150.168931, -28.554907], [150.169909, -28.554181], [150.169469, -28.552758], [150.16949, -28.551741], [150.168663, -28.5506], [150.167784, -28.550502], [150.166335, -28.551197], [150.165944, -28.551583], [150.165488, -28.553923], [150.163635, -28.554732], [150.163239, -28.555746], [150.162436, -28.555693], [150.161177, -28.554491], [150.159881, -28.554586], [150.159268, -28.555349], [150.158795, -28.55515], [150.158549, -28.554512], [150.157843, -28.554342], [150.157201, -28.554664], [150.156971, -28.555444], [150.15576, -28.55587], [150.155143, -28.555005], [150.154077, -28.555331], [150.154933, -28.556792], [150.154876, -28.557146], [150.154267, -28.557401], [150.152628, -28.557128], [150.152188, -28.556075], [150.151558, -28.555427], [150.15216, -28.554515], [150.152325, -28.553452], [150.153617, -28.553601], [150.154218, -28.553424], [150.154323, -28.553101], [150.154093, -28.552736], [150.152705, -28.552317], [150.153694, -28.550725], [150.153217, -28.55025], [150.152515, -28.550201], [150.151958, -28.550353], [150.151542, -28.55125], [150.15046, -28.551718], [150.150097, -28.552183], [150.148099, -28.55241], [150.147405, -28.553034], [150.147918, -28.555019], [150.147611, -28.557068], [150.148318, -28.557632], [150.148144, -28.55832], [150.147087, -28.558475], [150.143764, -28.557468], [150.142971, -28.558407], [150.143873, -28.559633], [150.143857, -28.560946], [150.142859, -28.561943], [150.141753, -28.561549], [150.140985, -28.560176], [150.138741, -28.560111], [150.138598, -28.560517], [150.139264, -28.564477], [150.139173, -28.564891], [150.138448, -28.565469], [150.137714, -28.565385], [150.136217, -28.563879], [150.136299, -28.56346], [150.136803, -28.563416], [150.137384, -28.562839], [150.136658, -28.562315], [150.136808, -28.560478], [150.136274, -28.560025], [150.135802, -28.560147], [150.135426, -28.560684], [150.133547, -28.560948], [150.132877, -28.561479], [150.131852, -28.563189], [150.132385, -28.563667], [150.134065, -28.563491], [150.134329, -28.564583], [150.133014, -28.565478], [150.131652, -28.565658], [150.129583, -28.564888], [150.129586, -28.564312], [150.130603, -28.563218], [150.130391, -28.562601], [150.127802, -28.562633], [150.127124, -28.563461], [150.126742, -28.564815], [150.126291, -28.565011], [150.125393, -28.564596], [150.125017, -28.563906], [150.124989, -28.56283], [150.12409, -28.561339], [150.122959, -28.560848], [150.121575, -28.559646], [150.12101, -28.559969], [150.120817, -28.561014], [150.121063, -28.562175], [150.120686, -28.562748], [150.120024, -28.562625], [150.118669, -28.561757], [150.11728, -28.561986], [150.116179, -28.56176], [150.115828, -28.562218], [150.116885, -28.562928], [150.117059, -28.563398], [150.116083, -28.564132], [150.115542, -28.564015], [150.114118, -28.562579], [150.113186, -28.562844], [150.113176, -28.563884], [150.114432, -28.564255], [150.114591, -28.565028], [150.115573, -28.565817], [150.115834, -28.566592], [150.115377, -28.568091], [150.11493, -28.568473], [150.112262, -28.56793], [150.111523, -28.568102], [150.111352, -28.568296], [150.111805, -28.569289], [150.111762, -28.569928], [150.111134, -28.57034], [150.110149, -28.570114], [150.108582, -28.568667], [150.105212, -28.567755], [150.104827, -28.567356], [150.105045, -28.565776], [150.10414, -28.564948], [150.103332, -28.564943], [150.101131, -28.566021], [150.099008, -28.564989], [150.098134, -28.56387], [150.097074, -28.56331], [150.096478, -28.56322], [150.095402, -28.563818], [150.092228, -28.564056], [150.091091, -28.564847], [150.090951, -28.565251], [150.091529, -28.566526], [150.09101, -28.568648], [150.091516, -28.569611], [150.091896, -28.571683], [150.093838, -28.573663], [150.093835, -28.574997], [150.093183, -28.576354], [150.093198, -28.577288], [150.092772, -28.578443], [150.091921, -28.579234], [150.091081, -28.579343], [150.089819, -28.578715], [150.089558, -28.577998], [150.090447, -28.576676], [150.090593, -28.575814], [150.090152, -28.575415], [150.088946, -28.575814], [150.087506, -28.575344], [150.086434, -28.575857], [150.085271, -28.575642], [150.084939, -28.576291], [150.085088, -28.576646], [150.086586, -28.577353], [150.087597, -28.577075], [150.087998, -28.577282], [150.087963, -28.578849], [150.087416, -28.580329], [150.086984, -28.580705], [150.085222, -28.580916], [150.083291, -28.579706], [150.083005, -28.578871], [150.081948, -28.577558], [150.080926, -28.577427], [150.080419, -28.578639], [150.08077, -28.579442], [150.079779, -28.581055], [150.079801, -28.581751], [150.08239, -28.581623], [150.082651, -28.582461], [150.080043, -28.584279], [150.07847, -28.584131], [150.076972, -28.583492], [150.074824, -28.581459], [150.074752, -28.580034], [150.072219, -28.58011], [150.071678, -28.579144], [150.071861, -28.578374], [150.073005, -28.57734], [150.072623, -28.576641], [150.070658, -28.577198], [150.06953, -28.578434], [150.069521, -28.578972], [150.070276, -28.580247], [150.070021, -28.580749], [150.069042, -28.581099], [150.068237, -28.579747], [150.068346, -28.578396], [150.066391, -28.5777], [150.065669, -28.577989], [150.065026, -28.579196], [150.064606, -28.579117], [150.064401, -28.577891], [150.063817, -28.577506], [150.058175, -28.578942], [150.057192, -28.579775], [150.05736, -28.58388], [150.055414, -28.584494], [150.055386, -28.584833], [150.056471, -28.585987], [150.056555, -28.586459], [150.055713, -28.586506], [150.055128, -28.585684], [150.054572, -28.585529], [150.052974, -28.585723], [150.051122, -28.585283], [150.05064, -28.585692], [150.05036, -28.587246], [150.049393, -28.588103], [150.049347, -28.589148], [150.048843, -28.589443], [150.047587, -28.58881], [150.047022, -28.587516], [150.044591, -28.587065], [150.044205, -28.5865], [150.04538, -28.58522], [150.046095, -28.583593], [150.046142, -28.58293], [150.045669, -28.582286], [150.044712, -28.582422], [150.043357, -28.582171], [150.042915, -28.583097], [150.043123, -28.584347], [150.041597, -28.584895], [150.041047, -28.585933], [150.040491, -28.586197], [150.039931, -28.586116], [150.039359, -28.585302], [150.039589, -28.584175], [150.040242, -28.583711], [150.040059, -28.583056], [150.039732, -28.582867], [150.038551, -28.583179], [150.037426, -28.58397], [150.036813, -28.585714], [150.036235, -28.586167], [150.035545, -28.585728], [150.035191, -28.584404], [150.034171, -28.583413], [150.033375, -28.583277], [150.031762, -28.584096], [150.031, -28.583768], [150.029766, -28.582231], [150.030923, -28.581385], [150.031038, -28.580856], [150.03063, -28.58028], [150.027967, -28.57969], [150.026857, -28.57901], [150.026061, -28.579051], [150.025408, -28.579584], [150.024852, -28.581369], [150.024221, -28.581958], [150.021861, -28.582706], [150.020985, -28.582682], [150.019505, -28.581664], [150.01806, -28.580162], [150.015358, -28.580564], [150.015489, -28.581333], [150.017196, -28.582409], [150.017242, -28.583361], [150.016307, -28.583645], [150.01455, -28.582963], [150.013099, -28.583181], [150.012934, -28.58358], [150.015237, -28.585253], [150.015203, -28.585676], [150.014755, -28.585889], [150.012197, -28.585231], [150.011554, -28.585313], [150.01137, -28.586634], [150.010798, -28.586921], [150.00999, -28.588146], [150.009894, -28.589929], [150.008109, -28.591362], [150.007242, -28.591143], [150.006493, -28.590248], [150.00616, -28.586954], [150.005753, -28.586656], [150.005278, -28.586754], [150.004665, -28.587297], [150.004724, -28.588679], [150.001206, -28.590338], [150.001212, -28.590879], [150.001582, -28.591239], [150.003285, -28.591809], [150.003391, -28.592325], [150.002931, -28.592808], [150.000895, -28.592593], [149.998961, -28.591321], [149.998526, -28.591435], [149.998411, -28.591807], [149.999365, -28.593714], [149.999372, -28.594509], [149.998545, -28.595513], [149.997836, -28.595491], [149.997168, -28.595035], [149.996614, -28.594105], [149.996092, -28.593788], [149.995548, -28.593671], [149.994967, -28.593925], [149.994386, -28.594678], [149.994855, -28.596255], [149.993652, -28.597107], [149.993764, -28.597762], [149.994373, -28.598286], [149.994314, -28.598875], [149.99345, -28.600224], [149.992909, -28.600805], [149.991395, -28.601304], [149.987789, -28.601392], [149.986736, -28.602432], [149.985045, -28.602604], [149.984898, -28.603299], [149.987345, -28.604246], [149.987578, -28.604421], [149.987423, -28.605], [149.98668, -28.605098], [149.98442, -28.604107], [149.9823, -28.605289], [149.981917, -28.60569], [149.981656, -28.607988], [149.981224, -28.608315], [149.979347, -28.608313], [149.978517, -28.608777], [149.978271, -28.609816], [149.977382, -28.611184], [149.97728, -28.611866], [149.977768, -28.612796], [149.977245, -28.613577], [149.976524, -28.613604], [149.975825, -28.613252], [149.975828, -28.6121], [149.975203, -28.61162], [149.974078, -28.609303], [149.972253, -28.608127], [149.970991, -28.608223], [149.970708, -28.608474], [149.971193, -28.609874], [149.970879, -28.610228], [149.969455, -28.609674], [149.968986, -28.608968], [149.968352, -28.608684], [149.967547, -28.609767], [149.964734, -28.610883], [149.96271, -28.610395], [149.962415, -28.611328], [149.962968, -28.612139], [149.96271, -28.612543], [149.9594, -28.6109], [149.957034, -28.610081], [149.957096, -28.609423], [149.957898, -28.608272], [149.957538, -28.607933], [149.956723, -28.607871], [149.954305, -28.608425], [149.953546, -28.609074], [149.953758, -28.609661], [149.953086, -28.609936], [149.952334, -28.609623], [149.951666, -28.608569], [149.950916, -28.608332], [149.9499, -28.608848], [149.949471, -28.60989], [149.948629, -28.610752], [149.948604, -28.611244], [149.949505, -28.612368], [149.949583, -28.613047], [149.946499, -28.61289], [149.945927, -28.613301], [149.945531, -28.614541], [149.944964, -28.614537], [149.943997, -28.613738], [149.943198, -28.613915], [149.942996, -28.614723], [149.943366, -28.615492], [149.943092, -28.6168], [149.943242, -28.617637], [149.942548, -28.618382], [149.942104, -28.618396], [149.940099, -28.617438], [149.938299, -28.615809], [149.936962, -28.61525], [149.936882, -28.614507], [149.936366, -28.613831], [149.936673, -28.611077], [149.936061, -28.610381], [149.935197, -28.610237], [149.934168, -28.610646], [149.933385, -28.61281], [149.93285, -28.613026], [149.93054, -28.612002], [149.930146, -28.612229], [149.930317, -28.613222], [149.929623, -28.613449], [149.92824, -28.611317], [149.927015, -28.610621], [149.926633, -28.610537], [149.926027, -28.611085], [149.924923, -28.611413], [149.925225, -28.60959], [149.925007, -28.609006], [149.924252, -28.609069], [149.923472, -28.609576], [149.921967, -28.60968], [149.921992, -28.610379], [149.921554, -28.610613], [149.920105, -28.610228], [149.919828, -28.609683], [149.919387, -28.609568], [149.918796, -28.610092], [149.918047, -28.609885], [149.918165, -28.608919], [149.917332, -28.608141], [149.916328, -28.609601], [149.915843, -28.609792], [149.914358, -28.609377], [149.912859, -28.609977], [149.912272, -28.610761], [149.911628, -28.610016], [149.908411, -28.6106], [149.909278, -28.611585], [149.909511, -28.612327], [149.907805, -28.61469], [149.906984, -28.614851], [149.9069, -28.613768], [149.905958, -28.613394], [149.905268, -28.613863], [149.905228, -28.615239], [149.904805, -28.615389], [149.903751, -28.615039], [149.903158, -28.615558], [149.903136, -28.616295], [149.903611, -28.617239], [149.905464, -28.617782], [149.905716, -28.618388], [149.905048, -28.619144], [149.903518, -28.619908], [149.901261, -28.619198], [149.899384, -28.619657], [149.899235, -28.619948], [149.899931, -28.620775], [149.900282, -28.621766], [149.899682, -28.622194], [149.898302, -28.622159], [149.897506, -28.621747], [149.897233, -28.621086], [149.897544, -28.620044], [149.897432, -28.619244], [149.894942, -28.618838], [149.894957, -28.617214], [149.894187, -28.616131], [149.893782, -28.615973], [149.893158, -28.616035], [149.892241, -28.616723], [149.89086, -28.618289], [149.890671, -28.619223], [149.890102, -28.619378], [149.889549, -28.618928], [149.888961, -28.617119], [149.887833, -28.615984], [149.886866, -28.615719], [149.886708, -28.61513], [149.888862, -28.614016], [149.891156, -28.614131], [149.891349, -28.613754], [149.890425, -28.612665], [149.887994, -28.61278], [149.886496, -28.612499], [149.886151, -28.612916], [149.886897, -28.61388], [149.886481, -28.614344], [149.885576, -28.613806], [149.884818, -28.612507], [149.883472, -28.612368], [149.882909, -28.613536], [149.882325, -28.613727], [149.881908, -28.612783], [149.882632, -28.609964], [149.882203, -28.609822], [149.881044, -28.610507], [149.880534, -28.611331], [149.879263, -28.611293], [149.877994, -28.61207], [149.877491, -28.612005], [149.876885, -28.611255], [149.877656, -28.610138], [149.877472, -28.608845], [149.875756, -28.608285], [149.874861, -28.607426], [149.874622, -28.606932], [149.874923, -28.605423], [149.874787, -28.604145], [149.874143, -28.603515], [149.873727, -28.603515], [149.872443, -28.604511], [149.872023, -28.60584], [149.872561, -28.606569], [149.872063, -28.607393], [149.871532, -28.607475], [149.871118, -28.607041], [149.871153, -28.605783], [149.870879, -28.60551], [149.867942, -28.607505], [149.867541, -28.607246], [149.867046, -28.605838], [149.866366, -28.605344], [149.866866, -28.604443], [149.866639, -28.603933], [149.864727, -28.602857], [149.863353, -28.602909], [149.862123, -28.60241], [149.861743, -28.602606], [149.861787, -28.603024], [149.863092, -28.604514], [149.863192, -28.604997], [149.862667, -28.605349], [149.861091, -28.604639], [149.860447, -28.604841], [149.860453, -28.605379], [149.86091, -28.605958], [149.860649, -28.607164], [149.858725, -28.606989], [149.85824, -28.606572], [149.858032, -28.605494], [149.856695, -28.605436], [149.854386, -28.604383], [149.854081, -28.604669], [149.85442, -28.605652], [149.854243, -28.605854], [149.853372, -28.60611], [149.852738, -28.605936], [149.852216, -28.605292], [149.851069, -28.605756], [149.850786, -28.607235], [149.85022, -28.607854], [149.850326, -28.608643], [149.849981, -28.609041], [149.849033, -28.609333], [149.8482, -28.609219], [149.846767, -28.610433], [149.844942, -28.610591], [149.843602, -28.61001], [149.843372, -28.609407], [149.843602, -28.608313], [149.842676, -28.606995], [149.841725, -28.606239], [149.840686, -28.605966], [149.840351, -28.604926], [149.839204, -28.603908], [149.836499, -28.604356], [149.833972, -28.603469], [149.832676, -28.603853], [149.831423, -28.603807], [149.830686, -28.604058], [149.830046, -28.60477], [149.830121, -28.605936], [149.829564, -28.606563], [149.826888, -28.606825], [149.82672, -28.607311], [149.827283, -28.608354], [149.827053, -28.609044], [149.824834, -28.608742], [149.822187, -28.609118], [149.822206, -28.611238], [149.821833, -28.611708], [149.820146, -28.612377], [149.819569, -28.6141], [149.819483, -28.614731], [149.820353, -28.61572], [149.820425, -28.616343], [149.820157, -28.616691], [149.819331, -28.616832], [149.818411, -28.616323], [149.817735, -28.615098], [149.818046, -28.614119], [149.817306, -28.612734], [149.815954, -28.612282], [149.81577, -28.610799], [149.815147, -28.609282], [149.814171, -28.608182], [149.813478, -28.608283], [149.812831, -28.608842], [149.812505, -28.608657], [149.812586, -28.607688], [149.811656, -28.606067], [149.81069, -28.606553], [149.810637, -28.607549], [149.80801, -28.607502], [149.804917, -28.607928], [149.803282, -28.607652], [149.802607, -28.608261], [149.801669, -28.609885], [149.80133, -28.609964], [149.801087, -28.60944], [149.801293, -28.608946], [149.800749, -28.608302], [149.800062, -28.608056], [149.797733, -28.610414], [149.796888, -28.610578], [149.795797, -28.610166], [149.794908, -28.610198], [149.793817, -28.611517], [149.792592, -28.611143], [149.790755, -28.612019], [149.78658, -28.611803], [149.786238, -28.612], [149.786188, -28.612463], [149.786505, -28.613992], [149.785828, -28.614267], [149.784762, -28.614057], [149.78405, -28.61442], [149.783238, -28.614139], [149.783207, -28.613615], [149.783568, -28.613181], [149.7834, -28.612311], [149.782785, -28.611915], [149.781495, -28.612723], [149.780864, -28.612515], [149.780441, -28.611547], [149.780435, -28.61057], [149.779782, -28.610182], [149.779238, -28.610253], [149.777671, -28.611238], [149.777286, -28.612], [149.777332, -28.612952], [149.776863, -28.61347], [149.775657, -28.613279], [149.775119, -28.6123], [149.775337, -28.61177], [149.774957, -28.609958], [149.774317, -28.609647], [149.773658, -28.609885], [149.772865, -28.60926], [149.772464, -28.609251], [149.772063, -28.609508], [149.771457, -28.611394], [149.772035, -28.611746], [149.773232, -28.611328], [149.77382, -28.612133], [149.773372, -28.612818], [149.773189, -28.614], [149.772579, -28.614513], [149.771588, -28.614761], [149.770929, -28.614472], [149.770584, -28.61382], [149.770646, -28.613047], [149.768992, -28.612308], [149.767724, -28.611339], [149.767472, -28.612084], [149.768249, -28.61373], [149.767811, -28.614477], [149.766055, -28.614264], [149.764976, -28.613069], [149.764594, -28.613424], [149.764159, -28.614709], [149.763618, -28.614696], [149.763155, -28.613937], [149.761871, -28.613915], [149.760702, -28.615288], [149.759888, -28.615484], [149.759241, -28.613484], [149.755539, -28.611667], [149.756437, -28.610611], [149.756263, -28.609917], [149.754665, -28.609857], [149.753661, -28.610578], [149.754028, -28.611402], [149.753661, -28.612133], [149.754264, -28.612354], [149.754295, -28.61293], [149.751983, -28.612682], [149.751715, -28.611533], [149.751283, -28.611148], [149.750767, -28.611178], [149.750491, -28.611568], [149.750826, -28.612589], [149.750537, -28.612783], [149.749309, -28.611465], [149.748594, -28.61171], [149.747811, -28.612644], [149.747332, -28.612534], [149.746938, -28.611986], [149.746484, -28.61203], [149.745278, -28.613967], [149.745212, -28.614777], [149.744075, -28.615536], [149.744631, -28.615836], [149.74575, -28.615814], [149.746347, -28.616445], [149.746425, -28.617403], [149.746077, -28.618137], [149.744989, -28.618726], [149.743099, -28.617291], [149.742897, -28.616709], [149.743061, -28.615899], [149.741924, -28.615782], [149.741529, -28.614556], [149.74198, -28.613738], [149.741759, -28.613435], [149.740643, -28.613768], [149.739173, -28.614698], [149.738865, -28.615629], [149.740413, -28.616568], [149.740267, -28.617097], [149.739403, -28.617433], [149.73824, -28.617474], [149.737407, -28.61716], [149.736869, -28.615935], [149.73584, -28.616543], [149.736111, -28.617626], [149.735197, -28.617662], [149.734759, -28.617313], [149.734765, -28.616568], [149.734501, -28.616338], [149.733304, -28.616191], [149.7334, -28.615064], [149.732847, -28.614586], [149.732284, -28.614922], [149.731725, -28.61689], [149.731038, -28.617258], [149.72981, -28.616761], [149.729493, -28.615356], [149.729002, -28.615321], [149.72796, -28.615959], [149.726313, -28.615754], [149.725831, -28.615244], [149.726192, -28.614164], [149.725896, -28.613681], [149.726064, -28.61332], [149.726841, -28.613118], [149.727252, -28.613416], [149.7281, -28.613031], [149.726748, -28.611828], [149.729201, -28.611738], [149.729558, -28.61135], [149.72953, -28.610853], [149.728165, -28.610305], [149.726316, -28.610403], [149.724709, -28.609363], [149.722897, -28.610048], [149.721174, -28.609426], [149.720491, -28.609775], [149.720441, -28.610703], [149.721134, -28.611282], [149.723409, -28.611879], [149.72372, -28.612526], [149.72331, -28.61314], [149.7223, -28.613277], [149.721467, -28.612946], [149.720764, -28.612256], [149.719235, -28.611596], [149.71857, -28.611653], [149.71736, -28.613058], [149.717531, -28.614013], [149.717146, -28.61469], [149.715738, -28.615214], [149.713866, -28.616726], [149.713447, -28.616619], [149.712524, -28.614958], [149.712738, -28.614264], [149.713947, -28.613361], [149.714121, -28.612843], [149.713543, -28.61239], [149.712974, -28.612373], [149.711945, -28.613012], [149.712063, -28.613342], [149.711003, -28.614475], [149.70981, -28.613056], [149.707736, -28.61427], [149.706655, -28.61514], [149.706443, -28.617288], [149.705825, -28.618038], [149.705483, -28.617995], [149.705107, -28.617168], [149.704501, -28.616704], [149.704022, -28.616669], [149.704093, -28.617695], [149.703422, -28.61904], [149.703484, -28.619441], [149.703773, -28.61976], [149.70465, -28.619929], [149.705007, -28.620767], [149.705629, -28.62107], [149.705921, -28.621908], [149.706776, -28.621621], [149.707395, -28.620101], [149.70985, -28.619817], [149.710208, -28.620391], [149.708653, -28.621853], [149.707873, -28.621949], [149.707233, -28.622784], [149.705551, -28.622707], [149.705421, -28.623054], [149.705722, -28.623799], [149.706574, -28.624885], [149.70621, -28.625831], [149.704177, -28.625122], [149.703357, -28.625422], [149.703245, -28.626295], [149.704187, -28.62764], [149.705473, -28.627665], [149.706627, -28.626642], [149.707059, -28.626852], [149.707161, -28.627479], [149.705023, -28.629599], [149.705265, -28.629799], [149.706639, -28.629561], [149.70677, -28.630314], [149.705728, -28.631534], [149.704678, -28.633566], [149.703938, -28.633916], [149.702429, -28.633944], [149.701284, -28.633114], [149.70028, -28.63317], [149.700185, -28.632278], [149.701128, -28.631063], [149.700879, -28.630635], [149.700104, -28.630351], [149.698553, -28.631791], [149.69842, -28.633325], [149.698135, -28.633381], [149.697176, -28.632473], [149.696505, -28.632319], [149.696446, -28.631858], [149.696908, -28.631309], [149.696056, -28.631187], [149.695205, -28.63175], [149.694483, -28.633609], [149.694158, -28.633629], [149.693041, -28.632058], [149.691867, -28.633132], [149.691428, -28.634279], [149.69111, -28.63432], [149.690732, -28.632827], [149.689991, -28.63168], [149.690447, -28.630909], [149.688842, -28.630438], [149.688961, -28.629929], [149.690472, -28.629242], [149.690432, -28.628789], [149.689471, -28.628393], [149.687821, -28.629403], [149.687766, -28.630615], [149.688536, -28.631911], [149.687964, -28.632838], [149.686634, -28.632495], [149.685834, -28.631274], [149.686183, -28.630535], [149.685942, -28.629731], [149.685364, -28.629481], [149.684549, -28.629916], [149.684564, -28.6308], [149.683348, -28.631496], [149.682197, -28.63143], [149.681317, -28.630772], [149.680563, -28.630616], [149.680188, -28.63122], [149.679852, -28.632771], [149.679998, -28.633225], [149.681606, -28.633305], [149.681729, -28.633909], [149.680755, -28.634428], [149.679919, -28.634352], [149.678818, -28.632692], [149.678446, -28.633787], [149.678799, -28.634528], [149.678452, -28.635035], [149.67799, -28.635013], [149.677053, -28.633855], [149.677184, -28.631911], [149.676842, -28.6314], [149.675421, -28.631689], [149.675372, -28.632401], [149.675134, -28.632469], [149.674435, -28.631687], [149.674161, -28.631737], [149.67338, -28.632929], [149.673346, -28.633609], [149.672613, -28.633953], [149.671965, -28.633583], [149.671613, -28.632569], [149.67183, -28.632252], [149.672647, -28.6321], [149.672658, -28.630724], [149.671778, -28.630774], [149.670733, -28.632735], [149.669505, -28.633175], [149.668636, -28.632464], [149.666271, -28.631904], [149.665985, -28.631129], [149.666158, -28.630717], [149.66671, -28.630571], [149.667601, -28.630901], [149.669393, -28.630684], [149.669849, -28.630322], [149.669382, -28.629686], [149.669559, -28.629178], [149.670771, -28.629267], [149.67134, -28.629112], [149.67157, -28.628671], [149.671592, -28.627878], [149.670905, -28.627327], [149.669614, -28.627549], [149.668711, -28.628274], [149.668115, -28.628069], [149.667971, -28.627789], [149.668341, -28.627233], [149.668148, -28.62663], [149.668593, -28.626296], [149.670144, -28.626202], [149.671141, -28.626776], [149.67281, -28.626738], [149.673169, -28.626112], [149.672499, -28.625514], [149.672407, -28.624888], [149.673195, -28.624212], [149.673169, -28.623946], [149.670443, -28.623704], [149.670138, -28.623414], [149.670196, -28.622583], [149.669537, -28.622698], [149.669318, -28.622454], [149.669666, -28.621841], [149.670964, -28.621561], [149.670986, -28.62114], [149.669634, -28.621036], [149.669398, -28.62017], [149.66855, -28.620043], [149.668261, -28.619506], [149.667263, -28.619261], [149.666421, -28.619708], [149.666174, -28.618489], [149.664645, -28.618719], [149.663497, -28.617636], [149.663685, -28.616445], [149.664624, -28.615748], [149.663658, -28.615178], [149.663791, -28.61486], [149.66347, -28.614234], [149.664296, -28.61336], [149.663975, -28.612936], [149.664027, -28.612261], [149.663378, -28.611805], [149.662707, -28.611931], [149.66182, -28.610474], [149.660804, -28.610399], [149.660692, -28.609672], [149.660078, -28.60951], [149.659299, -28.610649], [149.657546, -28.611596], [149.658988, -28.613141], [149.658016, -28.613818], [149.657872, -28.614633], [149.65657, -28.614332], [149.656682, -28.615619], [149.656324, -28.615924], [149.653685, -28.613365], [149.650983, -28.613812], [149.6504, -28.613491], [149.649765, -28.612574], [149.647552, -28.612301], [149.647187, -28.612103], [149.647195, -28.611794], [149.647863, -28.611099], [149.647797, -28.610632], [149.646045, -28.610289], [149.645357, -28.609505], [149.645329, -28.608667], [149.644658, -28.60755], [149.644586, -28.607101], [149.644941, -28.60664], [149.645811, -28.606325], [149.645844, -28.605856], [149.645272, -28.604779], [149.645437, -28.603925], [149.643128, -28.601838], [149.643001, -28.600743], [149.641981, -28.60032], [149.64225, -28.599751], [149.642093, -28.599197], [149.641146, -28.599236], [149.640603, -28.600566], [149.640143, -28.600214], [149.640468, -28.5987], [149.639628, -28.598189], [149.63868, -28.598222], [149.638199, -28.598663], [149.638171, -28.599469], [149.637722, -28.599734], [149.635906, -28.599547], [149.635765, -28.599186], [149.636185, -28.598303], [149.635399, -28.598155], [149.634606, -28.597273], [149.635321, -28.596003], [149.634872, -28.595449], [149.634025, -28.595801], [149.63339, -28.596732], [149.63237, -28.596165], [149.631938, -28.596632], [149.631885, -28.597816], [149.630954, -28.598164], [149.630352, -28.597482], [149.630171, -28.596491], [149.630207, -28.596148], [149.630743, -28.595751], [149.630675, -28.595251], [149.629622, -28.594943], [149.628638, -28.595807], [149.627173, -28.596276], [149.625852, -28.594656], [149.625444, -28.593559], [149.624999, -28.593516], [149.624182, -28.594441], [149.624273, -28.595227], [149.623772, -28.595444], [149.622706, -28.59481], [149.621623, -28.595888], [149.620743, -28.596228], [149.619683, -28.596176], [149.620207, -28.597317], [149.620087, -28.597796], [149.61912, -28.598113], [149.61863, -28.59888], [149.617167, -28.598556], [149.615804, -28.598678], [149.61353, -28.599927], [149.612477, -28.599669], [149.611997, -28.59994], [149.611628, -28.600972], [149.610967, -28.601097], [149.609608, -28.600073], [149.609483, -28.599519], [149.609637, -28.599141], [149.610406, -28.598802], [149.610309, -28.597412], [149.609135, -28.597725], [149.607856, -28.597384], [149.60687, -28.598137], [149.605935, -28.59832], [149.605109, -28.598075], [149.604919, -28.597651], [149.604886, -28.597188], [149.605411, -28.596621], [149.605071, -28.595471], [149.606577, -28.593972], [149.60615, -28.593032], [149.606068, -28.59189], [149.604318, -28.590882], [149.603307, -28.58904], [149.604001, -28.588237], [149.605736, -28.588537], [149.606068, -28.588124], [149.605973, -28.58775], [149.604151, -28.587054], [149.603585, -28.586117], [149.603296, -28.586055], [149.602802, -28.586539], [149.602688, -28.587588], [149.602308, -28.587792], [149.600708, -28.587201], [149.598502, -28.588061], [149.598215, -28.588891], [149.597749, -28.588899], [149.597274, -28.586871], [149.597632, -28.584889], [149.596908, -28.584446], [149.596936, -28.584146], [149.597641, -28.583523], [149.598922, -28.583559], [149.599252, -28.583179], [149.598789, -28.582298], [149.599266, -28.581362], [149.598574, -28.580713], [149.598327, -28.579851], [149.597628, -28.578867], [149.596851, -28.578874], [149.596419, -28.579549], [149.596013, -28.579406], [149.59602, -28.578251], [149.594086, -28.576516], [149.593161, -28.576081], [149.590006, -28.575845], [149.589349, -28.57546], [149.588796, -28.573973], [149.587236, -28.573376], [149.586238, -28.573596], [149.58522, -28.574418], [149.584416, -28.574636], [149.58327, -28.574284], [149.582985, -28.573758], [149.581197, -28.572946], [149.579753, -28.57264], [149.578773, -28.572818], [149.578151, -28.573823], [149.577553, -28.573943], [149.577209, -28.573624], [149.577137, -28.572751], [149.576289, -28.572499], [149.575915, -28.57274], [149.575543, -28.573708], [149.574824, -28.574112], [149.574, -28.574112], [149.573329, -28.573836], [149.572924, -28.572412], [149.572364, -28.571904], [149.568379, -28.571591], [149.567368, -28.573944], [149.566984, -28.573999], [149.565973, -28.572668], [149.565598, -28.572536], [149.565039, -28.573094], [149.565007, -28.57414], [149.56446, -28.574967], [149.563141, -28.575212], [149.56225, -28.574121], [149.561617, -28.574496], [149.560125, -28.576231], [149.559235, -28.576597], [149.557722, -28.576646], [149.557551, -28.5774], [149.558731, -28.578867], [149.557593, -28.579906], [149.556532, -28.578754], [149.553335, -28.577351], [149.552905, -28.577616], [149.55269, -28.578313], [149.553731, -28.580056], [149.553646, -28.580516], [149.552809, -28.580874], [149.551854, -28.580151], [149.550748, -28.578549], [149.551017, -28.577454], [149.550319, -28.576891], [149.549676, -28.576721], [149.548979, -28.577068], [149.547734, -28.57703], [149.544901, -28.575704], [149.544547, -28.575817], [149.544258, -28.576776], [149.543603, -28.577013], [149.542466, -28.575336], [149.541962, -28.575146], [149.5412, -28.575438], [149.540342, -28.575353], [149.539336, -28.574935], [149.537881, -28.575], [149.537369, -28.575364], [149.537632, -28.576235], [149.536849, -28.576447], [149.536371, -28.57592], [149.536527, -28.575331], [149.536255, -28.57463], [149.53582, -28.574517], [149.535084, -28.575039], [149.53452, -28.576513], [149.533267, -28.576213], [149.53287, -28.576312], [149.532295, -28.57705], [149.530959, -28.576132], [149.529859, -28.574582], [149.529038, -28.574445], [149.526646, -28.575255], [149.526243, -28.575722], [149.527461, -28.576918], [149.527385, -28.577705], [149.525165, -28.579538], [149.521937, -28.579251], [149.52148, -28.579604], [149.521474, -28.580301], [149.519534, -28.581338], [149.518874, -28.581145], [149.518305, -28.580109], [149.518719, -28.579614], [149.518588, -28.579095], [149.517639, -28.57901], [149.517072, -28.579331], [149.516986, -28.580231], [149.516282, -28.579599], [149.515489, -28.579454], [149.515021, -28.580131], [149.515032, -28.581653], [149.513744, -28.581926], [149.513011, -28.581164], [149.513154, -28.580711], [149.512861, -28.579934], [149.513589, -28.578289], [149.513068, -28.577027], [149.512355, -28.576466], [149.511498, -28.576076], [149.511014, -28.576542], [149.510789, -28.577512], [149.51013, -28.57756], [149.507888, -28.575662], [149.507259, -28.575637], [149.506675, -28.576415], [149.505334, -28.576133], [149.504426, -28.5755], [149.504099, -28.574497], [149.503627, -28.574257], [149.503033, -28.574526], [149.502769, -28.575095], [149.502892, -28.576353], [149.503756, -28.57844], [149.503214, -28.580381], [149.502851, -28.580726], [149.501129, -28.579765], [149.499877, -28.577974], [149.499175, -28.577738], [149.498617, -28.578181], [149.49852, -28.578751], [149.4972, -28.580772], [149.496578, -28.580861], [149.496268, -28.580551], [149.496435, -28.579864], [149.497206, -28.579137], [149.496966, -28.578314], [149.495287, -28.578837], [149.494985, -28.579434], [149.493275, -28.580222], [149.491954, -28.581427], [149.492401, -28.582643], [149.491005, -28.583645], [149.490325, -28.584753], [149.489563, -28.584706], [149.48878, -28.583769], [149.487807, -28.584272], [149.48738, -28.583335], [149.486452, -28.58294], [149.485973, -28.582256], [149.484252, -28.582511], [149.483795, -28.583268], [149.483303, -28.583345], [149.481847, -28.582497], [149.481214, -28.582723], [149.481085, -28.583278], [149.481868, -28.58439], [149.482577, -28.586538], [149.481353, -28.587094], [149.481375, -28.588517], [149.480717, -28.589306], [149.480881, -28.589873], [149.480012, -28.590391], [149.479955, -28.59135], [149.479408, -28.591388], [149.478371, -28.588196], [149.477695, -28.587697], [149.477176, -28.587723], [149.476719, -28.58911], [149.476972, -28.591633], [149.476343, -28.592238], [149.475502, -28.592528], [149.475764, -28.593387], [149.47532, -28.59379], [149.473189, -28.593867], [149.472524, -28.593425], [149.472288, -28.592699], [149.471537, -28.592351], [149.471236, -28.592501], [149.470936, -28.59399], [149.469798, -28.594386], [149.46928, -28.593922], [149.469269, -28.592245], [149.46869, -28.591793], [149.468339, -28.59188], [149.466855, -28.59395], [149.467781, -28.595638], [149.467885, -28.596221], [149.467359, -28.59655], [149.466201, -28.5959], [149.464702, -28.593142], [149.464312, -28.593027], [149.463186, -28.59346], [149.46246, -28.593255], [149.462267, -28.592021], [149.461795, -28.591437], [149.461022, -28.591635], [149.459162, -28.594158], [149.457986, -28.594037], [149.456677, -28.593095], [149.456437, -28.592622], [149.455804, -28.592707], [149.455375, -28.593225], [149.455357, -28.593792], [149.455948, -28.595346], [149.455765, -28.595846], [149.455336, -28.596025], [149.454521, -28.595365], [149.45294, -28.594704], [149.452446, -28.594883], [149.45304, -28.597296], [149.453984, -28.599086], [149.452242, -28.600205], [149.452579, -28.602044], [149.451781, -28.604237], [149.45053, -28.60536], [149.447751, -28.604719], [149.446985, -28.605358], [149.447096, -28.606151], [149.44671, -28.606386], [149.445301, -28.605951], [149.443981, -28.606243], [149.443531, -28.606667], [149.443373, -28.607432], [149.444586, -28.608543], [149.444521, -28.609033], [149.442197, -28.609145], [149.440274, -28.610913], [149.439035, -28.611643], [149.438984, -28.612346], [149.439588, -28.613962], [149.438718, -28.615509], [149.440073, -28.616132], [149.441116, -28.615811], [149.441295, -28.61623], [149.441173, -28.617225], [149.440063, -28.618259], [149.440004, -28.618733], [149.440443, -28.619111], [149.443007, -28.619382], [149.443311, -28.61974], [149.443119, -28.620195], [149.442431, -28.621035], [149.440088, -28.621494], [149.440058, -28.622391], [149.43959, -28.622686], [149.438074, -28.622682], [149.43799, -28.624428], [149.435514, -28.624859], [149.435328, -28.626088], [149.435013, -28.626423], [149.432643, -28.626427], [149.432417, -28.626968], [149.432885, -28.627754], [149.43279, -28.628072], [149.431604, -28.627731], [149.43073, -28.626232], [149.430137, -28.626192], [149.429715, -28.628447], [149.428191, -28.629419], [149.428281, -28.629771], [149.429523, -28.630064], [149.429753, -28.630401], [149.428543, -28.631319], [149.428503, -28.631724], [149.428972, -28.632175], [149.43126, -28.63296], [149.431404, -28.634426], [149.432755, -28.634348], [149.433092, -28.634865], [149.432987, -28.635497], [149.431836, -28.635589], [149.430988, -28.636362], [149.431235, -28.636784], [149.432681, -28.637058], [149.432744, -28.637601], [149.431556, -28.638135], [149.43088, -28.637933], [149.430473, -28.637301], [149.429704, -28.637486], [149.429913, -28.638935], [149.430988, -28.640062], [149.430312, -28.64024], [149.429255, -28.63953], [149.429018, -28.639737], [149.429063, -28.640664], [149.430701, -28.641885], [149.430869, -28.643145], [149.429664, -28.643589], [149.428239, -28.643511], [149.428047, -28.644336], [149.427519, -28.644847], [149.428558, -28.646583], [149.428505, -28.646974], [149.427743, -28.647411], [149.426757, -28.646966], [149.425664, -28.646979], [149.42548, -28.648026], [149.426306, -28.649527], [149.426213, -28.650073], [149.42532, -28.650603], [149.424663, -28.650616], [149.423452, -28.649666], [149.422831, -28.64956], [149.421182, -28.650371], [149.419103, -28.65001], [149.418691, -28.650199], [149.418394, -28.65114], [149.417214, -28.650986], [149.416808, -28.651331], [149.417129, -28.652628], [149.418917, -28.653984], [149.422968, -28.653646], [149.423555, -28.65425], [149.42335, -28.655128], [149.421157, -28.656223], [149.419369, -28.655501], [149.418305, -28.655391], [149.417448, -28.654615], [149.417068, -28.654669], [149.41706, -28.656877], [149.416673, -28.657522], [149.416015, -28.657922], [149.416006, -28.658255], [149.417528, -28.659848], [149.417212, -28.66105], [149.415985, -28.661769], [149.415833, -28.662152], [149.416274, -28.662721], [149.415514, -28.662871], [149.414993, -28.66249], [149.412975, -28.662273], [149.41053, -28.663479], [149.410191, -28.663931], [149.410309, -28.664555], [149.411312, -28.665294], [149.411442, -28.665807], [149.411229, -28.66644], [149.410303, -28.66674], [149.410712, -28.667542], [149.4112, -28.667522], [149.4125, -28.666674], [149.412916, -28.665442], [149.413566, -28.665022], [149.41421, -28.66514], [149.414033, -28.665857], [149.414273, -28.667096], [149.413775, -28.667565], [149.412238, -28.668046], [149.410262, -28.669397], [149.409329, -28.669652], [149.406885, -28.672043], [149.406484, -28.672964], [149.404305, -28.673432], [149.404449, -28.673971], [149.405656, -28.674431], [149.405737, -28.675012], [149.405386, -28.675395], [149.401865, -28.676201], [149.401162, -28.67596], [149.40009, -28.674849], [149.398975, -28.674697], [149.397586, -28.675871], [149.396425, -28.677694], [149.395669, -28.677588], [149.394781, -28.676959], [149.393835, -28.677468], [149.393683, -28.677864], [149.394342, -28.680294], [149.392974, -28.681739], [149.392811, -28.682255], [149.392972, -28.68297], [149.39412, -28.684148], [149.393947, -28.686591], [149.392805, -28.688235], [149.391572, -28.691366], [149.390472, -28.69269], [149.387998, -28.694282], [149.387482, -28.695247], [149.387666, -28.695961], [149.387485, -28.696172], [149.386882, -28.696259], [149.385335, -28.694913], [149.385011, -28.693808], [149.385608, -28.693113], [149.385433, -28.692707], [149.384452, -28.693084], [149.384056, -28.692964], [149.384369, -28.69229], [149.385137, -28.691884], [149.385179, -28.691389], [149.383784, -28.691102], [149.383927, -28.690467], [149.383728, -28.690175], [149.381218, -28.690834], [149.380924, -28.689792], [149.380055, -28.690596], [149.379469, -28.69062], [149.378614, -28.689863], [149.379277, -28.688993], [149.378752, -28.688475], [149.378375, -28.688579], [149.37712, -28.690091], [149.37729, -28.690445], [149.378348, -28.691002], [149.378383, -28.691474], [149.37669, -28.692076], [149.375878, -28.69279], [149.374906, -28.691585], [149.374823, -28.690501], [149.37353, -28.690264], [149.373292, -28.689078], [149.372723, -28.688978], [149.372158, -28.689614], [149.371042, -28.689808], [149.370944, -28.689452], [149.371385, -28.688921], [149.371473, -28.688136], [149.36895, -28.687415], [149.367459, -28.688903], [149.36786, -28.689612], [149.368773, -28.690069], [149.36889, -28.691853], [149.366892, -28.692399], [149.365875, -28.691339], [149.364974, -28.689296], [149.363766, -28.689483], [149.363324, -28.689241], [149.362121, -28.685013], [149.361627, -28.684444], [149.360573, -28.684055], [149.358575, -28.684063], [149.358007, -28.684273], [149.35683, -28.686073], [149.354951, -28.686747], [149.354767, -28.687944], [149.353456, -28.687814], [149.352333, -28.688278], [149.351951, -28.688829], [149.351857, -28.689981], [149.352568, -28.690702], [149.351276, -28.692662], [149.350584, -28.692588], [149.350239, -28.691585], [149.34955, -28.690954], [149.348514, -28.690708], [149.347684, -28.690923], [149.346893, -28.693351], [149.345574, -28.694211], [149.345632, -28.695098], [149.346284, -28.695575], [149.347322, -28.695427], [149.34743, -28.695648], [149.346605, -28.696827], [149.342485, -28.696302], [149.341098, -28.696461], [149.340723, -28.695509], [149.340125, -28.694956], [149.339332, -28.695315], [149.338116, -28.696811], [149.33661, -28.697432], [149.335988, -28.698171], [149.335357, -28.698367], [149.331343, -28.697253], [149.330625, -28.697345], [149.329115, -28.698654], [149.328941, -28.699206], [149.331603, -28.701399], [149.332021, -28.702397], [149.330465, -28.703741], [149.328503, -28.704089], [149.327782, -28.705142], [149.328648, -28.707378], [149.324982, -28.706895], [149.322844, -28.707807], [149.322385, -28.707391], [149.322596, -28.706415], [149.322111, -28.705885], [149.319989, -28.705865], [149.319312, -28.707824], [149.319795, -28.708946], [149.320549, -28.709244], [149.322259, -28.708929], [149.322512, -28.709186], [149.321828, -28.709979], [149.320803, -28.710321], [149.320215, -28.710852], [149.318866, -28.710884], [149.318512, -28.711135], [149.318661, -28.712065], [149.318414, -28.713897], [149.317708, -28.713892], [149.316107, -28.713146], [149.316256, -28.712572], [149.317283, -28.712133], [149.317391, -28.711835], [149.316169, -28.711065], [149.315523, -28.711102], [149.315495, -28.710208], [149.313938, -28.710976], [149.314643, -28.711646], [149.314535, -28.712133], [149.313765, -28.712131], [149.312544, -28.710829], [149.311917, -28.711622], [149.311565, -28.711542], [149.311586, -28.710818], [149.31129, -28.710537], [149.310699, -28.710609], [149.310338, -28.710977], [149.311041, -28.712114], [149.310138, -28.712238], [149.309359, -28.711498], [149.309473, -28.710304], [149.308702, -28.710592], [149.30827, -28.711905], [149.307719, -28.711833], [149.306663, -28.711109], [149.305631, -28.711612], [149.305074, -28.711272], [149.305025, -28.710205], [149.304588, -28.710007], [149.303659, -28.710205], [149.302064, -28.708574], [149.300947, -28.708558], [149.301445, -28.709696], [149.300734, -28.710094], [149.299404, -28.710276], [149.298707, -28.709763], [149.298116, -28.710322], [149.29793, -28.709248], [149.296744, -28.709748], [149.296035, -28.710953], [149.295342, -28.7115], [149.294884, -28.711583], [149.294118, -28.711044], [149.293683, -28.711281], [149.292875, -28.71314], [149.293035, -28.714291], [149.292507, -28.71545], [149.291775, -28.715495], [149.291654, -28.716517], [149.290859, -28.716572], [149.290603, -28.717054], [149.291397, -28.718822], [149.290118, -28.718705], [149.289351, -28.718977], [149.288397, -28.720921], [149.287319, -28.72069], [149.287251, -28.721341], [149.286594, -28.721754], [149.287838, -28.725194], [149.287164, -28.726795], [149.286795, -28.726902], [149.286223, -28.7266], [149.284923, -28.725327], [149.284515, -28.726265], [149.282402, -28.728076], [149.283417, -28.728683], [149.282674, -28.729138], [149.282725, -28.729621], [149.283643, -28.730169], [149.284439, -28.731097], [149.284768, -28.731182], [149.285351, -28.73076], [149.28587, -28.730921], [149.286016, -28.731234], [149.285706, -28.731889], [149.284568, -28.732455], [149.283973, -28.733157], [149.282512, -28.733299], [149.28228, -28.733072], [149.282706, -28.731954], [149.280813, -28.73187], [149.280785, -28.730797], [149.28007, -28.730697], [149.279658, -28.731287], [149.279704, -28.731858], [149.280135, -28.732398], [149.279882, -28.732585], [149.278934, -28.732378], [149.278889, -28.732722], [149.279394, -28.733242], [149.278997, -28.733681], [149.278231, -28.733649], [149.277771, -28.733318], [149.277515, -28.732777], [149.277944, -28.732231], [149.277247, -28.731634], [149.276517, -28.732226], [149.276418, -28.733011], [149.275563, -28.73344], [149.274921, -28.733088], [149.273994, -28.733729], [149.2735, -28.733172], [149.272576, -28.733505], [149.27189, -28.733237], [149.27156, -28.733901], [149.270695, -28.73451], [149.27137, -28.735219], [149.271018, -28.7362], [149.271153, -28.736524], [149.271814, -28.736529], [149.272179, -28.737024], [149.273452, -28.736033], [149.273887, -28.737166], [149.272871, -28.73764], [149.272945, -28.738895], [149.272624, -28.739184], [149.27296, -28.739946], [149.271594, -28.7408], [149.270944, -28.740825], [149.270697, -28.741473], [149.270002, -28.741753], [149.269295, -28.743269], [149.268204, -28.74365], [149.267769, -28.742704], [149.266329, -28.743254], [149.265787, -28.742706], [149.265882, -28.741225], [149.265341, -28.740124], [149.264204, -28.739991], [149.263406, -28.740405], [149.262945, -28.740187], [149.263102, -28.738871], [149.264377, -28.739152], [149.264588, -28.738906], [149.263695, -28.73841], [149.26391, -28.737622], [149.263055, -28.736613], [149.263851, -28.735626], [149.261932, -28.735441], [149.263123, -28.734571], [149.262086, -28.734129], [149.261115, -28.734738], [149.261369, -28.735665], [149.260685, -28.735841], [149.259929, -28.735497], [149.259013, -28.736387], [149.257681, -28.736826], [149.256718, -28.737542], [149.25724, -28.738164], [149.257303, -28.739535], [149.256602, -28.73967], [149.25615, -28.738847], [149.255407, -28.739041], [149.255017, -28.738314], [149.254643, -28.738397], [149.253436, -28.740763], [149.253752, -28.741327], [149.253573, -28.742241], [149.252644, -28.741921], [149.252034, -28.741146], [149.251895, -28.739646], [149.25109, -28.740448], [149.250178, -28.739889], [149.249682, -28.739894], [149.249454, -28.74075], [149.249898, -28.741138], [149.249115, -28.741568], [149.248621, -28.741305], [149.248659, -28.740483], [149.24727, -28.739796], [149.24736, -28.73943], [149.248177, -28.739086], [149.248228, -28.738786], [149.247168, -28.738601], [149.246056, -28.739261], [149.245351, -28.738956], [149.24591, -28.740185], [149.245604, -28.741577], [149.244088, -28.741507], [149.243641, -28.741762], [149.243816, -28.742232], [149.244703, -28.742856], [149.244639, -28.743256], [149.243563, -28.743398], [149.242229, -28.744076], [149.241977, -28.744818], [149.240713, -28.745749], [149.243001, -28.746587], [149.243255, -28.746754], [149.24317, -28.747142], [149.241996, -28.747376], [149.240565, -28.746306], [149.239693, -28.747585], [149.239413, -28.748795], [149.238002, -28.74774], [149.237631, -28.748538], [149.23659, -28.748566], [149.236768, -28.750305], [149.236356, -28.750761], [149.234612, -28.749652], [149.23407, -28.749583], [149.233147, -28.750076], [149.233173, -28.749099], [149.232793, -28.748945], [149.231993, -28.75012], [149.232347, -28.751671], [149.231395, -28.751662], [149.230863, -28.750751], [149.230426, -28.750685], [149.230082, -28.751641], [149.230498, -28.752226], [149.231089, -28.754512], [149.23179, -28.755624], [149.231345, -28.756363], [149.230608, -28.756475], [149.229375, -28.754978], [149.228567, -28.755069], [149.228111, -28.756211], [149.228668, -28.757577], [149.230065, -28.757715], [149.230325, -28.758287], [149.229552, -28.759007], [149.228543, -28.758544], [149.227697, -28.759029], [149.227619, -28.76113], [149.22855, -28.761474], [149.228607, -28.761894], [149.227425, -28.761938], [149.226491, -28.761046], [149.225482, -28.761], [149.225111, -28.761465], [149.225605, -28.76209], [149.225485, -28.763095], [149.223768, -28.762382], [149.223743, -28.76286], [149.224832, -28.764107], [149.224611, -28.76466], [149.22421, -28.764686], [149.223454, -28.764042], [149.222272, -28.764244], [149.222025, -28.765628], [149.221607, -28.765908], [149.220678, -28.765898], [149.219937, -28.765613], [149.219853, -28.763613], [149.219, -28.762806], [149.216847, -28.763141], [149.216158, -28.762945], [149.215787, -28.76407], [149.214195, -28.763406], [149.213494, -28.764042], [149.213908, -28.765504], [149.21319, -28.765623], [149.21227, -28.764938], [149.211915, -28.76499], [149.211645, -28.765471], [149.212097, -28.766407], [149.210543, -28.767484], [149.210163, -28.768417], [149.209239, -28.767773], [149.208318, -28.765993], [149.207246, -28.765715], [149.206841, -28.765911], [149.20649, -28.766707], [149.206832, -28.768224], [149.207592, -28.768972], [149.207457, -28.769405], [149.207086, -28.769508], [149.206575, -28.769035], [149.205587, -28.76902], [149.204915, -28.768587], [149.202292, -28.770556], [149.201515, -28.770504], [149.199948, -28.769486], [149.199298, -28.769934], [149.198065, -28.769897], [149.197905, -28.770978], [149.197563, -28.77107], [149.196769, -28.770796], [149.194532, -28.770922], [149.193561, -28.771577], [149.193438, -28.772051], [149.193822, -28.773061], [149.193514, -28.773949], [149.192552, -28.773909], [149.188651, -28.775082], [149.188292, -28.775711], [149.188406, -28.777058], [149.191158, -28.778438], [149.191372, -28.779531], [149.192368, -28.780745], [149.191982, -28.781144], [149.191138, -28.78128], [149.190354, -28.781973], [149.189121, -28.781619], [149.186092, -28.782012], [149.186022, -28.782359], [149.186692, -28.78298], [149.187026, -28.78384], [149.186937, -28.784926], [149.186201, -28.7852], [149.186963, -28.78631], [149.186045, -28.787812], [149.184204, -28.789384], [149.183988, -28.790512], [149.184364, -28.790974], [149.186945, -28.79226], [149.186844, -28.794048], [149.186547, -28.794579], [149.183138, -28.794626], [149.182918, -28.795483], [149.183577, -28.796976], [149.181777, -28.79685], [149.181681, -28.798358], [149.180506, -28.7983], [149.179582, -28.79867], [149.179432, -28.799304], [149.179682, -28.800434], [149.17925, -28.801755], [149.179465, -28.802609], [149.179195, -28.803032], [149.177653, -28.803183], [149.176795, -28.80267], [149.175641, -28.802485], [149.175345, -28.802813], [149.175352, -28.803449], [149.173991, -28.803649], [149.172553, -28.804765], [149.171759, -28.806243], [149.171167, -28.806408], [149.170442, -28.806126], [149.169964, -28.806453], [149.169398, -28.808044], [149.168547, -28.80768], [149.167503, -28.808027], [149.167202, -28.80713], [149.166706, -28.807079], [149.16687, -28.808534], [149.166578, -28.808761], [149.166136, -28.808597], [149.165744, -28.807963], [149.164364, -28.808144], [149.163656, -28.806967], [149.162886, -28.807123], [149.163234, -28.805914], [149.162459, -28.805865], [149.161729, -28.806834], [149.160851, -28.806847], [149.16053, -28.807114], [149.160605, -28.807468], [149.1613, -28.807794], [149.161402, -28.808275], [149.160764, -28.810313], [149.160022, -28.810853], [149.158707, -28.81009], [149.158526, -28.809092], [149.157313, -28.80944], [149.154706, -28.809497], [149.153967, -28.808116], [149.152922, -28.808144], [149.151066, -28.8074], [149.150451, -28.807488], [149.149949, -28.808411], [149.148139, -28.80851], [149.147796, -28.808213], [149.148325, -28.805775], [149.14664, -28.805985], [149.14617, -28.806302], [149.147039, -28.808462], [149.146227, -28.80859], [149.14565, -28.809456], [149.144903, -28.808945], [149.144472, -28.807772], [149.143327, -28.808229], [149.142729, -28.808181], [149.1429, -28.807471], [149.143337, -28.807103], [149.144602, -28.806765], [149.144467, -28.806446], [149.142995, -28.80562], [149.141796, -28.806893], [149.140826, -28.807017], [149.13957, -28.806729], [149.139262, -28.807317], [149.139471, -28.808051], [149.13871, -28.808317], [149.138552, -28.808658], [149.140277, -28.810314], [149.139595, -28.810848], [149.139775, -28.811533], [149.139587, -28.812231], [149.138348, -28.812117], [149.138202, -28.812508], [149.139212, -28.813459], [149.140353, -28.813671], [149.140525, -28.814195], [149.138919, -28.815687], [149.139244, -28.81598], [149.140731, -28.816228], [149.140876, -28.815053], [149.141863, -28.815055], [149.142824, -28.817497], [149.142151, -28.819072], [149.143016, -28.81907], [149.144222, -28.818227], [149.144549, -28.818925], [149.143281, -28.821168], [149.141651, -28.820436], [149.140281, -28.821966], [149.140886, -28.822417], [149.143177, -28.821751], [149.14352, -28.822339], [149.142617, -28.823346], [149.142561, -28.824169], [149.14106, -28.824232], [149.138532, -28.825644], [149.139304, -28.826785], [149.139273, -28.827627], [149.138949, -28.827959], [149.137299, -28.828677], [149.135972, -28.828013], [149.13472, -28.829208], [149.133439, -28.828698], [149.133032, -28.829702], [149.131634, -28.829303], [149.131051, -28.829415], [149.130478, -28.830511], [149.132, -28.831568], [149.131346, -28.832231], [149.130139, -28.8319], [149.129336, -28.832222], [149.128382, -28.831404], [149.12776, -28.831665], [149.127569, -28.832152], [149.128321, -28.834325], [149.127868, -28.835541], [149.125702, -28.834882], [149.125371, -28.833801], [149.124343, -28.833042], [149.122665, -28.834422], [149.122322, -28.834345], [149.12189, -28.833402], [149.122942, -28.833303], [149.12304, -28.832935], [149.12143, -28.83157], [149.120893, -28.832113], [149.120712, -28.832895], [149.118188, -28.83329], [149.11746, -28.832228], [149.119856, -28.830163], [149.119715, -28.82967], [149.119253, -28.829468], [149.118393, -28.829495], [149.115519, -28.831159], [149.114058, -28.830622], [149.113397, -28.83], [149.11184, -28.830019], [149.111006, -28.830882], [149.111102, -28.831202], [149.111647, -28.8316], [149.112349, -28.830785], [149.112908, -28.830833], [149.11319, -28.832035], [149.112405, -28.832813], [149.111929, -28.834268], [149.111633, -28.834491], [149.11104, -28.83437], [149.110854, -28.833278], [149.110103, -28.833712], [149.109029, -28.833181], [149.105487, -28.836803], [149.103214, -28.838583], [149.102415, -28.837273], [149.103172, -28.836549], [149.103131, -28.835487], [149.103393, -28.834947], [149.102814, -28.833531], [149.10101, -28.83239], [149.099346, -28.834224], [149.09879, -28.833686], [149.097993, -28.832029], [149.096777, -28.831554], [149.096087, -28.832337], [149.09643, -28.833372], [149.096282, -28.834327], [149.095472, -28.834355], [149.094855, -28.833827], [149.09375, -28.833478], [149.092234, -28.834488], [149.090226, -28.83719], [149.088565, -28.837459], [149.086869, -28.838373], [149.086092, -28.840615], [149.086415, -28.841593], [149.08611, -28.841992], [149.082338, -28.843126], [149.081653, -28.842768], [149.081159, -28.841936], [149.080637, -28.841904], [149.080055, -28.843825], [149.081181, -28.846342], [149.081185, -28.846941], [149.079399, -28.849993], [149.079504, -28.851026], [149.07912, -28.851539], [149.079639, -28.852516], [149.079432, -28.856381], [149.079747, -28.857131], [149.08028, -28.857451], [149.080007, -28.8582], [149.078874, -28.858998], [149.078361, -28.859097], [149.077328, -28.858598], [149.075327, -28.859238], [149.074995, -28.860621], [149.074112, -28.860774], [149.073536, -28.861581], [149.073412, -28.862854], [149.072307, -28.86384], [149.072096, -28.864523], [149.072349, -28.864795], [149.072419, -28.866034], [149.071936, -28.867374], [149.070137, -28.870204], [149.070658, -28.87162], [149.069487, -28.872611], [149.068463, -28.873058], [149.066626, -28.87253], [149.065073, -28.876167], [149.063552, -28.878465], [149.062775, -28.878731], [149.061025, -28.878527], [149.059047, -28.879451], [149.056496, -28.881913], [149.054985, -28.884436], [149.054517, -28.88585], [149.05482, -28.886411], [149.056809, -28.887122], [149.057432, -28.886878], [149.058296, -28.885993], [149.05903, -28.885801], [149.059593, -28.886008], [149.060126, -28.886709], [149.060308, -28.887514], [149.061025, -28.887794], [149.063385, -28.886989], [149.063712, -28.887261], [149.063695, -28.88844], [149.064036, -28.88911], [149.063753, -28.88958], [149.061039, -28.889978], [149.059251, -28.891948], [149.058631, -28.892279], [149.057663, -28.893609], [149.057697, -28.893857], [149.058986, -28.894433], [149.059981, -28.893996], [149.060619, -28.894373], [149.059998, -28.895645], [149.058655, -28.896929], [149.058321, -28.898085], [149.057711, -28.898803], [149.056151, -28.899795], [149.055713, -28.901394], [149.05583, -28.902259], [149.057835, -28.903957], [149.057649, -28.904717], [149.056881, -28.905736], [149.058665, -28.907844], [149.058438, -28.910956], [149.057022, -28.911894], [149.055189, -28.91168], [149.052165, -28.915342], [149.050801, -28.917693], [149.050112, -28.917527], [149.049384, -28.9163], [149.048538, -28.916191], [149.047539, -28.917836], [149.04752, -28.919855], [149.047124, -28.920078], [149.046111, -28.919892], [149.044985, -28.920559], [149.045119, -28.921151], [149.046423, -28.921375], [149.047452, -28.922097], [149.046976, -28.923584], [149.047266, -28.924553], [149.046623, -28.925484], [149.043469, -28.926403], [149.042619, -28.926895], [149.04319, -28.928304], [149.042955, -28.9289], [149.043339, -28.929983], [149.042314, -28.931363], [149.042947, -28.931642], [149.045088, -28.931168], [149.045569, -28.931472], [149.04573, -28.932237], [149.045171, -28.933669], [149.045627, -28.93458], [149.044923, -28.934936], [149.043852, -28.934468], [149.043456, -28.934568], [149.043713, -28.936073], [149.042498, -28.937265], [149.043569, -28.938127], [149.043021, -28.939454], [149.042267, -28.939612], [149.039081, -28.93877], [149.038472, -28.939076], [149.038746, -28.939762], [149.039792, -28.940182], [149.039685, -28.940652], [149.038867, -28.940881], [149.040093, -28.941884], [149.040125, -28.942373], [149.037843, -28.943604], [149.036582, -28.943765], [149.036185, -28.944132], [149.036115, -28.945054], [149.034632, -28.945531], [149.034324, -28.946312], [149.034354, -28.947591], [149.034844, -28.948067], [149.035987, -28.948241], [149.036163, -28.948657], [149.03445, -28.951017], [149.033175, -28.951648], [149.033286, -28.952139], [149.034327, -28.952306], [149.03454, -28.95284], [149.03304, -28.954011], [149.032787, -28.955379], [149.031888, -28.956577], [149.031118, -28.957189], [149.03005, -28.957192], [149.029654, -28.955426], [149.027776, -28.954507], [149.023898, -28.956014], [149.02278, -28.956891], [149.021083, -28.957048], [149.019929, -28.95822], [149.020163, -28.959233], [149.019464, -28.959366], [149.017738, -28.958182], [149.017535, -28.957039], [149.016843, -28.956507], [149.016033, -28.956587], [149.015454, -28.957569], [149.014304, -28.957669], [149.01343, -28.957372], [149.012836, -28.956171], [149.012113, -28.955489], [149.011172, -28.955643], [149.008039, -28.957726], [149.008048, -28.958051], [149.008771, -28.958532], [149.010223, -28.958143], [149.011775, -28.958277], [149.010781, -28.96], [149.010104, -28.960312], [149.009271, -28.959803], [149.006728, -28.959754], [149.004724, -28.960598], [149.004369, -28.961191], [149.004326, -28.962297], [149.00543, -28.964458], [149.004049, -28.967277], [149.002227, -28.968917], [149.00091, -28.96948], [148.99988, -28.969507], [148.999702, -28.970873], [148.998407, -28.971546], [148.997122, -28.972755], [148.995393, -28.972764], [148.992942, -28.97159], [148.991225, -28.971376], [148.990403, -28.972001], [148.990514, -28.973282], [148.990089, -28.974292], [148.991155, -28.975266], [148.990713, -28.975924], [148.989023, -28.975811], [148.98765, -28.974933], [148.987234, -28.974366], [148.986495, -28.97412], [148.985481, -28.974454], [148.984817, -28.975722], [148.983863, -28.976575], [148.982762, -28.976674], [148.982228, -28.975796], [148.981167, -28.975335], [148.979163, -28.975829], [148.977976, -28.975473], [148.976991, -28.976163], [148.975754, -28.976501], [148.974466, -28.978698], [148.973349, -28.978825], [148.972657, -28.978364], [148.971717, -28.978289], [148.971345, -28.978697], [148.971394, -28.980007], [148.970547, -28.982347], [148.970866, -28.983085], [148.971372, -28.983451], [148.971112, -28.985328], [148.97047, -28.98586], [148.96906, -28.986205], [148.966443, -28.985624], [148.965996, -28.985851], [148.966062, -28.986406], [148.966477, -28.986758], [148.968146, -28.987221], [148.969026, -28.988031], [148.968804, -28.988539], [148.967237, -28.989719], [148.967368, -28.991209], [148.966788, -28.99148], [148.965317, -28.991105], [148.963409, -28.991687], [148.963506, -28.99199], [148.965513, -28.993105], [148.965576, -28.993643], [148.963995, -28.99484], [148.96322, -28.99631], [148.962029, -28.996653], [148.960908, -28.997565], [148.958968, -28.997899], [148.958088, -28.999064], [146.315977, -28.999136], [146.228176, -28.999091], [146.199194, -28.998691], [145.732044, -28.998505], [145.71753, -28.999088], [145.556427, -28.999134], [143.798242, -28.999163], [143.415875, -28.9989], [143.393473, -28.999082], [140.999272, -28.999087]]}}